transaction_id,date,city,channel,category,product,quantity,unit_price,discount_rate,revenue,cost,profit
BM-10001,2025-01-01,Addis Ababa,Store,Beauty,Makeup Kit,2,71.64598825368464,0.05,136.1273776820008,70,66.1273776820008
BM-10002,2025-01-01,Dubai,Online,Home,Vacuum Cleaner,2,149.93699565935893,0.08,275.8840720132204,160,115.88407201322042
BM-10003,2025-01-01,Dubai,Online,Beauty,Face Cream,2,24.676344724180822,0.02,48.365635659394414,20,28.365635659394414
BM-10004,2025-01-01,Nairobi,Store,Beauty,Face Cream,1,24.527070180784364,0.02,24.036528777168677,10,14.036528777168677
BM-10005,2025-01-01,Bahir Dar,Online,Fashion,Jeans,4,49.806838147414,0.05,189.26598496017317,100,89.26598496017317
BM-10006,2025-01-01,Nairobi,Store,Home,Storage Box,1,15.154774729348496,0.02,14.851679234761527,6,8.851679234761527
BM-10007,2025-01-01,Dubai,Online,Home,Storage Box,1,14.694835226907045,0.02,14.400938522368904,6,8.400938522368904
BM-10008,2025-01-01,Nairobi,Online,Beauty,Perfume,1,53.86633832842455,0.05,51.173021412003315,28,23.173021412003315
BM-10009,2025-01-02,Bahir Dar,Store,Electronics,Laptop,2,1216.2946280491558,0.1,2189.3303304884803,1000,1189.3303304884803
BM-10010,2025-01-02,Addis Ababa,Online,Beauty,Shampoo,1,11.239642913935752,0.02,11.014850055657037,4,7.014850055657037
BM-10011,2025-01-02,Nairobi,Store,Beauty,Face Cream,2,24.378772935503125,0.02,47.78239495358613,20,27.782394953586127
BM-10012,2025-01-02,Addis Ababa,Store,Fashion,Sneakers,1,64.55289384175664,0.05,61.32524914966881,37,24.325249149668807
BM-10013,2025-01-02,Nairobi,Online,Fashion,Sneakers,1,64.45581182627312,0.05,61.23302123495946,37,24.23302123495946
BM-10014,2025-01-02,Dubai,Online,Electronics,Tablet,1,198.2563746387578,0.08,182.39586466765718,120,62.39586466765718
BM-10015,2025-01-02,Addis Ababa,Online,Home,Water Bottle,2,11.660013835798956,0.02,22.853627118165953,8,14.853627118165953
BM-10016,2025-01-02,Bahir Dar,Store,Beauty,Shampoo,2,10.882505522257453,0.02,21.32971082362461,8,13.329710823624609
BM-10017,2025-01-02,Addis Ababa,Online,Home,Water Bottle,2,11.801422217680004,0.02,23.130787546652808,8,15.130787546652808
BM-10018,2025-01-03,Addis Ababa,Store,Fashion,Jeans,1,50.0156176484096,0.05,47.514836765989116,25,22.514836765989116
BM-10019,2025-01-03,Nairobi,Online,Home,Water Bottle,1,11.873010506386754,0.02,11.635550296259018,4,7.635550296259018
BM-10020,2025-01-03,Bahir Dar,Store,Home,Coffee Maker,1,87.75619463789667,0.05,83.36838490600184,45,38.368384906001836
BM-10021,2025-01-03,Nairobi,Online,Electronics,Tablet,4,198.21868014469285,0.08,729.4447429324697,480,249.4447429324697
BM-10022,2025-01-03,Dubai,Online,Home,Vacuum Cleaner,1,148.72862596537288,0.08,136.83033588814305,80,56.830335888143054
BM-10023,2025-01-03,Bahir Dar,Store,Home,Vacuum Cleaner,1,147.77193766613703,0.08,135.95018265284608,80,55.95018265284608
BM-10024,2025-01-03,Dubai,Store,Home,Water Bottle,1,12.006555643657034,0.02,11.766424530783894,4,7.766424530783894
BM-10025,2025-01-03,Dubai,Online,Fashion,Jeans,1,50.27499585496471,0.05,47.76124606221647,25,22.761246062216472
BM-10026,2025-01-03,Addis Ababa,Store,Electronics,Bluetooth Speaker,1,58.21685541851573,0.05,55.30601264758994,35,20.306012647589938
BM-10027,2025-01-03,Addis Ababa,Store,Electronics,Smartphone,1,609.5272642022161,0.1,548.5745377819945,350,198.57453778199454
BM-10028,2025-01-03,Dubai,Online,Fashion,Sneakers,2,66.36195567282837,0.05,126.0877157783739,74,52.087715778373905
BM-10029,2025-01-03,Addis Ababa,Online,Home,Water Bottle,1,11.360386115780607,0.02,11.133178393464995,4,7.133178393464995
BM-10030,2025-01-03,Bahir Dar,Store,Beauty,Perfume,1,54.80641253117747,0.05,52.066091904618595,28,24.066091904618595
BM-10031,2025-01-03,Nairobi,Online,Fashion,Sneakers,1,62.27864021485542,0.05,59.16470820411265,37,22.16470820411265
BM-10032,2025-01-03,Addis Ababa,Store,Electronics,Smart Watch,2,80.26054904294577,0.05,152.49504318159694,96,56.49504318159694
BM-10033,2025-01-04,Bahir Dar,Store,Electronics,Smart Watch,1,84.25693946487033,0.05,80.04409249162681,48,32.04409249162681
BM-10034,2025-01-04,Dubai,Online,Electronics,Smartphone,3,605.7742644915879,0.1,1635.5905141272874,1050,585.5905141272874
BM-10035,2025-01-04,Dubai,Store,Home,Coffee Maker,1,88.97628716923325,0.05,84.52747281077158,45,39.527472810771584
BM-10036,2025-01-04,Bahir Dar,Online,Beauty,Face Cream,2,24.095994968144065,0.02,47.228150137562366,20,27.228150137562366
BM-10037,2025-01-04,Dubai,Online,Beauty,Perfume,2,54.434975057603616,0.05,103.42645260944687,56,47.42645260944687
BM-10038,2025-01-04,Addis Ababa,Online,Home,Vacuum Cleaner,1,145.40824113104813,0.08,133.77558184056429,80,53.775581840564286
BM-10039,2025-01-04,Dubai,Store,Fashion,T-Shirt,1,19.808406339432004,0.02,19.412238212643363,8,11.412238212643363
BM-10040,2025-01-04,Hawassa,Online,Beauty,Face Cream,1,24.385996076813427,0.02,23.89827615527716,10,13.89827615527716
BM-10041,2025-01-04,Addis Ababa,Store,Electronics,Tablet,1,207.0374093065686,0.08,190.47441656204313,120,70.47441656204313
BM-10042,2025-01-04,Dubai,Online,Electronics,Smartphone,1,587.351545945607,0.1,528.6163913510463,350,178.61639135104633
BM-10043,2025-01-04,Addis Ababa,Online,Electronics,Smartphone,2,580.1041092339066,0.1,1044.187396621032,700,344.1873966210319
BM-10044,2025-01-04,Dubai,Store,Beauty,Perfume,1,54.549449495252304,0.05,51.82197702048968,28,23.821977020489683
BM-10045,2025-01-04,Addis Ababa,Online,Beauty,Shampoo,1,10.808615781790557,0.02,10.592443466154746,4,6.592443466154746
BM-10046,2025-01-04,Dubai,Store,Beauty,Face Cream,1,24.05429386897672,0.02,23.573207991597187,10,13.573207991597187
BM-10047,2025-01-04,Dubai,Store,Fashion,T-Shirt,3,19.856308319225413,0.02,58.377546458522716,24,34.377546458522716
BM-10048,2025-01-04,Bahir Dar,Online,Fashion,Jacket,1,88.35956136507689,0.05,83.94158329682304,45,38.94158329682304
BM-10049,2025-01-04,Dubai,Online,Electronics,Phone Charger,2,17.761752257685266,0.02,34.81303442506312,14,20.813034425063123
BM-10050,2025-01-04,Addis Ababa,Online,Fashion,T-Shirt,3,19.266477377304504,0.02,56.64344348927524,24,32.64344348927524
BM-10051,2025-01-04,Addis Ababa,Store,Fashion,Jacket,2,96.53640113079092,0.05,183.41916214850275,90,93.41916214850275
BM-10052,2025-01-05,Bahir Dar,Online,Electronics,Smart Watch,1,79.50944430811577,0.05,75.53397209270999,48,27.533972092709988
BM-10053,2025-01-05,Addis Ababa,Online,Beauty,Face Cream,1,23.175062514978013,0.02,22.71156126467845,10,12.711561264678451
BM-10054,2025-01-05,Nairobi,Online,Home,Desk Lamp,1,30.353653891908856,0.05,28.835971197313413,14,14.835971197313413
BM-10055,2025-01-05,Bahir Dar,Online,Electronics,Laptop,1,1200.0025317927425,0.1,1080.0022786134682,500,580.0022786134682
BM-10056,2025-01-05,Dubai,Online,Home,Water Bottle,1,12.62795049267918,0.02,12.375391482825595,4,8.375391482825595
BM-10057,2025-01-05,Addis Ababa,Store,Electronics,Smart Watch,1,80.52231543381632,0.05,76.49619966212549,48,28.49619966212549
BM-10058,2025-01-05,Bahir Dar,Store,Electronics,Wireless Earbuds,3,43.03734076465403,0.05,122.65642117926399,75,47.65642117926399
BM-10059,2025-01-05,Nairobi,Store,Electronics,Smart Watch,2,80.52743440871303,0.05,153.00212537655474,96,57.002125376554744
BM-10060,2025-01-05,Bahir Dar,Online,Beauty,Makeup Kit,1,70.26698439617932,0.05,66.75363517637035,35,31.753635176370352
BM-10061,2025-01-05,Addis Ababa,Online,Electronics,Laptop,2,1208.879819690613,0.1,2175.9836754431035,1000,1175.9836754431035
BM-10062,2025-01-05,Dubai,Online,Home,Desk Lamp,1,28.849603946312897,0.05,27.40712374899725,14,13.40712374899725
BM-10063,2025-01-05,Hawassa,Store,Home,Water Bottle,2,11.899663148293238,0.02,23.323339770654744,8,15.323339770654744
BM-10064,2025-01-05,Bahir Dar,Store,Home,Coffee Maker,1,90.98794502759155,0.05,86.43854777621196,45,41.43854777621196
BM-10065,2025-01-05,Addis Ababa,Store,Home,Storage Box,1,15.024954680947204,0.02,14.72445558732826,6,8.72445558732826
BM-10066,2025-01-05,Dubai,Online,Beauty,Face Cream,2,23.885609365496904,0.02,46.815794356373935,20,26.815794356373935
BM-10067,2025-01-05,Addis Ababa,Store,Electronics,Bluetooth Speaker,1,57.64193961652013,0.05,54.75984263569413,35,19.759842635694127
BM-10068,2025-01-05,Bahir Dar,Store,Fashion,T-Shirt,1,20.318766905448847,0.02,19.91239156733987,8,11.91239156733987
BM-10069,2025-01-06,Dubai,Online,Electronics,Smart Watch,1,78.65771944520684,0.05,74.72483347294649,48,26.724833472946486
BM-10070,2025-01-06,Dubai,Store,Electronics,Tablet,1,188.54355245700953,0.08,173.46006826044876,120,53.460068260448764
BM-10071,2025-01-06,Hawassa,Online,Beauty,Makeup Kit,1,66.3893330155917,0.05,63.069866364812114,35,28.069866364812114
BM-10072,2025-01-06,Dubai,Store,Beauty,Face Cream,1,24.221013967620397,0.02,23.736593688267988,10,13.736593688267988
BM-10073,2025-01-06,Bahir Dar,Online,Electronics,Bluetooth Speaker,1,60.34931703020575,0.05,57.33185117869546,35,22.33185117869546
BM-10074,2025-01-06,Addis Ababa,Store,Beauty,Shampoo,1,10.958056303575601,0.02,10.738895177504089,4,6.738895177504089
BM-10075,2025-01-06,Dubai,Store,Fashion,Sneakers,1,67.40736526494584,0.05,64.03699700169854,37,27.036997001698538
BM-10076,2025-01-06,Hawassa,Store,Home,Vacuum Cleaner,1,150.04284770835247,0.08,138.03941989168428,80,58.039419891684275
BM-10077,2025-01-06,Nairobi,Online,Beauty,Hair Dryer,1,42.32765310034608,0.05,40.21127044532878,20,20.21127044532878
BM-10078,2025-01-06,Dubai,Store,Home,Water Bottle,2,12.03236413330291,0.02,23.5834337012737,8,15.583433701273702
BM-10079,2025-01-06,Addis Ababa,Store,Home,Storage Box,1,14.702198891240467,0.02,14.408154913415657,6,8.408154913415657
BM-10080,2025-01-06,Bahir Dar,Online,Fashion,Jeans,1,47.1123707042092,0.05,44.75675216899874,25,19.756752168998737
BM-10081,2025-01-06,Addis Ababa,Store,Beauty,Hair Dryer,1,40.13824143205868,0.05,38.131329360455744,20,18.131329360455744
BM-10082,2025-01-06,Bahir Dar,Online,Beauty,Face Cream,1,23.892233151701127,0.02,23.414388488667104,10,13.414388488667104
BM-10083,2025-01-06,Addis Ababa,Online,Electronics,Smartphone,2,596.0124181212693,0.1,1072.8223526182849,700,372.82235261828487
BM-10084,2025-01-06,Bahir Dar,Online,Beauty,Makeup Kit,2,67.40617555447507,0.05,128.07173355350264,70,58.07173355350264
BM-10085,2025-01-07,Bahir Dar,Online,Beauty,Hair Dryer,2,41.089217496710795,0.05,78.0695132437505,40,38.06951324375051
BM-10086,2025-01-07,Nairobi,Store,Beauty,Perfume,1,54.865133852553576,0.05,52.121877159925894,28,24.121877159925894
BM-10087,2025-01-07,Addis Ababa,Online,Electronics,Wireless Earbuds,1,43.33439642336436,0.05,41.16767660219614,25,16.16767660219614
BM-10088,2025-01-07,Addis Ababa,Store,Beauty,Face Cream,4,23.170691090773776,0.02,90.8291090758332,40,50.8291090758332
BM-10089,2025-01-07,Addis Ababa,Online,Fashion,T-Shirt,3,19.084547087076235,0.02,56.108568436004134,24,32.108568436004134
BM-10090,2025-01-07,Bahir Dar,Store,Electronics,Laptop,4,1180.3715016993733,0.1,4249.337406117744,2000,2249.3374061177437
BM-10091,2025-01-07,Addis Ababa,Online,Electronics,Smartphone,1,619.8099248329225,0.1,557.8289323496303,350,207.82893234963035
BM-10092,2025-01-07,Addis Ababa,Online,Fashion,Sneakers,2,66.81121272243824,0.05,126.94130417263266,74,52.941304172632655
BM-10093,2025-01-07,Addis Ababa,Online,Fashion,Jeans,1,52.596225661317185,0.05,49.96641437825132,25,24.966414378251322
BM-10094,2025-01-07,Nairobi,Online,Home,Desk Lamp,1,30.24980277946369,0.05,28.737312640490504,14,14.737312640490504
BM-10095,2025-01-07,Addis Ababa,Online,Home,Desk Lamp,1,28.44526242300653,0.05,27.022999301856203,14,13.022999301856203
BM-10096,2025-01-07,Dubai,Online,Home,Storage Box,1,15.414747513715238,0.02,15.106452563440932,6,9.106452563440932
BM-10097,2025-01-07,Addis Ababa,Store,Home,Water Bottle,2,12.055597694824616,0.02,23.628971481856247,8,15.628971481856247
BM-10098,2025-01-07,Dubai,Online,Fashion,Hoodie,1,42.00665601548038,0.05,39.90632321470636,20,19.90632321470636
BM-10099,2025-01-08,Dubai,Online,Beauty,Makeup Kit,3,71.01635991682714,0.05,202.39662576295737,105,97.39662576295737
BM-10100,2025-01-08,Dubai,Online,Home,Vacuum Cleaner,1,146.80673554055338,0.08,135.0621966973091,80,55.062196697309105
BM-10101,2025-01-08,Addis Ababa,Online,Electronics,Wireless Earbuds,2,45.41234783314188,0.05,86.28346088296956,50,36.283460882969564
BM-10102,2025-01-08,Addis Ababa,Store,Home,Desk Lamp,1,28.626445436838658,0.05,27.195123164996723,14,13.195123164996723
BM-10103,2025-01-08,Dubai,Online,Fashion,Jacket,1,92.0141662094363,0.05,87.41345789896448,45,42.41345789896448
BM-10104,2025-01-08,Bahir Dar,Online,Fashion,Hoodie,3,44.54143576285978,0.05,126.94309192415035,60,66.94309192415035
BM-10105,2025-01-08,Nairobi,Online,Beauty,Makeup Kit,2,69.47968411527914,0.05,132.01139981903037,70,62.01139981903037
BM-10106,2025-01-08,Addis Ababa,Store,Fashion,Hoodie,1,42.7017423190134,0.05,40.56665520306272,20,20.566655203062723
BM-10107,2025-01-08,Hawassa,Online,Beauty,Hair Dryer,1,39.11230434428544,0.05,37.15668912707117,20,17.156689127071168
BM-10108,2025-01-08,Nairobi,Online,Fashion,Sneakers,1,67.36444906143991,0.05,63.99622660836791,37,26.996226608367913
BM-10109,2025-01-08,Bahir Dar,Online,Home,Water Bottle,1,11.717663371222512,0.02,11.483310103798061,4,7.483310103798061
BM-10110,2025-01-08,Dubai,Online,Fashion,Hoodie,1,41.43429011650137,0.05,39.3625756106763,20,19.362575610676302
BM-10111,2025-01-08,Nairobi,Store,Electronics,Wireless Earbuds,1,44.07049185034055,0.05,41.866967257823525,25,16.866967257823525
BM-10112,2025-01-09,Dubai,Online,Fashion,Jeans,1,48.739329947571115,0.05,46.30236345019256,25,21.30236345019256
BM-10113,2025-01-09,Bahir Dar,Online,Beauty,Hair Dryer,1,40.296418000808664,0.05,38.28159710076823,20,18.28159710076823
BM-10114,2025-01-09,Addis Ababa,Online,Beauty,Perfume,1,53.580638827955475,0.05,50.9016068865577,28,22.9016068865577
BM-10115,2025-01-09,Bahir Dar,Store,Beauty,Hair Dryer,1,39.929319618347925,0.05,37.932853637430526,20,17.932853637430526
BM-10116,2025-01-09,Addis Ababa,Store,Fashion,Hoodie,1,42.77638330591599,0.05,40.63756414062019,20,20.637564140620192
BM-10117,2025-01-09,Addis Ababa,Online,Electronics,Bluetooth Speaker,1,57.82780911087743,0.05,54.936418655333554,35,19.936418655333554
BM-10118,2025-01-09,Dubai,Online,Home,Desk Lamp,2,28.90888313605666,0.05,54.926877958507646,28,26.926877958507646
BM-10119,2025-01-09,Hawassa,Store,Fashion,Jacket,3,84.57767557695028,0.05,241.04637539430828,135,106.04637539430828
BM-10120,2025-01-09,Dubai,Online,Beauty,Perfume,1,57.746282729778486,0.05,54.85896859328956,28,26.85896859328956
BM-10121,2025-01-09,Addis Ababa,Store,Beauty,Hair Dryer,4,38.777625687460095,0.05,147.35497761234836,80,67.35497761234836
BM-10122,2025-01-09,Addis Ababa,Store,Fashion,Jacket,1,86.28354191659665,0.05,81.96936482076681,45,36.96936482076681
BM-10123,2025-01-09,Hawassa,Online,Fashion,Jacket,4,90.54373436959689,0.05,344.06619060446815,180,164.06619060446815
BM-10124,2025-01-10,Bahir Dar,Store,Electronics,Laptop,1,1181.1723739068925,0.1,1063.0551365162032,500,563.0551365162032
BM-10125,2025-01-10,Addis Ababa,Online,Home,Coffee Maker,1,86.20740603588419,0.05,81.89703573408998,45,36.89703573408998
BM-10126,2025-01-10,Bahir Dar,Store,Beauty,Makeup Kit,2,70.78106375820037,0.05,134.4840211405807,70,64.4840211405807
BM-10127,2025-01-10,Dubai,Store,Home,Coffee Maker,1,88.61855219686598,0.05,84.18762458702267,45,39.18762458702267
BM-10128,2025-01-10,Addis Ababa,Online,Home,Desk Lamp,1,29.53525054940354,0.05,28.05848802193336,14,14.05848802193336
BM-10129,2025-01-10,Bahir Dar,Online,Fashion,Jacket,2,87.65868138184703,0.05,166.55149462550935,90,76.55149462550935
BM-10130,2025-01-10,Dubai,Online,Beauty,Hair Dryer,1,38.06316195937982,0.05,36.16000386141083,20,16.16000386141083
BM-10131,2025-01-10,Addis Ababa,Store,Fashion,Jacket,1,91.30401257057207,0.05,86.73881194204347,45,41.73881194204347
BM-10132,2025-01-10,Dubai,Online,Home,Coffee Maker,4,90.38691074798338,0.05,343.4702608423368,180,163.4702608423368
BM-10133,2025-01-10,Dubai,Online,Electronics,Bluetooth Speaker,4,58.09382686827812,0.05,220.75654209945685,140,80.75654209945685
BM-10134,2025-01-10,Dubai,Online,Home,Coffee Maker,1,89.60811134893885,0.05,85.1277057814919,45,40.1277057814919
BM-10135,2025-01-10,Nairobi,Online,Home,Storage Box,1,14.674107282050707,0.02,14.380625136409693,6,8.380625136409693
BM-10136,2025-01-11,Addis Ababa,Store,Beauty,Hair Dryer,2,39.09757690520749,0.05,74.28539611989423,40,34.28539611989423
BM-10137,2025-01-11,Dubai,Store,Home,Storage Box,1,15.180775063322073,0.02,14.877159562055631,6,8.877159562055631
BM-10138,2025-01-11,Addis Ababa,Online,Electronics,Bluetooth Speaker,2,58.92918776394528,0.05,111.96545675149602,70,41.96545675149602
BM-10139,2025-01-11,Dubai,Store,Electronics,Smart Watch,3,80.77020623879548,0.05,230.19508778056712,144,86.19508778056712
BM-10140,2025-01-11,Hawassa,Store,Fashion,Jeans,1,50.7813565015602,0.05,48.24228867648218,25,23.242288676482183
BM-10141,2025-01-11,Addis Ababa,Online,Home,Coffee Maker,3,89.02033318587608,0.05,253.7079495797468,135,118.70794957974681
BM-10142,2025-01-11,Dubai,Online,Home,Desk Lamp,2,29.681419704155182,0.05,56.39469743789484,28,28.39469743789484
BM-10143,2025-01-11,Addis Ababa,Online,Electronics,Wireless Earbuds,3,44.069956822218494,0.05,125.5993769433227,75,50.599376943322696
BM-10144,2025-01-11,Addis Ababa,Online,Fashion,T-Shirt,1,19.899447672740585,0.02,19.501458719285772,8,11.501458719285772
BM-10145,2025-01-11,Nairobi,Online,Beauty,Face Cream,1,24.629504172864806,0.02,24.136914089407508,10,14.136914089407508
BM-10146,2025-01-11,Addis Ababa,Online,Beauty,Shampoo,1,11.178058289945104,0.02,10.954497124146203,4,6.954497124146203
BM-10147,2025-01-11,Dubai,Online,Home,Coffee Maker,1,89.5259474676829,0.05,85.04965009429876,45,40.049650094298755
BM-10148,2025-01-11,Addis Ababa,Online,Home,Water Bottle,2,11.693315915505801,0.02,22.91889919439137,8,14.918899194391368
BM-10149,2025-01-11,Addis Ababa,Online,Fashion,Hoodie,1,41.03096923600997,0.05,38.97942077420947,20,18.979420774209473
BM-10150,2025-01-11,Nairobi,Online,Electronics,Smartphone,1,583.2069618709421,0.1,524.8862656838479,350,174.8862656838479
BM-10151,2025-01-12,Addis Ababa,Online,Home,Desk Lamp,3,30.11858931367883,0.05,85.83797954398466,42,43.83797954398466
BM-10152,2025-01-12,Dubai,Store,Electronics,Wireless Earbuds,2,46.126963572357944,0.05,87.64123078748008,50,37.64123078748008
BM-10153,2025-01-12,Dubai,Online,Fashion,Jacket,1,92.09438600928868,0.05,87.48966670882425,45,42.489666708824245
BM-10154,2025-01-12,Bahir Dar,Online,Beauty,Makeup Kit,2,70.02003976042364,0.05,133.0380755448049,70,63.03807554480491
BM-10155,2025-01-12,Bahir Dar,Online,Beauty,Makeup Kit,4,71.988085196222,0.05,273.55472374564357,140,133.55472374564357
BM-10156,2025-01-12,Dubai,Online,Fashion,Jeans,2,51.56208158380472,0.05,97.96795500922896,50,47.96795500922896
BM-10157,2025-01-12,Addis Ababa,Online,Beauty,Face Cream,1,22.92983332217149,0.02,22.47123665572806,10,12.47123665572806
BM-10158,2025-01-12,Addis Ababa,Store,Fashion,Jeans,2,52.161244176107125,0.05,99.10636393460354,50,49.106363934603536
BM-10159,2025-01-12,Nairobi,Online,Electronics,Bluetooth Speaker,1,60.304195915346675,0.05,57.28898611957934,35,22.28898611957934
BM-10160,2025-01-12,Addis Ababa,Store,Beauty,Perfume,4,54.92960397125218,0.05,208.73249509075828,112,96.73249509075828
BM-10161,2025-01-12,Bahir Dar,Online,Fashion,Sneakers,1,65.40427937842676,0.05,62.134065409505425,37,25.134065409505425
BM-10162,2025-01-12,Dubai,Online,Electronics,Bluetooth Speaker,1,58.880852615021226,0.05,55.93680998427016,35,20.936809984270162
BM-10163,2025-01-12,Dubai,Online,Home,Vacuum Cleaner,2,149.53993260939328,0.08,275.15347600128365,160,115.15347600128365
BM-10164,2025-01-12,Dubai,Online,Beauty,Hair Dryer,1,39.154954672030854,0.05,37.19720693842931,20,17.19720693842931
BM-10165,2025-01-12,Nairobi,Store,Beauty,Makeup Kit,2,71.92496438809864,0.05,136.6574323373874,70,66.6574323373874
BM-10166,2025-01-13,Dubai,Online,Home,Coffee Maker,1,88.69973825682527,0.05,84.264751343984,45,39.264751343984
BM-10167,2025-01-13,Nairobi,Online,Fashion,Jacket,3,89.09551669470929,0.05,253.92222257992142,135,118.92222257992142
BM-10168,2025-01-13,Bahir Dar,Store,Electronics,Phone Charger,1,18.646999622962408,0.02,18.27405963050316,7,11.27405963050316
BM-10169,2025-01-13,Bahir Dar,Online,Beauty,Shampoo,1,10.48799258285831,0.02,10.278232731201143,4,6.278232731201143
BM-10170,2025-01-13,Bahir Dar,Online,Electronics,Phone Charger,2,16.797224505103678,0.02,32.92256003000321,14,18.92256003000321
BM-10171,2025-01-13,Bahir Dar,Online,Fashion,Sneakers,3,63.77655063450349,0.05,181.76316930833494,111,70.76316930833494
BM-10172,2025-01-13,Hawassa,Online,Electronics,Wireless Earbuds,2,44.62206837182983,0.05,84.78192990647668,50,34.78192990647668
BM-10173,2025-01-13,Addis Ababa,Store,Electronics,Laptop,3,1203.9317347813844,0.1,3250.615683909738,1500,1750.615683909738
BM-10174,2025-01-13,Hawassa,Online,Fashion,Sneakers,1,66.57462153919828,0.05,63.24589046223836,37,26.245890462238357
BM-10175,2025-01-14,Addis Ababa,Online,Electronics,Smart Watch,1,80.55715182902361,0.05,76.52929423757243,48,28.52929423757243
BM-10176,2025-01-14,Addis Ababa,Online,Home,Vacuum Cleaner,1,152.49964750728574,0.08,140.29967570670289,80,60.299675706702885
BM-10177,2025-01-14,Addis Ababa,Online,Home,Vacuum Cleaner,3,147.39935188285395,0.08,406.82221119667696,240,166.82221119667696
BM-10178,2025-01-14,Addis Ababa,Online,Home,Water Bottle,1,11.986023818898198,0.02,11.746303342520234,4,7.746303342520234
BM-10179,2025-01-14,Addis Ababa,Online,Electronics,Smartphone,2,571.6208062003213,0.1,1028.9174511605784,700,328.91745116057837
BM-10180,2025-01-14,Bahir Dar,Store,Electronics,Phone Charger,2,17.9874078945614,0.02,35.25531947334034,14,21.255319473340343
BM-10181,2025-01-14,Addis Ababa,Online,Fashion,Jacket,3,87.5400213197534,0.05,249.48906076129714,135,114.48906076129714
BM-10182,2025-01-14,Dubai,Online,Electronics,Tablet,1,191.4800356869481,0.08,176.16163283199225,120,56.16163283199225
BM-10183,2025-01-14,Bahir Dar,Store,Fashion,T-Shirt,1,19.844126834588774,0.02,19.447244297896997,8,11.447244297896997
BM-10184,2025-01-14,Dubai,Store,Fashion,Jeans,1,48.080447412592356,0.05,45.67642504196274,25,20.676425041962737
BM-10185,2025-01-14,Addis Ababa,Store,Electronics,Laptop,1,1181.3337766411585,0.1,1063.2003989770426,500,563.2003989770426
BM-10186,2025-01-14,Addis Ababa,Online,Fashion,T-Shirt,1,19.461877399840617,0.02,19.072639851843803,8,11.072639851843803
BM-10187,2025-01-14,Bahir Dar,Store,Electronics,Tablet,1,204.937025725232,0.08,188.54206366721343,120,68.54206366721343
BM-10188,2025-01-15,Addis Ababa,Store,Home,Water Bottle,1,11.435760471607782,0.02,11.207045262175626,4,7.207045262175626
BM-10189,2025-01-15,Dubai,Online,Fashion,T-Shirt,2,19.916921079025133,0.02,39.03716531488926,16,23.037165314889258
BM-10190,2025-01-15,Addis Ababa,Store,Beauty,Shampoo,1,11.02082115418813,0.02,10.800404731104368,4,6.8004047311043685
BM-10191,2025-01-15,Dubai,Online,Fashion,T-Shirt,3,20.154810040954587,0.02,59.25514152040648,24,35.25514152040648
BM-10192,2025-01-15,Bahir Dar,Online,Home,Desk Lamp,1,30.64947647881287,0.05,29.117002654872223,14,15.117002654872223
BM-10193,2025-01-15,Dubai,Online,Home,Coffee Maker,1,90.6510581031535,0.05,86.11850519799583,45,41.11850519799583
BM-10194,2025-01-15,Dubai,Online,Fashion,Jacket,2,81.79107114326673,0.05,155.40303517220678,90,65.40303517220678
BM-10195,2025-01-15,Addis Ababa,Store,Beauty,Hair Dryer,1,39.287897958121064,0.05,37.32350306021501,20,17.32350306021501
BM-10196,2025-01-15,Addis Ababa,Store,Beauty,Makeup Kit,2,70.71406330954221,0.05,134.3567202881302,70,64.35672028813019
BM-10197,2025-01-15,Hawassa,Online,Fashion,Sneakers,2,64.94213255369111,0.05,123.3900518520131,74,49.3900518520131
BM-10198,2025-01-15,Addis Ababa,Store,Home,Coffee Maker,1,90.07787671691683,0.05,85.57398288107099,45,40.57398288107099
BM-10199,2025-01-15,Nairobi,Online,Electronics,Tablet,3,195.0014388566531,0.08,538.2039712443626,360,178.2039712443626
BM-10200,2025-01-15,Hawassa,Online,Home,Storage Box,1,15.166429766018664,0.02,14.863101170698291,6,8.863101170698291
BM-10201,2025-01-15,Addis Ababa,Online,Fashion,Sneakers,2,65.60837798402268,0.05,124.65591816964309,74,50.65591816964309
BM-10202,2025-01-15,Dubai,Store,Electronics,Phone Charger,2,18.27194057901247,0.02,35.813003534864436,14,21.813003534864436
BM-10203,2025-01-16,Nairobi,Online,Electronics,Phone Charger,3,18.807466524570163,0.02,55.29395158223628,21,34.29395158223628
BM-10204,2025-01-16,Bahir Dar,Online,Beauty,Perfume,2,55.16661968028676,0.05,104.81657739254483,56,48.81657739254483
BM-10205,2025-01-16,Dubai,Online,Electronics,Bluetooth Speaker,1,59.37829040124621,0.05,56.4093758811839,35,21.409375881183898
BM-10206,2025-01-16,Nairobi,Online,Beauty,Face Cream,2,23.775095122261433,0.02,46.59918643963241,20,26.599186439632412
BM-10207,2025-01-16,Bahir Dar,Online,Beauty,Shampoo,1,10.862295195466848,0.02,10.64504929155751,4,6.645049291557511
BM-10208,2025-01-16,Addis Ababa,Online,Beauty,Makeup Kit,1,69.52076161529408,0.05,66.04472353452937,35,31.044723534529368
BM-10209,2025-01-16,Dubai,Store,Home,Vacuum Cleaner,3,151.5368567149826,0.08,418.241724533352,240,178.241724533352
BM-10210,2025-01-16,Dubai,Online,Beauty,Hair Dryer,2,40.0360599267978,0.05,76.06851386091581,40,36.068513860915814
BM-10211,2025-01-16,Addis Ababa,Online,Fashion,Jacket,1,88.87418757585698,0.05,84.43047819706413,45,39.43047819706413
BM-10212,2025-01-16,Hawassa,Store,Fashion,Jacket,2,88.7450144715238,0.05,168.6155274958952,90,78.61552749589521
BM-10213,2025-01-16,Nairobi,Online,Home,Storage Box,1,15.261962379514314,0.02,14.956723131924027,6,8.956723131924027
BM-10214,2025-01-16,Bahir Dar,Store,Beauty,Shampoo,3,11.149213477405288,0.02,32.77868762357154,12,20.778687623571543
BM-10215,2025-01-16,Dubai,Online,Electronics,Laptop,2,1203.2894326372202,0.1,2165.9209787469963,1000,1165.9209787469963
BM-10216,2025-01-16,Addis Ababa,Store,Fashion,Hoodie,2,42.43173051391676,0.05,80.62028797644184,40,40.620287976441844
BM-10217,2025-01-16,Bahir Dar,Online,Home,Water Bottle,1,11.863058656732584,0.02,11.625797483597932,4,7.625797483597932
BM-10218,2025-01-16,Bahir Dar,Online,Home,Desk Lamp,1,30.34126779026064,0.05,28.824204400747607,14,14.824204400747607
BM-10219,2025-01-17,Addis Ababa,Online,Beauty,Makeup Kit,1,67.21261004548732,0.05,63.851979543212956,35,28.851979543212956
BM-10220,2025-01-17,Hawassa,Online,Electronics,Wireless Earbuds,2,44.340091779295236,0.05,84.24617438066095,50,34.246174380660946
BM-10221,2025-01-17,Bahir Dar,Store,Home,Coffee Maker,2,90.13931208827991,0.05,171.2646929677318,90,81.2646929677318
BM-10222,2025-01-17,Dubai,Online,Electronics,Tablet,2,203.26622441640612,0.08,374.00985292618725,240,134.00985292618725
BM-10223,2025-01-17,Hawassa,Store,Electronics,Smart Watch,2,80.3607278860528,0.05,152.68538298350032,96,56.68538298350032
BM-10224,2025-01-17,Hawassa,Online,Fashion,T-Shirt,1,20.247278327661427,0.02,19.842332761108196,8,11.842332761108196
BM-10225,2025-01-17,Nairobi,Online,Fashion,Hoodie,1,42.62826439942863,0.05,40.496851179457195,20,20.496851179457195
BM-10226,2025-01-17,Dubai,Online,Home,Storage Box,2,14.702025204328104,0.02,28.815969400483084,12,16.815969400483084
BM-10227,2025-01-17,Bahir Dar,Online,Beauty,Shampoo,2,10.68313156864889,0.02,20.938937874551822,8,12.938937874551822
BM-10228,2025-01-17,Dubai,Online,Fashion,Sneakers,1,64.4129355593694,0.05,61.192288781400926,37,24.192288781400926
BM-10229,2025-01-17,Bahir Dar,Online,Beauty,Perfume,1,53.96900665985879,0.05,51.27055632686585,28,23.27055632686585
BM-10230,2025-01-17,Addis Ababa,Store,Electronics,Phone Charger,2,17.955699298961456,0.02,35.193170625964456,14,21.193170625964456
BM-10231,2025-01-17,Addis Ababa,Online,Fashion,Hoodie,1,41.279854690014524,0.05,39.215861955513795,20,19.215861955513795
BM-10232,2025-01-17,Dubai,Store,Beauty,Perfume,1,55.051188275079674,0.05,52.29862886132569,28,24.29862886132569
BM-10233,2025-01-18,Nairobi,Online,Home,Storage Box,1,14.796310938353956,0.02,14.500384719586878,6,8.500384719586878
BM-10234,2025-01-18,Bahir Dar,Online,Home,Vacuum Cleaner,1,153.8214138496566,0.08,141.51570074168407,80,61.51570074168407
BM-10235,2025-01-18,Dubai,Online,Electronics,Bluetooth Speaker,1,59.15777545982567,0.05,56.19988668683438,35,21.199886686834382
BM-10236,2025-01-18,Addis Ababa,Online,Beauty,Face Cream,4,22.52947672287595,0.02,88.31554875367371,40,48.31554875367371
BM-10237,2025-01-18,Dubai,Online,Beauty,Perfume,1,52.92742723431206,0.05,50.281055872596454,28,22.281055872596454
BM-10238,2025-01-18,Addis Ababa,Store,Fashion,Hoodie,2,41.567663111431116,0.05,78.97855991171912,40,38.97855991171912
BM-10239,2025-01-18,Nairobi,Store,Beauty,Shampoo,1,10.725590704607892,0.02,10.511078890515734,4,6.5110788905157335
BM-10240,2025-01-18,Dubai,Online,Home,Storage Box,1,15.137328599168976,0.02,14.834582027185595,6,8.834582027185595
BM-10241,2025-01-18,Addis Ababa,Online,Fashion,Sneakers,2,66.02839411123686,0.05,125.45394881135003,74,51.45394881135003
BM-10242,2025-01-18,Bahir Dar,Online,Fashion,Sneakers,2,65.99606874327122,0.05,125.39253061221532,74,51.392530612215324
BM-10243,2025-01-18,Addis Ababa,Store,Beauty,Hair Dryer,3,40.750121812136946,0.05,116.1378471645903,60,56.1378471645903
BM-10244,2025-01-18,Addis Ababa,Online,Home,Water Bottle,2,12.445475636020154,0.02,24.3931322465995,8,16.3931322465995
BM-10245,2025-01-18,Bahir Dar,Online,Electronics,Wireless Earbuds,1,44.88480370506252,0.05,42.64056351980939,25,17.64056351980939
BM-10246,2025-01-18,Addis Ababa,Store,Home,Storage Box,1,15.855612328978525,0.02,15.538500082398954,6,9.538500082398954
BM-10247,2025-01-18,Addis Ababa,Online,Home,Water Bottle,3,11.785933805588893,0.02,34.65064538843134,12,22.650645388431343
BM-10248,2025-01-18,Bahir Dar,Store,Electronics,Wireless Earbuds,2,43.65522115391463,0.05,82.94492019243779,50,32.94492019243779
BM-10249,2025-01-18,Addis Ababa,Online,Electronics,Wireless Earbuds,1,45.88037867892955,0.05,43.58635974498307,25,18.58635974498307
BM-10250,2025-01-18,Bahir Dar,Online,Beauty,Face Cream,3,24.3357242223697,0.02,71.54702921376692,30,41.54702921376692
BM-10251,2025-01-18,Dubai,Store,Home,Coffee Maker,1,90.19463746932328,0.05,85.68490559585712,45,40.68490559585712
BM-10252,2025-01-19,Bahir Dar,Store,Electronics,Bluetooth Speaker,1,62.327820180183735,0.05,59.211429171174544,35,24.211429171174544
BM-10253,2025-01-19,Nairobi,Store,Home,Water Bottle,1,12.313461843736327,0.02,12.067192606861601,4,8.067192606861601
BM-10254,2025-01-19,Dubai,Online,Home,Coffee Maker,1,86.49138772056239,0.05,82.16681833453427,45,37.16681833453427
BM-10255,2025-01-19,Addis Ababa,Online,Beauty,Shampoo,2,10.800517331447807,0.02,21.169013969637703,8,13.169013969637703
BM-10256,2025-01-19,Nairobi,Online,Home,Desk Lamp,1,29.63832564097281,0.05,28.15640935892417,14,14.156409358924169
BM-10257,2025-01-19,Addis Ababa,Store,Home,Coffee Maker,1,89.88849261550894,0.05,85.39406798473348,45,40.39406798473348
BM-10258,2025-01-19,Addis Ababa,Store,Electronics,Smartphone,1,608.9033204235835,0.1,548.0129883812252,350,198.01298838122523
BM-10259,2025-01-19,Addis Ababa,Online,Beauty,Hair Dryer,3,39.37639931074179,0.05,112.2227380356141,60,52.2227380356141
BM-10260,2025-01-19,Nairobi,Store,Home,Coffee Maker,1,89.50943446176505,0.05,85.03396273867679,45,40.03396273867679
BM-10261,2025-01-19,Bahir Dar,Online,Fashion,Hoodie,1,42.06349187052324,0.05,39.960317276997074,20,19.960317276997074
BM-10262,2025-01-19,Addis Ababa,Online,Home,Coffee Maker,1,91.8544491445407,0.05,87.26172668731365,45,42.261726687313654
BM-10263,2025-01-19,Hawassa,Store,Beauty,Perfume,1,55.3542555787666,0.05,52.586542799828266,28,24.586542799828266
BM-10264,2025-01-19,Bahir Dar,Online,Beauty,Makeup Kit,1,68.31063540908465,0.05,64.89510363863042,35,29.895103638630417
BM-10265,2025-01-19,Dubai,Store,Beauty,Face Cream,2,24.45231304196021,0.02,47.92653356224201,20,27.926533562242007
BM-10266,2025-01-19,Dubai,Online,Electronics,Laptop,1,1116.6601715781428,0.1,1004.9941544203285,500,504.9941544203285
BM-10267,2025-01-19,Addis Ababa,Store,Fashion,Jacket,2,90.90889654665513,0.05,172.72690343864474,90,82.72690343864474
BM-10268,2025-01-19,Nairobi,Online,Beauty,Face Cream,1,23.10896671252354,0.02,22.646787378273068,10,12.646787378273068
BM-10269,2025-01-19,Addis Ababa,Online,Electronics,Bluetooth Speaker,1,57.65567348199023,0.05,54.772889807890714,35,19.772889807890714
BM-10270,2025-01-19,Addis Ababa,Online,Fashion,Jacket,1,89.72142908775827,0.05,85.23535763337036,45,40.235357633370356
BM-10271,2025-01-19,Bahir Dar,Store,Fashion,T-Shirt,3,20.135047717098644,0.02,59.19704028827001,24,35.19704028827001
BM-10272,2025-01-20,Nairobi,Online,Electronics,Wireless Earbuds,2,48.04958871812062,0.05,91.29421856442917,50,41.29421856442917
BM-10273,2025-01-20,Hawassa,Store,Electronics,Tablet,1,197.36642304026896,0.08,181.57710919704743,120,61.577109197047434
BM-10274,2025-01-20,Bahir Dar,Online,Fashion,T-Shirt,2,20.457965151139803,0.02,40.09761169623401,16,24.09761169623401
BM-10275,2025-01-20,Bahir Dar,Online,Home,Coffee Maker,2,90.79341120881364,0.05,172.5074812967459,90,82.50748129674591
BM-10276,2025-01-20,Dubai,Online,Fashion,Sneakers,3,64.3331975433142,0.05,183.34961299844545,111,72.34961299844545
BM-10277,2025-01-20,Addis Ababa,Online,Beauty,Face Cream,4,24.51720003024728,0.02,96.10742411856934,40,56.10742411856934
BM-10278,2025-01-20,Nairobi,Store,Electronics,Smartphone,1,618.6845244025782,0.1,556.8160719623204,350,206.8160719623204
BM-10279,2025-01-20,Addis Ababa,Store,Electronics,Smartphone,2,575.9209312930114,0.1,1036.6576763274206,700,336.65767632742063
BM-10280,2025-01-21,Nairobi,Online,Fashion,Hoodie,3,43.54729196186575,0.05,124.10978209131737,60,64.10978209131737
BM-10281,2025-01-21,Dubai,Online,Fashion,Sneakers,1,62.15283981931867,0.05,59.045197828352734,37,22.045197828352734
BM-10282,2025-01-21,Hawassa,Store,Home,Vacuum Cleaner,2,146.56566196013836,0.08,269.6808180066546,160,109.68081800665459
BM-10283,2025-01-21,Hawassa,Online,Electronics,Wireless Earbuds,1,42.89487961943139,0.05,40.750135638459824,25,15.750135638459824
BM-10284,2025-01-21,Addis Ababa,Online,Electronics,Phone Charger,3,17.365581256973485,0.02,51.05480889550204,21,30.054808895502042
BM-10285,2025-01-21,Dubai,Store,Fashion,Hoodie,1,41.39031602711714,0.05,39.32080022576128,20,19.320800225761282
BM-10286,2025-01-21,Bahir Dar,Store,Electronics,Smart Watch,2,81.02639962215436,0.05,153.95015928209327,96,57.95015928209327
BM-10287,2025-01-21,Addis Ababa,Online,Fashion,Jeans,3,51.70988431340121,0.05,147.37317029319345,75,72.37317029319345
BM-10288,2025-01-21,Bahir Dar,Online,Beauty,Perfume,3,55.03853050716058,0.05,156.85981194540764,84,72.85981194540764
BM-10289,2025-01-21,Nairobi,Online,Home,Water Bottle,1,12.054394265358427,0.02,11.813306380051259,4,7.813306380051259
BM-10290,2025-01-21,Hawassa,Online,Electronics,Laptop,2,1222.3649671957496,0.1,2200.2569409523494,1000,1200.2569409523494
BM-10291,2025-01-22,Dubai,Online,Beauty,Face Cream,1,24.142169166927566,0.02,23.659325783589015,10,13.659325783589015
BM-10292,2025-01-22,Dubai,Online,Home,Coffee Maker,1,92.52189146565712,0.05,87.89579689237426,45,42.895796892374264
BM-10293,2025-01-22,Addis Ababa,Store,Fashion,Sneakers,1,64.76595505241116,0.05,61.5276572997906,37,24.527657299790597
BM-10294,2025-01-22,Addis Ababa,Store,Electronics,Tablet,3,197.0338990756482,0.08,543.8135614487891,360,183.81356144878907
BM-10295,2025-01-22,Nairobi,Store,Fashion,Jeans,2,51.83397656338631,0.05,98.48455547043397,50,48.484555470433975
BM-10296,2025-01-22,Nairobi,Store,Beauty,Makeup Kit,1,70.62530898974359,0.05,67.09404354025641,35,32.09404354025641
BM-10297,2025-01-22,Dubai,Store,Fashion,Hoodie,1,43.03798090458858,0.05,40.88608185935915,20,20.88608185935915
BM-10298,2025-01-22,Addis Ababa,Online,Home,Water Bottle,1,11.469713366118185,0.02,11.24031909879582,4,7.240319098795821
BM-10299,2025-01-22,Addis Ababa,Online,Home,Vacuum Cleaner,2,149.28464827374543,0.08,274.68375282369163,160,114.68375282369163
BM-10300,2025-01-22,Addis Ababa,Online,Electronics,Smartphone,1,625.5877902081685,0.1,563.0290111873517,350,213.02901118735167
BM-10301,2025-01-23,Dubai,Online,Beauty,Makeup Kit,2,68.58339894193766,0.05,130.30845798968156,70,60.30845798968156
BM-10302,2025-01-23,Addis Ababa,Online,Beauty,Hair Dryer,1,39.38370691180789,0.05,37.414521566217495,20,17.414521566217495
BM-10303,2025-01-23,Bahir Dar,Store,Electronics,Laptop,1,1166.8803409388502,0.1,1050.1923068449653,500,550.1923068449653
BM-10304,2025-01-23,Addis Ababa,Online,Fashion,T-Shirt,1,19.716852542209498,0.02,19.32251549136531,8,11.322515491365309
BM-10305,2025-01-23,Addis Ababa,Store,Beauty,Face Cream,1,24.299231664641837,0.02,23.813247031349,10,13.813247031349
BM-10306,2025-01-23,Dubai,Online,Electronics,Smart Watch,1,80.13582633833866,0.05,76.12903502142173,48,28.12903502142173
BM-10307,2025-01-23,Hawassa,Online,Home,Coffee Maker,1,90.47315540494384,0.05,85.94949763469664,45,40.94949763469664
BM-10308,2025-01-23,Dubai,Store,Home,Vacuum Cleaner,3,145.244947811835,0.08,400.87605596066464,240,160.87605596066464
BM-10309,2025-01-23,Addis Ababa,Online,Fashion,Jacket,2,92.42747783781691,0.05,175.6122078918521,90,85.61220789185211
BM-10310,2025-01-24,Dubai,Online,Fashion,Sneakers,1,65.90246037132643,0.05,62.607337352760105,37,25.607337352760105
BM-10311,2025-01-24,Bahir Dar,Store,Fashion,Jacket,1,87.8412875554308,0.05,83.44922317765925,45,38.44922317765925
BM-10312,2025-01-24,Addis Ababa,Online,Beauty,Hair Dryer,3,39.73910017699915,0.05,113.25643550444757,60,53.256435504447566
BM-10313,2025-01-24,Addis Ababa,Online,Fashion,Hoodie,2,41.751508234115505,0.05,79.32786564481945,40,39.327865644819454
BM-10314,2025-01-24,Addis Ababa,Store,Fashion,Hoodie,1,40.35458883725279,0.05,38.33685939539015,20,18.33685939539015
BM-10315,2025-01-24,Addis Ababa,Online,Beauty,Perfume,2,54.13598972633572,0.05,102.85838048003787,56,46.858380480037866
BM-10316,2025-01-24,Addis Ababa,Store,Electronics,Laptop,1,1188.238806123878,0.1,1069.4149255114903,500,569.4149255114903
BM-10317,2025-01-24,Hawassa,Online,Beauty,Hair Dryer,1,39.36518683602854,0.05,37.396927494227114,20,17.396927494227114
BM-10318,2025-01-24,Bahir Dar,Store,Electronics,Tablet,1,200.12564355608018,0.08,184.11559207159377,120,64.11559207159377
BM-10319,2025-01-24,Addis Ababa,Online,Fashion,Hoodie,2,40.67449123619998,0.05,77.28153334877994,40,37.281533348779945
BM-10320,2025-01-24,Dubai,Store,Home,Coffee Maker,1,92.6766495118972,0.05,88.04281703630234,45,43.04281703630234
BM-10321,2025-01-24,Dubai,Online,Beauty,Face Cream,1,23.027451889015108,0.02,22.566902851234804,10,12.566902851234804
BM-10322,2025-01-24,Bahir Dar,Store,Electronics,Smart Watch,1,77.2271154934596,0.05,73.36575971878662,48,25.36575971878662
BM-10323,2025-01-24,Dubai,Store,Fashion,Jeans,4,50.565673023724486,0.05,192.14955749015303,100,92.14955749015303
BM-10324,2025-01-24,Addis Ababa,Online,Electronics,Smart Watch,2,79.89013026759417,0.05,151.7912475084289,96,55.79124750842891
BM-10325,2025-01-24,Addis Ababa,Store,Electronics,Smart Watch,1,82.71624219173452,0.05,78.5804300821478,48,30.5804300821478
BM-10326,2025-01-24,Addis Ababa,Online,Electronics,Smartphone,2,604.3232859463548,0.1,1087.7819147034386,700,387.7819147034386
BM-10327,2025-01-25,Bahir Dar,Online,Electronics,Smartphone,1,643.7136697262314,0.1,579.3423027536082,350,229.34230275360824
BM-10328,2025-01-25,Bahir Dar,Online,Home,Desk Lamp,1,30.0349181049959,0.05,28.533172199746105,14,14.533172199746105
BM-10329,2025-01-25,Addis Ababa,Online,Home,Coffee Maker,2,84.72532973897547,0.05,160.9781265040534,90,70.97812650405339
BM-10330,2025-01-25,Nairobi,Online,Beauty,Hair Dryer,1,39.169230118394665,0.05,37.21076861247493,20,17.21076861247493
BM-10331,2025-01-25,Dubai,Store,Electronics,Laptop,3,1147.0433905409145,0.1,3097.017154460469,1500,1597.017154460469
BM-10332,2025-01-25,Nairobi,Online,Electronics,Tablet,2,202.51524334188434,0.08,372.6280477490672,240,132.6280477490672
BM-10333,2025-01-25,Dubai,Store,Home,Desk Lamp,1,30.04009343446311,0.05,28.538088762739953,14,14.538088762739953
BM-10334,2025-01-25,Addis Ababa,Store,Beauty,Shampoo,2,10.860684258607918,0.02,21.28694114687152,8,13.28694114687152
BM-10335,2025-01-25,Bahir Dar,Store,Home,Vacuum Cleaner,1,144.12308591030458,0.08,132.59323903748023,80,52.59323903748023
BM-10336,2025-01-25,Dubai,Store,Electronics,Laptop,3,1271.6085539872176,0.1,3433.3430957654878,1500,1933.3430957654878
BM-10337,2025-01-25,Dubai,Store,Fashion,Sneakers,4,63.86865541618266,0.05,242.7008905814941,148,94.7008905814941
BM-10338,2025-01-26,Bahir Dar,Online,Fashion,Jeans,1,48.00243453090411,0.05,45.6023128043589,25,20.602312804358903
BM-10339,2025-01-26,Nairobi,Store,Electronics,Laptop,1,1229.655955885544,0.1,1106.6903602969896,500,606.6903602969896
BM-10340,2025-01-26,Dubai,Online,Beauty,Face Cream,1,23.384753923333257,0.02,22.91705884486659,10,12.917058844866592
BM-10341,2025-01-26,Addis Ababa,Online,Home,Desk Lamp,1,29.596262847853815,0.05,28.11644970546112,14,14.116449705461122
BM-10342,2025-01-26,Bahir Dar,Store,Home,Coffee Maker,1,86.4618114374945,0.05,82.13872086561977,45,37.138720865619774
BM-10343,2025-01-26,Bahir Dar,Online,Fashion,Jacket,1,90.92297703527899,0.05,86.37682818351503,45,41.37682818351503
BM-10344,2025-01-26,Nairobi,Store,Beauty,Shampoo,1,10.68981291853594,0.02,10.476016660165222,4,6.476016660165222
BM-10345,2025-01-26,Dubai,Store,Home,Vacuum Cleaner,1,157.13590298352813,0.08,144.56503074484587,80,64.56503074484587
BM-10346,2025-01-26,Addis Ababa,Online,Home,Storage Box,3,14.782139929300694,0.02,43.45949139214404,18,25.459491392144038
BM-10347,2025-01-26,Bahir Dar,Online,Electronics,Wireless Earbuds,4,45.142421299062406,0.05,171.54120093643712,100,71.54120093643712
BM-10348,2025-01-27,Addis Ababa,Store,Electronics,Phone Charger,1,17.37104122659672,0.02,17.023620402064786,7,10.023620402064786
BM-10349,2025-01-27,Dubai,Store,Electronics,Wireless Earbuds,1,43.94190350756113,0.05,41.74480833218307,25,16.74480833218307
BM-10350,2025-01-27,Dubai,Store,Electronics,Wireless Earbuds,3,44.965313421655296,0.05,128.15114325171757,75,53.15114325171757
BM-10351,2025-01-27,Addis Ababa,Store,Fashion,Sneakers,1,62.776456766479434,0.05,59.63763392815546,37,22.63763392815546
BM-10352,2025-01-27,Bahir Dar,Online,Home,Vacuum Cleaner,1,155.540226243655,0.08,143.09700814416263,80,63.09700814416263
BM-10353,2025-01-27,Bahir Dar,Online,Home,Coffee Maker,2,88.70175816440056,0.05,168.53334051236106,90,78.53334051236106
BM-10354,2025-01-27,Addis Ababa,Online,Fashion,Jeans,2,49.226316809260794,0.05,93.5300019375955,50,43.5300019375955
BM-10355,2025-01-27,Dubai,Store,Electronics,Smart Watch,1,83.41988790802415,0.05,79.24889351262294,48,31.248893512622942
BM-10356,2025-01-27,Nairobi,Online,Home,Coffee Maker,2,88.2503866625664,0.05,167.67573465887614,90,77.67573465887614
BM-10357,2025-01-27,Addis Ababa,Online,Electronics,Laptop,1,1163.498447448408,0.1,1047.1486027035671,500,547.1486027035671
BM-10358,2025-01-27,Dubai,Store,Home,Coffee Maker,1,89.30027497517038,0.05,84.83526122641186,45,39.83526122641186
BM-10359,2025-01-27,Bahir Dar,Online,Fashion,Jacket,1,92.51887653180657,0.05,87.89293270521624,45,42.89293270521624
BM-10360,2025-01-27,Addis Ababa,Online,Home,Coffee Maker,2,93.29029934281506,0.05,177.2515687513486,90,87.2515687513486
BM-10361,2025-01-27,Dubai,Store,Fashion,Jeans,3,50.85970141449984,0.05,144.95014903132451,75,69.95014903132451
BM-10362,2025-01-27,Addis Ababa,Online,Home,Water Bottle,1,12.30465456494488,0.02,12.058561473645982,4,8.058561473645982
BM-10363,2025-01-27,Addis Ababa,Online,Home,Vacuum Cleaner,2,143.0543930422455,0.08,263.2200831977317,160,103.2200831977317
BM-10364,2025-01-28,Dubai,Online,Beauty,Face Cream,3,23.73419270805512,0.02,69.77852656168204,30,39.77852656168204
BM-10365,2025-01-28,Addis Ababa,Store,Home,Vacuum Cleaner,1,150.3463276434542,0.08,138.31862143197787,80,58.318621431977874
BM-10366,2025-01-28,Hawassa,Online,Beauty,Perfume,2,56.32100967294239,0.05,107.00991837859053,56,51.00991837859053
BM-10367,2025-01-28,Dubai,Store,Fashion,Hoodie,1,42.17868579035153,0.05,40.06975150083395,20,20.069751500833952
BM-10368,2025-01-28,Bahir Dar,Store,Electronics,Smartphone,1,596.0875731239313,0.1,536.4788158115382,350,186.4788158115382
BM-10369,2025-01-28,Addis Ababa,Online,Home,Storage Box,1,14.670134089737186,0.02,14.376731407942442,6,8.376731407942442
BM-10370,2025-01-28,Bahir Dar,Online,Electronics,Smartphone,4,596.6031812318379,0.1,2147.7714524346165,1400,747.7714524346165
BM-10371,2025-01-28,Dubai,Store,Electronics,Phone Charger,1,18.260397735216827,0.02,17.89518978051249,7,10.895189780512489
BM-10372,2025-01-28,Addis Ababa,Online,Home,Water Bottle,2,11.729792344886198,0.02,22.990392995976947,8,14.990392995976947
BM-10373,2025-01-28,Addis Ababa,Store,Home,Desk Lamp,2,29.017277437675922,0.05,55.13282713158425,28,27.13282713158425
BM-10374,2025-01-28,Addis Ababa,Store,Beauty,Perfume,1,55.909395011101104,0.05,53.11392526054605,28,25.113925260546047
BM-10375,2025-01-28,Dubai,Online,Beauty,Shampoo,1,11.130660218520703,0.02,10.908047014150288,4,6.908047014150288
BM-10376,2025-01-29,Dubai,Online,Beauty,Face Cream,2,24.39337083670283,0.02,47.81100683993754,20,27.81100683993754
BM-10377,2025-01-29,Addis Ababa,Store,Electronics,Tablet,3,200.78616421718095,0.08,554.1698132394195,360,194.16981323941945
BM-10378,2025-01-29,Nairobi,Store,Beauty,Shampoo,1,11.239781950792848,0.02,11.01498631177699,4,7.01498631177699
BM-10379,2025-01-29,Addis Ababa,Online,Fashion,T-Shirt,3,19.085802344279248,0.02,56.11225889218099,24,32.11225889218099
BM-10380,2025-01-29,Dubai,Store,Fashion,Jeans,1,50.906068339445255,0.05,48.36076492247299,25,23.36076492247299
BM-10381,2025-01-29,Dubai,Store,Home,Storage Box,1,15.10002606299124,0.02,14.798025541731416,6,8.798025541731416
BM-10382,2025-01-29,Dubai,Store,Electronics,Tablet,2,205.12256337713347,0.08,377.4255166139256,240,137.4255166139256
BM-10383,2025-01-29,Dubai,Online,Beauty,Makeup Kit,1,68.98221061500719,0.05,65.53310008425683,35,30.53310008425683
BM-10384,2025-01-30,Addis Ababa,Store,Electronics,Smart Watch,2,78.8908551887191,0.05,149.89262485856628,96,53.89262485856628
BM-10385,2025-01-30,Addis Ababa,Store,Fashion,T-Shirt,3,19.41954402180663,0.02,57.09345942411149,24,33.09345942411149
BM-10386,2025-01-30,Dubai,Online,Fashion,Jacket,3,88.24402472704999,0.05,251.49547047209248,135,116.49547047209248
BM-10387,2025-01-30,Dubai,Online,Electronics,Laptop,2,1108.5710230394172,0.1,1995.427841470951,1000,995.4278414709511
BM-10388,2025-01-30,Nairobi,Store,Fashion,T-Shirt,2,19.453131469141663,0.02,38.12813767951766,16,22.128137679517657
BM-10389,2025-01-30,Hawassa,Store,Fashion,Sneakers,1,63.06235758803105,0.05,59.90923970862949,37,22.909239708629492
BM-10390,2025-01-30,Dubai,Store,Electronics,Phone Charger,1,17.22637748975578,0.02,16.881849939960663,7,9.881849939960663
BM-10391,2025-01-30,Dubai,Store,Fashion,Jeans,1,52.00528638085626,0.05,49.40502206181345,25,24.405022061813447
BM-10392,2025-01-30,Addis Ababa,Store,Beauty,Shampoo,2,10.649479939445737,0.02,20.872980681313642,8,12.872980681313642
BM-10393,2025-01-30,Nairobi,Online,Fashion,Jacket,1,85.94357355805977,0.05,81.64639488015678,45,36.64639488015678
BM-10394,2025-01-31,Addis Ababa,Store,Electronics,Phone Charger,2,18.110416954047903,0.02,35.49641722993389,14,21.49641722993389
BM-10395,2025-01-31,Hawassa,Store,Home,Vacuum Cleaner,2,153.40523566319246,0.08,282.2656336202741,160,122.26563362027412
BM-10396,2025-01-31,Addis Ababa,Online,Fashion,T-Shirt,3,19.679754964072288,0.02,57.858479594372525,24,33.858479594372525
BM-10397,2025-01-31,Addis Ababa,Online,Electronics,Smart Watch,1,80.47677674967485,0.05,76.4529379121911,48,28.452937912191103
BM-10398,2025-01-31,Addis Ababa,Store,Fashion,Jeans,1,49.61662839021758,0.05,47.1357969707067,25,22.1357969707067
BM-10399,2025-01-31,Addis Ababa,Online,Home,Storage Box,2,14.29006081453571,0.02,28.008519196489992,12,16.008519196489992
BM-10400,2025-01-31,Dubai,Online,Home,Storage Box,1,14.789831449198847,0.02,14.49403482021487,6,8.49403482021487
BM-10401,2025-01-31,Addis Ababa,Online,Home,Storage Box,1,15.074392935234915,0.02,14.772905076530217,6,8.772905076530217
BM-10402,2025-01-31,Addis Ababa,Store,Fashion,Jeans,2,50.68165407745882,0.05,96.29514274717177,50,46.29514274717177
BM-10403,2025-01-31,Nairobi,Store,Electronics,Smart Watch,1,80.60767485127512,0.05,76.57729110871136,48,28.577291108711364
BM-10404,2025-01-31,Dubai,Online,Beauty,Hair Dryer,1,39.33412228887956,0.05,37.36741617443558,20,17.367416174435583
BM-10405,2025-02-01,Bahir Dar,Online,Home,Desk Lamp,1,29.166801678588207,0.05,27.708461594658797,14,13.708461594658797
BM-10406,2025-02-01,Addis Ababa,Online,Beauty,Face Cream,4,24.395278421019714,0.02,95.62949141039728,40,55.62949141039728
BM-10407,2025-02-01,Addis Ababa,Online,Home,Vacuum Cleaner,1,149.89468846835987,0.08,137.9031133908911,80,57.90311339089109
BM-10408,2025-02-01,Addis Ababa,Online,Beauty,Face Cream,1,23.526008187679437,0.02,23.055488023925847,10,13.055488023925847
BM-10409,2025-02-01,Bahir Dar,Online,Beauty,Makeup Kit,1,70.98901841291709,0.05,67.43956749227124,35,32.43956749227124
BM-10410,2025-02-01,Addis Ababa,Online,Beauty,Shampoo,4,10.864296242482684,0.02,42.58804127053212,16,26.588041270532123
BM-10411,2025-02-01,Addis Ababa,Store,Fashion,Sneakers,1,64.24834696097255,0.05,61.03592961292392,37,24.035929612923923
BM-10412,2025-02-01,Nairobi,Online,Home,Storage Box,1,15.247514059421377,0.02,14.94256377823295,6,8.94256377823295
BM-10413,2025-02-01,Addis Ababa,Store,Home,Vacuum Cleaner,2,152.47665962455665,0.08,280.55705370918423,160,120.55705370918423
BM-10414,2025-02-01,Addis Ababa,Online,Home,Water Bottle,1,11.632588566704838,0.02,11.39993679537074,4,7.39993679537074
BM-10415,2025-02-01,Hawassa,Store,Home,Vacuum Cleaner,1,152.18665550871654,0.08,140.01172306801922,80,60.01172306801922
BM-10416,2025-02-01,Addis Ababa,Online,Fashion,T-Shirt,2,19.276497711792494,0.02,37.78193551511329,16,21.78193551511329
BM-10417,2025-02-01,Dubai,Online,Fashion,T-Shirt,1,19.913564458778282,0.02,19.515293169602717,8,11.515293169602717
BM-10418,2025-02-01,Addis Ababa,Online,Fashion,T-Shirt,1,19.828923554633977,0.02,19.432345083541296,8,11.432345083541296
BM-10419,2025-02-01,Addis Ababa,Online,Beauty,Shampoo,1,10.842247365495394,0.02,10.625402418185486,4,6.625402418185486
BM-10420,2025-02-01,Addis Ababa,Online,Home,Water Bottle,1,11.72546260215615,0.02,11.490953350113026,4,7.490953350113026
BM-10421,2025-02-01,Bahir Dar,Online,Home,Storage Box,2,15.383402709510177,0.02,30.151469310639946,12,18.151469310639946
BM-10422,2025-02-01,Bahir Dar,Store,Electronics,Laptop,1,1214.0345934872898,0.1,1092.6311341385608,500,592.6311341385608
BM-10423,2025-02-01,Bahir Dar,Online,Fashion,Sneakers,1,65.15371286605625,0.05,61.89602722275344,37,24.89602722275344
BM-10424,2025-02-01,Bahir Dar,Online,Beauty,Face Cream,1,24.92609571360873,0.02,24.427573799336557,10,14.427573799336557
BM-10425,2025-02-01,Bahir Dar,Store,Beauty,Shampoo,1,10.923088871438454,0.02,10.704627094009684,4,6.704627094009684
BM-10426,2025-02-02,Addis Ababa,Online,Beauty,Shampoo,1,11.107375106314818,0.02,10.885227604188522,4,6.885227604188522
BM-10427,2025-02-02,Bahir Dar,Online,Electronics,Tablet,1,198.7039537034246,0.08,182.80763740715062,120,62.80763740715062
BM-10428,2025-02-02,Dubai,Online,Home,Coffee Maker,1,91.24907778437587,0.05,86.68662389515707,45,41.68662389515707
BM-10429,2025-02-02,Dubai,Online,Beauty,Perfume,1,55.26562467224315,0.05,52.50234343863099,28,24.502343438630987
BM-10430,2025-02-02,Hawassa,Store,Home,Water Bottle,2,12.029400574229815,0.02,23.577625125490435,8,15.577625125490435
BM-10431,2025-02-02,Dubai,Online,Home,Water Bottle,2,11.894542579457013,0.02,23.313303455735745,8,15.313303455735745
BM-10432,2025-02-02,Bahir Dar,Online,Beauty,Shampoo,1,10.973884539587015,0.02,10.754406848795275,4,6.754406848795275
BM-10433,2025-02-02,Dubai,Store,Beauty,Shampoo,2,10.809077465381781,0.02,21.18579183214829,8,13.18579183214829
BM-10434,2025-02-02,Nairobi,Online,Fashion,T-Shirt,1,19.968245662780866,0.02,19.56888074952525,8,11.568880749525249
BM-10435,2025-02-02,Addis Ababa,Store,Electronics,Phone Charger,3,18.270431678114953,0.02,53.71506913365796,21,32.71506913365796
BM-10436,2025-02-02,Addis Ababa,Store,Beauty,Shampoo,1,10.856576872683744,0.02,10.63944533523007,4,6.63944533523007
BM-10437,2025-02-02,Bahir Dar,Online,Fashion,Jeans,3,50.791776926284186,0.05,144.75656423990995,75,69.75656423990995
BM-10438,2025-02-02,Addis Ababa,Online,Home,Coffee Maker,3,88.3386526930265,0.05,251.76516017512552,135,116.76516017512552
BM-10439,2025-02-02,Bahir Dar,Online,Electronics,Bluetooth Speaker,1,58.17509442706589,0.05,55.266339705712596,35,20.266339705712596
BM-10440,2025-02-02,Nairobi,Online,Home,Water Bottle,1,12.180902056028003,0.02,11.937284014907442,4,7.937284014907442
BM-10441,2025-02-02,Nairobi,Store,Fashion,Sneakers,1,63.371139413129896,0.05,60.2025824424734,37,23.2025824424734
BM-10442,2025-02-02,Dubai,Online,Fashion,Sneakers,1,68.26775493265083,0.05,64.85436718601828,37,27.85436718601828
BM-10443,2025-02-03,Dubai,Online,Beauty,Face Cream,1,24.022083299458174,0.02,23.54164163346901,10,13.541641633469009
BM-10444,2025-02-03,Addis Ababa,Online,Fashion,Hoodie,2,41.77409337594032,0.05,79.3707774142866,40,39.37077741428659
BM-10445,2025-02-03,Hawassa,Online,Beauty,Makeup Kit,1,71.0583852694635,0.05,67.50546600599033,35,32.50546600599033
BM-10446,2025-02-03,Dubai,Store,Electronics,Smartphone,2,609.1626737461628,0.1,1096.492812743093,700,396.49281274309305
BM-10447,2025-02-03,Dubai,Online,Fashion,Jacket,1,94.0012220401196,0.05,89.30116093811361,45,44.30116093811361
BM-10448,2025-02-03,Bahir Dar,Store,Fashion,Jeans,1,49.18842135048733,0.05,46.729000282962964,25,21.729000282962964
BM-10449,2025-02-03,Bahir Dar,Online,Beauty,Makeup Kit,2,68.61042380202701,0.05,130.3598052238513,70,60.35980522385131
BM-10450,2025-02-03,Nairobi,Online,Electronics,Tablet,1,210.92931883208811,0.08,194.05497332552108,120,74.05497332552108
BM-10451,2025-02-03,Addis Ababa,Online,Electronics,Smart Watch,1,83.16565889354666,0.05,79.00737594886932,48,31.007375948869324
BM-10452,2025-02-04,Hawassa,Store,Beauty,Makeup Kit,1,69.46629686725207,0.05,65.99298202388947,35,30.992982023889468
BM-10453,2025-02-04,Addis Ababa,Store,Beauty,Perfume,1,55.6769082539148,0.05,52.89306284121906,28,24.893062841219063
BM-10454,2025-02-04,Hawassa,Store,Fashion,Jeans,1,51.45709011235478,0.05,48.884235606737036,25,23.884235606737036
BM-10455,2025-02-04,Addis Ababa,Online,Electronics,Smart Watch,1,82.0675723358778,0.05,77.96419371908391,48,29.96419371908391
BM-10456,2025-02-04,Hawassa,Online,Home,Water Bottle,1,12.165277314268064,0.02,11.921971767982702,4,7.921971767982702
BM-10457,2025-02-04,Addis Ababa,Online,Home,Storage Box,1,15.179104023658791,0.02,14.875521943185616,6,8.875521943185616
BM-10458,2025-02-04,Addis Ababa,Online,Home,Desk Lamp,1,29.65838906335889,0.05,28.175469610190945,14,14.175469610190945
BM-10459,2025-02-04,Hawassa,Online,Beauty,Face Cream,1,24.076120185777505,0.02,23.594597782061953,10,13.594597782061953
BM-10460,2025-02-04,Dubai,Online,Home,Desk Lamp,1,28.511892582653253,0.05,27.08629795352059,14,13.086297953520589
BM-10461,2025-02-04,Nairobi,Store,Electronics,Phone Charger,1,18.206351611295478,0.02,17.84222457906957,7,10.842224579069569
BM-10462,2025-02-04,Addis Ababa,Online,Beauty,Hair Dryer,1,38.419660682154465,0.05,36.49867764804674,20,16.498677648046737
BM-10463,2025-02-04,Addis Ababa,Store,Home,Water Bottle,1,12.349483333556439,0.02,12.10249366688531,4,8.10249366688531
BM-10464,2025-02-05,Addis Ababa,Store,Fashion,Jacket,1,89.3112321409651,0.05,84.84567053391685,45,39.845670533916845
BM-10465,2025-02-05,Bahir Dar,Online,Fashion,Hoodie,1,42.38782596268489,0.05,40.26843466455065,20,20.268434664550647
BM-10466,2025-02-05,Bahir Dar,Online,Electronics,Tablet,4,201.30710206364984,0.08,740.8101355942314,480,260.8101355942314
BM-10467,2025-02-05,Nairobi,Online,Home,Water Bottle,3,12.148836212426636,0.02,35.717578464534306,12,23.717578464534306
BM-10468,2025-02-05,Dubai,Online,Beauty,Perfume,1,54.62820420461877,0.05,51.89679399438783,28,23.896793994387828
BM-10469,2025-02-05,Addis Ababa,Store,Fashion,Hoodie,1,39.49744186189477,0.05,37.52256976880003,20,17.522569768800032
BM-10470,2025-02-05,Bahir Dar,Online,Electronics,Bluetooth Speaker,1,61.49951102980798,0.05,58.42453547831757,35,23.424535478317573
BM-10471,2025-02-05,Bahir Dar,Store,Home,Desk Lamp,1,29.631344380382124,0.05,28.149777161363016,14,14.149777161363016
BM-10472,2025-02-05,Dubai,Store,Home,Desk Lamp,2,30.63295266866502,0.05,58.202610070463535,28,30.202610070463535
BM-10473,2025-02-05,Hawassa,Online,Beauty,Shampoo,1,11.223227320249038,0.02,10.998762773844057,4,6.9987627738440565
BM-10474,2025-02-05,Dubai,Store,Home,Desk Lamp,1,30.562092761554922,0.05,29.033988123477176,14,15.033988123477176
BM-10475,2025-02-05,Addis Ababa,Online,Fashion,Jeans,3,48.5185192743346,0.05,138.2777799318536,75,63.27777993185359
BM-10476,2025-02-05,Nairobi,Store,Fashion,Hoodie,1,43.64990260688649,0.05,41.467407476542164,20,21.467407476542164
BM-10477,2025-02-05,Addis Ababa,Online,Home,Water Bottle,1,12.759571403322653,0.02,12.5043799752562,4,8.5043799752562
BM-10478,2025-02-05,Addis Ababa,Online,Beauty,Perfume,1,56.08474833965195,0.05,53.28051092266935,28,25.28051092266935
BM-10479,2025-02-06,Addis Ababa,Store,Beauty,Hair Dryer,3,37.56075036142739,0.05,107.04813853006806,60,47.04813853006806
BM-10480,2025-02-06,Nairobi,Store,Electronics,Laptop,2,1191.788880125467,0.1,2145.2199842258406,1000,1145.2199842258406
BM-10481,2025-02-06,Dubai,Store,Fashion,Sneakers,2,64.0021122400654,0.05,121.60401325612426,74,47.60401325612426
BM-10482,2025-02-06,Addis Ababa,Online,Home,Water Bottle,2,11.411746320459141,0.02,22.367022788099916,8,14.367022788099916
BM-10483,2025-02-06,Addis Ababa,Online,Home,Vacuum Cleaner,1,145.6506026783739,0.08,133.998554464104,80,53.99855446410399
BM-10484,2025-02-06,Nairobi,Store,Fashion,Jacket,1,88.99634389846761,0.05,84.54652670354423,45,39.54652670354423
BM-10485,2025-02-06,Dubai,Online,Fashion,Hoodie,2,42.60478411393473,0.05,80.94908981647598,40,40.949089816475976
BM-10486,2025-02-06,Nairobi,Online,Beauty,Face Cream,1,22.57668268316189,0.02,22.125149029498655,10,12.125149029498655
BM-10487,2025-02-06,Bahir Dar,Store,Home,Storage Box,1,14.459493450099728,0.02,14.170303581097734,6,8.170303581097734
BM-10488,2025-02-06,Bahir Dar,Store,Fashion,Jacket,1,91.38652964224495,0.05,86.8172031601327,45,41.817203160132706
BM-10489,2025-02-06,Addis Ababa,Online,Fashion,Hoodie,1,41.542483407424925,0.05,39.465359237053676,20,19.465359237053676
BM-10490,2025-02-06,Addis Ababa,Online,Fashion,T-Shirt,3,19.991581638133287,0.02,58.77525001611186,24,34.77525001611186
BM-10491,2025-02-06,Bahir Dar,Store,Home,Storage Box,2,15.038427137663685,0.02,29.475317189820824,12,17.475317189820824
BM-10492,2025-02-06,Dubai,Online,Home,Water Bottle,2,11.705069421702518,0.02,22.941936066536936,8,14.941936066536936
BM-10493,2025-02-06,Dubai,Online,Electronics,Smartphone,3,608.5676109943656,0.1,1643.1325496847871,1050,593.1325496847871
BM-10494,2025-02-07,Nairobi,Store,Fashion,Jacket,1,89.15376557124094,0.05,84.6960772926789,45,39.69607729267889
BM-10495,2025-02-07,Hawassa,Store,Home,Coffee Maker,1,89.09288397690739,0.05,84.63823977806202,45,39.638239778062015
BM-10496,2025-02-07,Dubai,Online,Electronics,Tablet,2,204.9796934241113,0.08,377.1626359003648,240,137.16263590036482
BM-10497,2025-02-07,Addis Ababa,Online,Home,Desk Lamp,1,29.01512421135005,0.05,27.564368000782544,14,13.564368000782544
BM-10498,2025-02-07,Dubai,Online,Beauty,Perfume,1,54.39430169133401,0.05,51.674586606767306,28,23.674586606767306
BM-10499,2025-02-07,Bahir Dar,Store,Beauty,Makeup Kit,3,69.24184285090972,0.05,197.33925212509268,105,92.33925212509268
BM-10500,2025-02-07,Nairobi,Store,Beauty,Hair Dryer,2,37.968380431336975,0.05,72.13992281954025,40,32.139922819540246
BM-10501,2025-02-07,Bahir Dar,Online,Fashion,T-Shirt,3,19.559380776281973,0.02,57.504579482269,24,33.504579482269
BM-10502,2025-02-07,Dubai,Online,Home,Desk Lamp,1,30.0803287725071,0.05,28.576312333881745,14,14.576312333881745
BM-10503,2025-02-07,Hawassa,Online,Beauty,Shampoo,1,10.999381182761356,0.02,10.77939355910613,4,6.779393559106129
BM-10504,2025-02-07,Dubai,Store,Fashion,Hoodie,1,43.14519293289254,0.05,40.987933286247916,20,20.987933286247916
BM-10505,2025-02-07,Addis Ababa,Online,Beauty,Hair Dryer,1,41.231875134289304,0.05,39.17028137757484,20,19.170281377574838
BM-10506,2025-02-07,Nairobi,Store,Home,Water Bottle,1,12.36531755623534,0.02,12.118011205110633,4,8.118011205110633
BM-10507,2025-02-07,Addis Ababa,Online,Electronics,Tablet,2,198.46436463457107,0.08,365.1744309276108,240,125.17443092761079
BM-10508,2025-02-07,Dubai,Store,Home,Vacuum Cleaner,4,150.4640250540427,0.08,553.7076121988772,320,233.7076121988772
BM-10509,2025-02-07,Nairobi,Store,Home,Coffee Maker,1,86.14918539060646,0.05,81.84172612107614,45,36.841726121076135
BM-10510,2025-02-07,Bahir Dar,Online,Beauty,Face Cream,3,23.87172188289003,0.02,70.18286233569668,30,40.18286233569668
BM-10511,2025-02-08,Addis Ababa,Online,Home,Desk Lamp,1,30.811763947343803,0.05,29.27117574997661,14,15.27117574997661
BM-10512,2025-02-08,Nairobi,Online,Electronics,Phone Charger,2,18.06548166240102,0.02,35.408344058306,14,21.408344058306
BM-10513,2025-02-08,Dubai,Store,Beauty,Shampoo,3,10.553970590121692,0.02,31.028673534957772,12,19.028673534957772
BM-10514,2025-02-08,Dubai,Store,Fashion,Jacket,1,89.27878414874051,0.05,84.81484494130348,45,39.81484494130348
BM-10515,2025-02-08,Addis Ababa,Store,Home,Desk Lamp,1,31.515479774081875,0.05,29.93970578537778,14,15.939705785377779
BM-10516,2025-02-08,Dubai,Store,Electronics,Phone Charger,3,17.804867631680615,0.02,52.346310837141004,21,31.346310837141004
BM-10517,2025-02-08,Bahir Dar,Store,Electronics,Smart Watch,1,81.6791361815485,0.05,77.59517937247107,48,29.595179372471065
BM-10518,2025-02-08,Addis Ababa,Store,Beauty,Hair Dryer,3,41.3281566208958,0.05,117.78524636955302,60,57.78524636955302
BM-10519,2025-02-08,Addis Ababa,Online,Beauty,Perfume,1,55.60433469840071,0.05,52.824117963480674,28,24.824117963480674
BM-10520,2025-02-08,Bahir Dar,Store,Fashion,Hoodie,1,43.547083735513844,0.05,41.36972954873815,20,21.36972954873815
BM-10521,2025-02-08,Addis Ababa,Store,Fashion,Sneakers,1,63.43386532074412,0.05,60.26217205470691,37,23.26217205470691
BM-10522,2025-02-08,Dubai,Store,Home,Desk Lamp,2,29.934780018295484,0.05,56.87608203476142,28,28.876082034761417
BM-10523,2025-02-08,Bahir Dar,Store,Home,Storage Box,3,15.528810748238227,0.02,45.65470359982039,18,27.654703599820387
BM-10524,2025-02-08,Bahir Dar,Store,Electronics,Laptop,4,1214.094747696149,0.1,4370.741091706136,2000,2370.741091706136
BM-10525,2025-02-08,Dubai,Online,Electronics,Tablet,3,201.43445559146303,0.08,555.959097432438,360,195.95909743243806
BM-10526,2025-02-08,Dubai,Online,Beauty,Shampoo,2,10.975845188383982,0.02,21.512656569232604,8,13.512656569232604
BM-10527,2025-02-09,Dubai,Online,Fashion,Jacket,3,91.86113879914775,0.05,261.8042455775711,135,126.80424557757112
BM-10528,2025-02-09,Dubai,Store,Home,Vacuum Cleaner,1,148.52915245154895,0.08,136.64682025542504,80,56.64682025542504
BM-10529,2025-02-09,Nairobi,Online,Electronics,Tablet,1,196.14384916882682,0.08,180.4523412353207,120,60.45234123532069
BM-10530,2025-02-09,Dubai,Online,Fashion,Jacket,2,90.47578534281881,0.05,171.90399215135574,90,81.90399215135574
BM-10531,2025-02-09,Addis Ababa,Online,Beauty,Makeup Kit,1,68.57061193627706,0.05,65.1420813394632,35,30.142081339463203
BM-10532,2025-02-09,Hawassa,Store,Electronics,Smartphone,1,600.0798429067755,0.1,540.071858616098,350,190.07185861609798
BM-10533,2025-02-09,Dubai,Store,Electronics,Smart Watch,2,79.34158120328198,0.05,150.74900428623576,96,54.74900428623576
BM-10534,2025-02-09,Bahir Dar,Store,Beauty,Makeup Kit,1,69.84616364710388,0.05,66.35385546474868,35,31.353855464748676
BM-10535,2025-02-09,Addis Ababa,Store,Electronics,Tablet,3,208.20177046949158,0.08,574.6368864957968,360,214.63688649579683
BM-10536,2025-02-09,Bahir Dar,Online,Beauty,Hair Dryer,1,38.10218550010022,0.05,36.19707622509521,20,16.19707622509521
BM-10537,2025-02-09,Dubai,Online,Home,Water Bottle,4,12.080448834286596,0.02,47.35535943040345,16,31.355359430403453
BM-10538,2025-02-09,Addis Ababa,Store,Beauty,Hair Dryer,1,39.299915970354114,0.05,37.33492017183641,20,17.33492017183641
BM-10539,2025-02-10,Addis Ababa,Online,Beauty,Shampoo,1,10.925371464443776,0.02,10.7068640351549,4,6.706864035154901
BM-10540,2025-02-10,Dubai,Online,Electronics,Smart Watch,1,79.07123921560911,0.05,75.11767725482865,48,27.11767725482865
BM-10541,2025-02-10,Addis Ababa,Store,Fashion,T-Shirt,2,20.25432977150905,0.02,39.69848635215774,16,23.698486352157737
BM-10542,2025-02-10,Bahir Dar,Online,Fashion,Sneakers,2,66.61790655994147,0.05,126.5740224638888,74,52.574022463888795
BM-10543,2025-02-10,Addis Ababa,Store,Electronics,Laptop,1,1192.8068696131922,0.1,1073.5261826518731,500,573.5261826518731
BM-10544,2025-02-10,Bahir Dar,Store,Electronics,Tablet,1,199.68340070144518,0.08,183.7087286453296,120,63.708728645329586
BM-10545,2025-02-10,Nairobi,Store,Beauty,Perfume,2,55.20024168222284,0.05,104.88045919622338,56,48.880459196223384
BM-10546,2025-02-10,Hawassa,Online,Fashion,Jeans,1,51.04422124237779,0.05,48.492010180258895,25,23.492010180258895
BM-10547,2025-02-10,Addis Ababa,Store,Electronics,Wireless Earbuds,2,41.78079183363674,0.05,79.3835044839098,50,29.383504483909803
BM-10548,2025-02-10,Dubai,Store,Fashion,Hoodie,1,41.92149263235704,0.05,39.825418000739184,20,19.825418000739184
BM-10549,2025-02-10,Addis Ababa,Online,Beauty,Perfume,1,55.222639130016965,0.05,52.46150717351612,28,24.461507173516118
BM-10550,2025-02-10,Nairobi,Store,Fashion,T-Shirt,1,19.1326942515314,0.02,18.750040366500773,8,10.750040366500773
BM-10551,2025-02-10,Bahir Dar,Online,Fashion,Jeans,3,49.788061605374445,0.05,141.89597557531715,75,66.89597557531715
BM-10552,2025-02-10,Dubai,Store,Fashion,Sneakers,4,67.80705471577066,0.05,257.6668079199285,148,109.66680791992849
BM-10553,2025-02-10,Hawassa,Online,Fashion,Jacket,2,89.47091104511752,0.05,169.99473098572327,90,79.99473098572327
BM-10554,2025-02-10,Addis Ababa,Online,Home,Vacuum Cleaner,1,146.88178960250107,0.08,135.131246434301,80,55.131246434301005
BM-10555,2025-02-11,Addis Ababa,Store,Fashion,Jeans,1,49.412668438475535,0.05,46.942035016551756,25,21.942035016551756
BM-10556,2025-02-11,Dubai,Online,Electronics,Bluetooth Speaker,1,59.40954379305443,0.05,56.439066603401706,35,21.439066603401706
BM-10557,2025-02-11,Addis Ababa,Store,Beauty,Perfume,1,55.87829414980446,0.05,53.08437944231424,28,25.084379442314237
BM-10558,2025-02-11,Nairobi,Online,Fashion,T-Shirt,3,19.191520299917528,0.02,56.42306968175753,24,32.42306968175753
BM-10559,2025-02-11,Addis Ababa,Online,Electronics,Smart Watch,2,76.35729931615073,0.05,145.07886870068637,96,49.07886870068637
BM-10560,2025-02-11,Nairobi,Store,Fashion,Sneakers,2,65.93715108750803,0.05,125.28058706626524,74,51.28058706626524
BM-10561,2025-02-11,Bahir Dar,Online,Home,Storage Box,1,15.208467011737293,0.02,14.904297671502546,6,8.904297671502546
BM-10562,2025-02-11,Dubai,Online,Fashion,Sneakers,1,63.9257627193134,0.05,60.729474583347724,37,23.729474583347724
BM-10563,2025-02-12,Dubai,Store,Electronics,Wireless Earbuds,1,44.936503766002005,0.05,42.689678577701905,25,17.689678577701905
BM-10564,2025-02-12,Nairobi,Online,Beauty,Perfume,2,53.91953012959869,0.05,102.44710724623751,56,46.44710724623751
BM-10565,2025-02-12,Dubai,Online,Home,Desk Lamp,1,30.420246883674192,0.05,28.899234539490482,14,14.899234539490482
BM-10566,2025-02-12,Dubai,Online,Fashion,Sneakers,1,66.57593229201157,0.05,63.24713567741099,37,26.247135677410988
BM-10567,2025-02-12,Dubai,Online,Electronics,Phone Charger,1,18.77675956860128,0.02,18.40122437722925,7,11.401224377229251
BM-10568,2025-02-12,Addis Ababa,Online,Beauty,Perfume,1,54.127794883902375,0.05,51.421405139707254,28,23.421405139707254
BM-10569,2025-02-12,Addis Ababa,Online,Electronics,Phone Charger,1,17.75913499501624,0.02,17.403952295115914,7,10.403952295115914
BM-10570,2025-02-12,Addis Ababa,Store,Fashion,Hoodie,1,40.382228778922716,0.05,38.363117339976576,20,18.363117339976576
BM-10571,2025-02-12,Hawassa,Store,Home,Storage Box,1,14.956400008008613,0.02,14.65727200784844,6,8.65727200784844
BM-10572,2025-02-12,Hawassa,Online,Electronics,Bluetooth Speaker,4,58.62716141827001,0.05,222.78321338942604,140,82.78321338942604
BM-10573,2025-02-12,Hawassa,Online,Fashion,Jacket,1,89.75804907540136,0.05,85.27014662163128,45,40.270146621631284
BM-10574,2025-02-12,Hawassa,Online,Fashion,Sneakers,1,64.72720463718224,0.05,61.490844405323124,37,24.490844405323124
BM-10575,2025-02-12,Addis Ababa,Online,Beauty,Perfume,1,53.562763675577095,0.05,50.88462549179824,28,22.88462549179824
BM-10576,2025-02-13,Addis Ababa,Store,Electronics,Bluetooth Speaker,1,59.767304565701394,0.05,56.778939337416325,35,21.778939337416325
BM-10577,2025-02-13,Addis Ababa,Online,Beauty,Face Cream,2,24.945225989661324,0.02,48.89264293973619,20,28.89264293973619
BM-10578,2025-02-13,Nairobi,Store,Electronics,Bluetooth Speaker,1,57.79704085452706,0.05,54.90718881180071,35,19.907188811800708
BM-10579,2025-02-13,Addis Ababa,Online,Home,Storage Box,2,14.528481571881986,0.02,28.475823880888694,12,16.475823880888694
BM-10580,2025-02-13,Addis Ababa,Online,Fashion,Jacket,2,85.85201831071791,0.05,163.11883479036402,90,73.11883479036402
BM-10581,2025-02-13,Addis Ababa,Store,Beauty,Shampoo,1,10.38322240405713,0.02,10.175557955975988,4,6.175557955975988
BM-10582,2025-02-13,Addis Ababa,Store,Beauty,Face Cream,1,24.183348115141484,0.02,23.699681152838654,10,13.699681152838654
BM-10583,2025-02-13,Bahir Dar,Online,Electronics,Smartphone,3,604.55200351225,0.1,1632.2904094830753,1050,582.2904094830753
BM-10584,2025-02-13,Addis Ababa,Online,Home,Coffee Maker,1,88.16049360375757,0.05,83.7524689235697,45,38.752468923569694
BM-10585,2025-02-13,Hawassa,Online,Home,Storage Box,3,14.751309843511214,0.02,43.368850939922964,18,25.368850939922964
BM-10586,2025-02-13,Addis Ababa,Online,Fashion,Sneakers,1,63.59794996819343,0.05,60.41805246978376,37,23.41805246978376
BM-10587,2025-02-13,Nairobi,Online,Electronics,Bluetooth Speaker,1,59.19435451565083,0.05,56.23463678986828,35,21.234636789868283
BM-10588,2025-02-13,Nairobi,Store,Home,Coffee Maker,1,87.30198646617323,0.05,82.93688714286456,45,37.93688714286456
BM-10589,2025-02-13,Addis Ababa,Online,Electronics,Laptop,3,1132.9489350630402,0.1,3058.9621246702086,1500,1558.9621246702086
BM-10590,2025-02-13,Addis Ababa,Online,Fashion,Jeans,1,48.725299768273175,0.05,46.28903477985951,25,21.289034779859513
BM-10591,2025-02-13,Bahir Dar,Online,Beauty,Face Cream,2,23.61332654107037,0.02,46.28212002049793,20,26.282120020497928
BM-10592,2025-02-13,Nairobi,Online,Beauty,Perfume,1,53.14317055017384,0.05,50.48601202266515,28,22.48601202266515
BM-10593,2025-02-14,Addis Ababa,Store,Beauty,Makeup Kit,2,68.6783660160202,0.05,130.4888954304384,70,60.48889543043839
BM-10594,2025-02-14,Addis Ababa,Online,Electronics,Wireless Earbuds,2,44.15543480445175,0.05,83.89532612845832,50,33.89532612845832
BM-10595,2025-02-14,Bahir Dar,Store,Electronics,Laptop,1,1196.0369636156063,0.1,1076.4332672540456,500,576.4332672540456
BM-10596,2025-02-14,Addis Ababa,Online,Beauty,Perfume,2,56.60774639997148,0.05,107.5547181599458,56,51.55471815994581
BM-10597,2025-02-14,Dubai,Online,Home,Water Bottle,1,11.24517144126817,0.02,11.020268012442806,4,7.020268012442806
BM-10598,2025-02-14,Bahir Dar,Store,Electronics,Smart Watch,1,80.36873341435133,0.05,76.35029674363375,48,28.35029674363375
BM-10599,2025-02-14,Addis Ababa,Online,Home,Vacuum Cleaner,2,147.23897581298124,0.08,270.9197154958855,160,110.9197154958855
BM-10600,2025-02-14,Addis Ababa,Online,Home,Desk Lamp,2,31.523550123583878,0.05,59.89474523480936,28,31.894745234809363
BM-10601,2025-02-14,Bahir Dar,Online,Beauty,Perfume,1,54.19695966681974,0.05,51.487111683478744,28,23.487111683478744
BM-10602,2025-02-14,Nairobi,Store,Fashion,Hoodie,4,41.17652856563906,0.05,156.47080854942843,80,76.47080854942843
BM-10603,2025-02-14,Nairobi,Store,Fashion,Jeans,3,51.9315401896207,0.05,148.004889540419,75,73.00488954041899
BM-10604,2025-02-14,Addis Ababa,Online,Electronics,Bluetooth Speaker,1,62.13343764718217,0.05,59.02676576482306,35,24.02676576482306
BM-10605,2025-02-14,Addis Ababa,Store,Fashion,Sneakers,1,66.04118480407975,0.05,62.73912556387576,37,25.73912556387576
BM-10606,2025-02-14,Addis Ababa,Store,Home,Storage Box,1,14.712576812175875,0.02,14.418325275932357,6,8.418325275932357
BM-10607,2025-02-14,Bahir Dar,Store,Home,Desk Lamp,1,30.936767022655122,0.05,29.389928671522366,14,15.389928671522366
BM-10608,2025-02-14,Dubai,Store,Home,Desk Lamp,3,29.65310896204288,0.05,84.5113605418222,42,42.5113605418222
BM-10609,2025-02-15,Bahir Dar,Store,Home,Storage Box,1,14.867533615564646,0.02,14.570182943253354,6,8.570182943253354
BM-10610,2025-02-15,Dubai,Store,Electronics,Tablet,1,196.84519201433935,0.08,181.09757665319222,120,61.09757665319222
BM-10611,2025-02-15,Hawassa,Online,Home,Storage Box,3,14.233226901373191,0.02,41.84568709003718,18,23.84568709003718
BM-10612,2025-02-15,Addis Ababa,Online,Beauty,Hair Dryer,1,39.829590342765016,0.05,37.838110825626764,20,17.838110825626764
BM-10613,2025-02-15,Bahir Dar,Store,Electronics,Smartphone,1,587.3857629199431,0.1,528.6471866279488,350,178.64718662794883
BM-10614,2025-02-15,Addis Ababa,Store,Beauty,Face Cream,1,24.21427720576279,0.02,23.729991661647535,10,13.729991661647535
BM-10615,2025-02-15,Nairobi,Online,Fashion,Hoodie,1,41.12340628958992,0.05,39.06723597511043,20,19.067235975110428
BM-10616,2025-02-15,Addis Ababa,Online,Home,Water Bottle,1,11.852325873370384,0.02,11.615279355902977,4,7.615279355902977
BM-10617,2025-02-15,Dubai,Online,Fashion,Jeans,1,51.11122897550581,0.05,48.55566752673052,25,23.555667526730517
BM-10618,2025-02-15,Nairobi,Store,Electronics,Bluetooth Speaker,1,59.88634278531026,0.05,56.89202564604474,35,21.892025646044743
BM-10619,2025-02-15,Addis Ababa,Store,Electronics,Wireless Earbuds,3,44.24417129276864,0.05,126.09588818439062,75,51.09588818439062
BM-10620,2025-02-15,Bahir Dar,Online,Home,Water Bottle,2,12.051152455805894,0.02,23.620258813379554,8,15.620258813379554
BM-10621,2025-02-15,Addis Ababa,Store,Beauty,Face Cream,1,25.246026795515416,0.02,24.741106259605107,10,14.741106259605107
BM-10622,2025-02-15,Bahir Dar,Online,Home,Water Bottle,2,12.23120963462843,0.02,23.97317088387172,8,15.97317088387172
BM-10623,2025-02-15,Addis Ababa,Online,Fashion,Hoodie,1,40.678253217331445,0.05,38.64434055646487,20,18.64434055646487
BM-10624,2025-02-15,Bahir Dar,Online,Electronics,Tablet,1,197.38793784284488,0.08,181.5969028154173,120,61.59690281541731
BM-10625,2025-02-15,Nairobi,Store,Home,Vacuum Cleaner,4,150.57779997055826,0.08,554.1263038916544,320,234.1263038916544
BM-10626,2025-02-15,Addis Ababa,Store,Beauty,Face Cream,1,23.529514623917756,0.02,23.0589243314394,10,13.0589243314394
BM-10627,2025-02-15,Hawassa,Store,Fashion,Hoodie,2,44.11390877753433,0.05,83.81642667731522,40,43.81642667731522
BM-10628,2025-02-15,Addis Ababa,Online,Beauty,Shampoo,3,11.289477214844279,0.02,33.19106301164218,12,21.19106301164218
BM-10629,2025-02-16,Addis Ababa,Online,Beauty,Makeup Kit,1,68.57729545687968,0.05,65.14843068403569,35,30.148430684035688
BM-10630,2025-02-16,Addis Ababa,Online,Home,Coffee Maker,3,90.64640421233182,0.05,258.3422520051456,135,123.34225200514561
BM-10631,2025-02-16,Nairobi,Online,Fashion,Jeans,1,48.43907173661536,0.05,46.017118149784594,25,21.017118149784594
BM-10632,2025-02-16,Hawassa,Store,Electronics,Smart Watch,1,80.48528854264772,0.05,76.46102411551533,48,28.46102411551533
BM-10633,2025-02-16,Bahir Dar,Online,Fashion,Hoodie,3,42.38819122192108,0.05,120.80634498247508,60,60.80634498247508
BM-10634,2025-02-16,Addis Ababa,Online,Beauty,Face Cream,1,23.684095982090334,0.02,23.21041406244853,10,13.210414062448528
BM-10635,2025-02-16,Addis Ababa,Store,Electronics,Smart Watch,2,83.94439190388763,0.05,159.4943446173865,96,63.4943446173865
BM-10636,2025-02-16,Addis Ababa,Online,Fashion,Hoodie,1,42.26795301934382,0.05,40.15455536837663,20,20.154555368376627
BM-10637,2025-02-16,Addis Ababa,Store,Home,Water Bottle,2,12.533015954135287,0.02,24.56471127010516,8,16.56471127010516
BM-10638,2025-02-16,Dubai,Online,Beauty,Hair Dryer,1,39.865972779190635,0.05,37.872674140231105,20,17.872674140231105
BM-10639,2025-02-16,Addis Ababa,Online,Fashion,Hoodie,1,40.470165308179666,0.05,38.44665704277068,20,18.44665704277068
BM-10640,2025-02-16,Addis Ababa,Store,Electronics,Tablet,1,203.3830727588826,0.08,187.112426938172,120,67.112426938172
BM-10641,2025-02-17,Addis Ababa,Online,Beauty,Perfume,3,53.73815016006215,0.05,153.1537279561771,84,69.15372795617711
BM-10642,2025-02-17,Dubai,Store,Home,Storage Box,2,15.01474239975911,0.02,29.428895103527854,12,17.428895103527854
BM-10643,2025-02-17,Addis Ababa,Store,Fashion,Sneakers,1,66.01905310024239,0.05,62.71810044523026,37,25.718100445230263
BM-10644,2025-02-17,Addis Ababa,Online,Electronics,Wireless Earbuds,1,45.63553194143203,0.05,43.35375534436042,25,18.353755344360422
BM-10645,2025-02-17,Addis Ababa,Online,Electronics,Bluetooth Speaker,1,59.46404240959978,0.05,56.49084028911979,35,21.490840289119788
BM-10646,2025-02-17,Addis Ababa,Store,Home,Desk Lamp,2,29.11455424518488,0.05,55.31765306585127,28,27.317653065851268
BM-10647,2025-02-17,Nairobi,Store,Home,Water Bottle,2,12.307427020125232,0.02,24.122556959445454,8,16.122556959445454
BM-10648,2025-02-17,Addis Ababa,Store,Electronics,Tablet,1,205.52247512602784,0.08,189.08067711594563,120,69.08067711594563
BM-10649,2025-02-17,Addis Ababa,Store,Home,Desk Lamp,1,30.765662115751855,0.05,29.22737900996426,14,15.22737900996426
BM-10650,2025-02-17,Dubai,Online,Electronics,Bluetooth Speaker,1,58.46223120833373,0.05,55.53911964791705,35,20.539119647917047
BM-10651,2025-02-17,Dubai,Store,Fashion,Jeans,1,52.792616350997164,0.05,50.15298553344731,25,25.152985533447307
BM-10652,2025-02-17,Addis Ababa,Store,Home,Vacuum Cleaner,1,143.08454830812178,0.08,131.63778444347204,80,51.63778444347204
BM-10653,2025-02-17,Addis Ababa,Online,Home,Storage Box,1,15.230844482947981,0.02,14.926227593289022,6,8.926227593289022
BM-10654,2025-02-17,Hawassa,Online,Home,Water Bottle,1,12.260928356149485,0.02,12.015709789026495,4,8.015709789026495
BM-10655,2025-02-17,Nairobi,Online,Beauty,Makeup Kit,1,71.59102930387428,0.05,68.01147783868056,35,33.01147783868056
BM-10656,2025-02-17,Dubai,Store,Electronics,Wireless Earbuds,1,45.29052696037188,0.05,43.02600061235328,25,18.02600061235328
BM-10657,2025-02-17,Dubai,Store,Electronics,Laptop,2,1226.170460398853,0.1,2207.1068287179355,1000,1207.1068287179355
BM-10658,2025-02-18,Addis Ababa,Online,Fashion,Sneakers,3,64.3981477593007,0.05,183.534721114007,111,72.534721114007
BM-10659,2025-02-18,Bahir Dar,Online,Electronics,Tablet,1,198.31285122946915,0.08,182.44782313111162,120,62.44782313111162
BM-10660,2025-02-18,Addis Ababa,Online,Home,Coffee Maker,1,88.89646013843915,0.05,84.45163713151719,45,39.45163713151719
BM-10661,2025-02-18,Dubai,Store,Fashion,Jeans,2,48.976877996987014,0.05,93.05606819427533,50,43.056068194275326
BM-10662,2025-02-18,Addis Ababa,Online,Fashion,Hoodie,1,39.98734333464667,0.05,37.98797616791433,20,17.987976167914333
BM-10663,2025-02-18,Dubai,Store,Home,Storage Box,1,14.850104978891338,0.02,14.55310287931351,6,8.55310287931351
BM-10664,2025-02-18,Dubai,Store,Home,Desk Lamp,1,29.44461313462416,0.05,27.97238247789295,14,13.97238247789295
BM-10665,2025-02-18,Nairobi,Online,Fashion,T-Shirt,1,19.485747879529363,0.02,19.096032921938775,8,11.096032921938775
BM-10666,2025-02-18,Bahir Dar,Online,Home,Storage Box,3,14.781377293625974,0.02,43.457249243260364,18,25.457249243260364
BM-10667,2025-02-18,Bahir Dar,Online,Home,Storage Box,1,15.056827798411975,0.02,14.755691242443735,6,8.755691242443735
BM-10668,2025-02-18,Bahir Dar,Online,Fashion,Hoodie,1,45.242937804603294,0.05,42.980790914373124,20,22.980790914373124
BM-10669,2025-02-18,Hawassa,Online,Beauty,Perfume,2,54.38963524992421,0.05,103.34030697485599,56,47.34030697485599
BM-10670,2025-02-18,Hawassa,Online,Electronics,Wireless Earbuds,1,46.223386447667025,0.05,43.912217125283675,25,18.912217125283675
BM-10671,2025-02-18,Addis Ababa,Store,Home,Storage Box,3,15.290209192841202,0.02,44.95321502695313,18,26.95321502695313
BM-10672,2025-02-18,Dubai,Store,Fashion,Sneakers,1,66.47891492927712,0.05,63.15496918281327,37,26.154969182813268
BM-10673,2025-02-18,Addis Ababa,Online,Fashion,T-Shirt,2,19.86936780447937,0.02,38.943960896779565,16,22.943960896779565
BM-10674,2025-02-19,Dubai,Online,Fashion,T-Shirt,2,20.028102826544576,0.02,39.25508154002737,16,23.25508154002737
BM-10675,2025-02-19,Bahir Dar,Online,Home,Storage Box,1,14.389484169768295,0.02,14.101694486372928,6,8.101694486372928
BM-10676,2025-02-19,Nairobi,Online,Electronics,Laptop,3,1155.9520872039345,0.1,3121.0706354506233,1500,1621.0706354506233
BM-10677,2025-02-19,Bahir Dar,Store,Home,Desk Lamp,1,29.312213290154432,0.05,27.84660262564671,14,13.84660262564671
BM-10678,2025-02-19,Hawassa,Online,Home,Coffee Maker,1,89.22339704870348,0.05,84.7622271962683,45,39.7622271962683
BM-10679,2025-02-19,Addis Ababa,Online,Fashion,T-Shirt,1,19.49020774591628,0.02,19.100403590997953,8,11.100403590997953
BM-10680,2025-02-19,Addis Ababa,Online,Fashion,Sneakers,1,63.491473287467834,0.05,60.316899623094436,37,23.316899623094436
BM-10681,2025-02-19,Nairobi,Online,Electronics,Smartphone,1,604.5465282742549,0.1,544.0918754468295,350,194.09187544682948
BM-10682,2025-02-19,Addis Ababa,Online,Beauty,Hair Dryer,2,39.41611306090778,0.05,74.89061481572479,40,34.89061481572479
BM-10683,2025-02-19,Bahir Dar,Online,Electronics,Smartphone,2,585.5248091283073,0.1,1053.9446564309533,700,353.9446564309533
BM-10684,2025-02-19,Addis Ababa,Online,Electronics,Laptop,1,1179.9327197998975,0.1,1061.9394478199079,500,561.9394478199079
BM-10685,2025-02-19,Addis Ababa,Online,Fashion,Jeans,2,48.0634285295697,0.05,91.32051420618242,50,41.32051420618242
BM-10686,2025-02-19,Dubai,Online,Beauty,Hair Dryer,1,38.95290827923355,0.05,37.00526286527187,20,17.005262865271867
BM-10687,2025-02-19,Bahir Dar,Store,Home,Water Bottle,1,11.44252720136624,0.02,11.213676657338914,4,7.2136766573389135
BM-10688,2025-02-19,Bahir Dar,Online,Home,Water Bottle,1,12.315556458158257,0.02,12.069245328995091,4,8.069245328995091
BM-10689,2025-02-19,Nairobi,Online,Fashion,Jeans,2,49.541641996305714,0.05,94.12911979298084,50,44.129119792980845
BM-10690,2025-02-20,Dubai,Online,Home,Storage Box,1,14.176806095054172,0.02,13.893269973153087,6,7.893269973153087
BM-10691,2025-02-20,Dubai,Store,Fashion,Sneakers,2,65.10649044384883,0.05,123.70233184331276,74,49.70233184331276
BM-10692,2025-02-20,Nairobi,Store,Beauty,Hair Dryer,1,40.00799402954882,0.05,38.00759432807138,20,18.007594328071377
BM-10693,2025-02-20,Nairobi,Online,Home,Desk Lamp,1,30.281443108625055,0.05,28.7673709531938,14,14.7673709531938
BM-10694,2025-02-20,Hawassa,Store,Fashion,Sneakers,2,62.39178403411862,0.05,118.54438966482537,74,44.544389664825374
BM-10695,2025-02-20,Dubai,Store,Beauty,Hair Dryer,2,40.52620201812389,0.05,76.99978383443539,40,36.99978383443539
BM-10696,2025-02-20,Dubai,Online,Beauty,Perfume,3,57.725607912700184,0.05,164.51798255119553,84,80.51798255119553
BM-10697,2025-02-20,Bahir Dar,Online,Fashion,Jacket,1,89.25993029174991,0.05,84.79693377716241,45,39.79693377716241
BM-10698,2025-02-20,Addis Ababa,Store,Home,Water Bottle,1,11.525606765546701,0.02,11.295094630235766,4,7.295094630235766
BM-10699,2025-02-20,Addis Ababa,Online,Electronics,Phone Charger,1,17.6192540387202,0.02,17.266868957945796,7,10.266868957945796
BM-10700,2025-02-20,Addis Ababa,Online,Beauty,Shampoo,1,11.028000668603406,0.02,10.807440655231337,4,6.807440655231337
BM-10701,2025-02-20,Addis Ababa,Store,Beauty,Makeup Kit,1,73.61181543739916,0.05,69.9312246655292,35,34.9312246655292
BM-10702,2025-02-20,Dubai,Online,Home,Water Bottle,1,11.536410016341373,0.02,11.305681816014545,4,7.305681816014545
BM-10703,2025-02-20,Dubai,Online,Beauty,Face Cream,1,24.366445293477717,0.02,23.879116387608164,10,13.879116387608164
BM-10704,2025-02-21,Addis Ababa,Store,Fashion,Jeans,1,49.37632806254757,0.05,46.90751165942019,25,21.907511659420187
BM-10705,2025-02-21,Bahir Dar,Online,Home,Coffee Maker,3,92.43309328635858,0.05,263.43431586612195,135,128.43431586612195
BM-10706,2025-02-21,Dubai,Online,Electronics,Laptop,1,1163.6289512082083,0.1,1047.2660560873874,500,547.2660560873874
BM-10707,2025-02-21,Nairobi,Online,Fashion,Hoodie,2,41.95611291073071,0.05,79.71661453038834,40,39.71661453038834
BM-10708,2025-02-21,Nairobi,Store,Electronics,Laptop,2,1192.694158748254,0.1,2146.849485746857,1000,1146.8494857468572
BM-10709,2025-02-21,Bahir Dar,Online,Beauty,Hair Dryer,1,41.648112161823875,0.05,39.56570655373268,20,19.56570655373268
BM-10710,2025-02-21,Addis Ababa,Online,Home,Coffee Maker,1,91.1490928857304,0.05,86.59163824144387,45,41.591638241443874
BM-10711,2025-02-21,Hawassa,Online,Home,Coffee Maker,3,89.71119724961044,0.05,255.6769121613897,135,120.67691216138971
BM-10712,2025-02-21,Addis Ababa,Store,Fashion,Hoodie,1,42.013207427469425,0.05,39.91254705609595,20,19.912547056095953
BM-10713,2025-02-21,Addis Ababa,Online,Beauty,Face Cream,1,23.048637975239846,0.02,22.587665215735047,10,12.587665215735047
BM-10714,2025-02-21,Bahir Dar,Store,Home,Vacuum Cleaner,1,144.22367109056844,0.08,132.685777403323,80,52.68577740332299
BM-10715,2025-02-21,Addis Ababa,Store,Fashion,Jeans,1,50.439913463523325,0.05,47.917917790347154,25,22.917917790347154
BM-10716,2025-02-21,Bahir Dar,Store,Fashion,Jeans,1,51.07886556701363,0.05,48.52492228866294,25,23.524922288662943
BM-10717,2025-02-21,Nairobi,Online,Home,Water Bottle,3,12.121363557925848,0.02,35.636808860302,12,23.636808860301997
BM-10718,2025-02-21,Dubai,Store,Electronics,Wireless Earbuds,4,44.1440271618208,0.05,167.74730321491904,100,67.74730321491904
BM-10719,2025-02-22,Dubai,Online,Fashion,Jacket,1,92.08542580554722,0.05,87.48115451526985,45,42.48115451526985
BM-10720,2025-02-22,Addis Ababa,Store,Fashion,T-Shirt,2,19.586828411585547,0.02,38.39018368670767,16,22.390183686707672
BM-10721,2025-02-22,Bahir Dar,Online,Home,Storage Box,1,15.5179796308346,0.02,15.207620038217907,6,9.207620038217907
BM-10722,2025-02-22,Addis Ababa,Online,Beauty,Shampoo,1,11.233986748561279,0.02,11.009307013590053,4,7.009307013590053
BM-10723,2025-02-22,Addis Ababa,Online,Fashion,T-Shirt,1,19.97749567982777,0.02,19.577945766231213,8,11.577945766231213
BM-10724,2025-02-22,Addis Ababa,Online,Beauty,Hair Dryer,3,40.55757584282482,0.05,115.58909115205073,60,55.58909115205073
BM-10725,2025-02-22,Dubai,Online,Home,Storage Box,1,14.976875505297548,0.02,14.677337995191596,6,8.677337995191596
BM-10726,2025-02-22,Bahir Dar,Store,Beauty,Makeup Kit,1,68.60059951097912,0.05,65.17056953543016,35,30.17056953543016
BM-10727,2025-02-22,Addis Ababa,Store,Home,Storage Box,1,15.168053304235015,0.02,14.864692238150313,6,8.864692238150313
BM-10728,2025-02-22,Addis Ababa,Online,Electronics,Smart Watch,1,76.45011391084255,0.05,72.62760821530041,48,24.627608215300413
BM-10729,2025-02-22,Dubai,Online,Fashion,Hoodie,3,43.531079347853066,0.05,124.06357614138125,60,64.06357614138125
BM-10730,2025-02-22,Nairobi,Online,Electronics,Bluetooth Speaker,1,61.17977512699775,0.05,58.120786370647856,35,23.120786370647856
BM-10731,2025-02-23,Dubai,Store,Fashion,T-Shirt,1,19.07363606915486,0.02,18.69216334777176,8,10.69216334777176
BM-10732,2025-02-23,Nairobi,Online,Fashion,T-Shirt,1,19.86722976268538,0.02,19.469885167431674,8,11.469885167431674
BM-10733,2025-02-23,Hawassa,Store,Beauty,Makeup Kit,3,69.88822647603214,0.05,199.1814454566916,105,94.18144545669159
BM-10734,2025-02-23,Bahir Dar,Store,Beauty,Hair Dryer,2,40.630800164146024,0.05,77.19852031187745,40,37.198520311877445
BM-10735,2025-02-23,Bahir Dar,Online,Fashion,Sneakers,2,64.72139402383233,0.05,122.97064864528143,74,48.97064864528143
BM-10736,2025-02-23,Addis Ababa,Store,Fashion,Jacket,2,86.97136201234878,0.05,165.24558782346267,90,75.24558782346267
BM-10737,2025-02-23,Dubai,Online,Electronics,Laptop,3,1191.7802470530899,0.1,3217.8066670433427,1500,1717.8066670433427
BM-10738,2025-02-23,Nairobi,Store,Beauty,Face Cream,4,24.03099102866839,0.02,94.20148483238009,40,54.20148483238009
BM-10739,2025-02-23,Bahir Dar,Online,Beauty,Perfume,1,55.85702521609645,0.05,53.06417395529163,28,25.06417395529163
BM-10740,2025-02-23,Bahir Dar,Online,Electronics,Wireless Earbuds,2,45.00484609763605,0.05,85.50920758550849,50,35.50920758550849
BM-10741,2025-02-23,Dubai,Store,Fashion,Hoodie,1,41.82271528553689,0.05,39.73157952126004,20,19.731579521260038
BM-10742,2025-02-23,Addis Ababa,Store,Fashion,Sneakers,1,65.22241914612025,0.05,61.96129818881423,37,24.961298188814233
BM-10743,2025-02-24,Addis Ababa,Online,Electronics,Smart Watch,1,83.94704287362734,0.05,79.74969072994597,48,31.749690729945968
BM-10744,2025-02-24,Nairobi,Store,Beauty,Perfume,1,54.12927547187381,0.05,51.42281169828012,28,23.42281169828012
BM-10745,2025-02-24,Bahir Dar,Store,Beauty,Makeup Kit,4,70.4686048456119,0.05,267.78069841332524,140,127.78069841332524
BM-10746,2025-02-24,Nairobi,Store,Beauty,Shampoo,2,11.197545668895893,0.02,21.94718951103595,8,13.947189511035951
BM-10747,2025-02-24,Addis Ababa,Online,Home,Vacuum Cleaner,2,147.03841469953207,0.08,270.55068304713905,160,110.55068304713905
BM-10748,2025-02-24,Addis Ababa,Store,Electronics,Bluetooth Speaker,4,59.92428889082787,0.05,227.7122977851459,140,87.71229778514589
BM-10749,2025-02-24,Addis Ababa,Online,Beauty,Face Cream,1,23.860724585702783,0.02,23.38351009398873,10,13.383510093988729
BM-10750,2025-02-24,Dubai,Online,Electronics,Wireless Earbuds,2,45.529256650016436,0.05,86.50558763503122,50,36.50558763503122
BM-10751,2025-02-24,Addis Ababa,Online,Fashion,T-Shirt,1,19.569658478417736,0.02,19.17826530884938,8,11.17826530884938
BM-10752,2025-02-24,Hawassa,Store,Electronics,Wireless Earbuds,2,45.05197868529182,0.05,85.59875950205446,50,35.59875950205446
BM-10753,2025-02-25,Addis Ababa,Online,Beauty,Perfume,1,56.907115003624654,0.05,54.06175925344342,28,26.06175925344342
BM-10754,2025-02-25,Nairobi,Store,Home,Storage Box,1,14.72409300365613,0.02,14.429611143583006,6,8.429611143583006
BM-10755,2025-02-25,Addis Ababa,Store,Fashion,Jeans,2,49.442243419565926,0.05,93.94026249717525,50,43.940262497175254
BM-10756,2025-02-25,Hawassa,Store,Home,Water Bottle,1,11.52375215288061,0.02,11.293277109822997,4,7.293277109822997
BM-10757,2025-02-25,Dubai,Online,Fashion,Sneakers,2,64.4041469603179,0.05,122.36787922460401,74,48.36787922460401
BM-10758,2025-02-25,Bahir Dar,Online,Electronics,Tablet,2,198.58985476105028,0.08,365.4053327603325,240,125.4053327603325
BM-10759,2025-02-25,Dubai,Store,Home,Vacuum Cleaner,2,148.1372823645236,0.08,272.57259955072345,160,112.57259955072345
BM-10760,2025-02-25,Addis Ababa,Online,Beauty,Perfume,2,55.54591845315422,0.05,105.53724506099302,56,49.537245060993015
BM-10761,2025-02-25,Dubai,Store,Fashion,Sneakers,1,65.95927093110288,0.05,62.66130738454773,37,25.661307384547733
BM-10762,2025-02-26,Addis Ababa,Online,Electronics,Phone Charger,1,18.33769059948161,0.02,17.97093678749198,7,10.97093678749198
BM-10763,2025-02-26,Hawassa,Online,Beauty,Hair Dryer,2,41.090471991138564,0.05,78.07189678316327,40,38.07189678316327
BM-10764,2025-02-26,Dubai,Online,Electronics,Smart Watch,1,76.22847677885774,0.05,72.41705293991485,48,24.417052939914853
BM-10765,2025-02-26,Hawassa,Online,Fashion,Jacket,1,94.105977790066,0.05,89.4006789005627,45,44.400678900562696
BM-10766,2025-02-26,Dubai,Store,Electronics,Smart Watch,3,79.0142621043512,0.05,225.19064699740093,144,81.19064699740093
BM-10767,2025-02-26,Hawassa,Online,Electronics,Tablet,2,192.61428517443787,0.08,354.4102847209657,240,114.4102847209657
BM-10768,2025-02-26,Addis Ababa,Online,Beauty,Perfume,2,56.15390186333437,0.05,106.6924135403353,56,50.692413540335295
BM-10769,2025-02-26,Bahir Dar,Store,Beauty,Hair Dryer,1,40.301113167100695,0.05,38.28605750874566,20,18.286057508745657
BM-10770,2025-02-26,Addis Ababa,Online,Fashion,Jeans,1,49.87642110504714,0.05,47.38260004979478,25,22.38260004979478
BM-10771,2025-02-26,Dubai,Store,Home,Vacuum Cleaner,2,149.07936941349186,0.08,274.306039720825,160,114.30603972082503
BM-10772,2025-02-27,Bahir Dar,Online,Electronics,Laptop,3,1205.5002664199526,0.1,3254.850719333872,1500,1754.850719333872
BM-10773,2025-02-27,Dubai,Online,Electronics,Tablet,3,199.68122867504675,0.08,551.1201911431291,360,191.1201911431291
BM-10774,2025-02-27,Dubai,Online,Home,Water Bottle,1,12.069302993176654,0.02,11.827916933313121,4,7.827916933313121
BM-10775,2025-02-27,Addis Ababa,Online,Beauty,Hair Dryer,1,39.82217427471131,0.05,37.831065560975745,20,17.831065560975745
BM-10776,2025-02-27,Bahir Dar,Online,Electronics,Tablet,2,199.30976462359234,0.08,366.7299669074099,240,126.7299669074099
BM-10777,2025-02-27,Dubai,Online,Beauty,Perfume,1,55.407045480933604,0.05,52.636693206886925,28,24.636693206886925
BM-10778,2025-02-27,Addis Ababa,Online,Home,Storage Box,2,16.027314049915613,0.02,31.4135355378346,12,19.4135355378346
BM-10779,2025-02-27,Addis Ababa,Store,Beauty,Face Cream,1,23.187715488271884,0.02,22.723961178506446,10,12.723961178506446
BM-10780,2025-02-27,Addis Ababa,Online,Home,Storage Box,1,15.003875836193384,0.02,14.703798319469517,6,8.703798319469517
BM-10781,2025-02-27,Addis Ababa,Store,Home,Coffee Maker,3,87.33654203161457,0.05,248.90914479010152,135,113.90914479010152
BM-10782,2025-02-27,Dubai,Online,Electronics,Smartphone,3,624.9634987724646,0.1,1687.4014466856545,1050,637.4014466856545
BM-10783,2025-02-27,Addis Ababa,Online,Fashion,T-Shirt,2,19.75493082588031,0.02,38.71966441872541,16,22.719664418725408
BM-10784,2025-02-27,Addis Ababa,Store,Home,Water Bottle,1,11.663046605373612,0.02,11.42978567326614,4,7.4297856732661405
BM-10785,2025-02-27,Addis Ababa,Online,Fashion,T-Shirt,1,20.703307766825322,0.02,20.289241611488816,8,12.289241611488816
BM-10786,2025-02-27,Nairobi,Online,Beauty,Face Cream,1,23.411347705130233,0.02,22.943120751027628,10,12.943120751027628
BM-10787,2025-02-27,Dubai,Online,Fashion,Sneakers,1,62.703034349064446,0.05,59.56788263161122,37,22.56788263161122
BM-10788,2025-02-28,Hawassa,Online,Electronics,Wireless Earbuds,4,47.014760892637035,0.05,178.65609139202073,100,78.65609139202073
BM-10789,2025-02-28,Addis Ababa,Online,Home,Vacuum Cleaner,1,144.2913216352198,0.08,132.74801590440222,80,52.74801590440222
BM-10790,2025-02-28,Nairobi,Online,Electronics,Laptop,1,1168.5647934339054,0.1,1051.708314090515,500,551.7083140905149
BM-10791,2025-02-28,Addis Ababa,Online,Home,Coffee Maker,1,88.92956448154662,0.05,84.48308625746928,45,39.48308625746928
BM-10792,2025-02-28,Addis Ababa,Online,Beauty,Makeup Kit,1,68.86023177886975,0.05,65.41722018992625,35,30.417220189926255
BM-10793,2025-02-28,Dubai,Online,Electronics,Smart Watch,1,77.79675634085149,0.05,73.90691852380891,48,25.906918523808912
BM-10794,2025-02-28,Addis Ababa,Online,Beauty,Hair Dryer,1,38.57823793095288,0.05,36.649326034405235,20,16.649326034405235
BM-10795,2025-02-28,Hawassa,Store,Home,Water Bottle,3,12.105392902796375,0.02,35.58985513422134,12,23.589855134221338
BM-10796,2025-02-28,Dubai,Online,Home,Vacuum Cleaner,1,151.7614775240064,0.08,139.6205593220859,80,59.62055932208591
BM-10797,2025-02-28,Addis Ababa,Store,Fashion,Jeans,1,48.95272092652794,0.05,46.50508488020154,25,21.505084880201537
BM-10798,2025-02-28,Nairobi,Online,Fashion,Sneakers,2,61.79872557304619,0.05,117.41757858878776,74,43.41757858878776
BM-10799,2025-02-28,Addis Ababa,Online,Home,Vacuum Cleaner,1,149.75177762741714,0.08,137.77163541722376,80,57.77163541722376
BM-10800,2025-03-01,Dubai,Online,Home,Desk Lamp,3,30.737429977084048,0.05,87.60167543468954,42,45.60167543468954
BM-10801,2025-03-01,Hawassa,Online,Fashion,Jeans,2,50.64623809020142,0.05,96.2278523713827,50,46.227852371382696
BM-10802,2025-03-01,Addis Ababa,Store,Beauty,Perfume,4,53.56392732857591,0.05,203.54292384858843,112,91.54292384858843
BM-10803,2025-03-01,Nairobi,Store,Beauty,Shampoo,2,11.064513784745694,0.02,21.68644701810156,8,13.68644701810156
BM-10804,2025-03-01,Dubai,Online,Electronics,Smartphone,1,596.192436583117,0.1,536.5731929248053,350,186.5731929248053
BM-10805,2025-03-01,Dubai,Online,Electronics,Wireless Earbuds,1,44.597778627876146,0.05,42.36788969648234,25,17.367889696482337
BM-10806,2025-03-01,Nairobi,Online,Electronics,Smartphone,1,606.598859500315,0.1,545.9389735502835,350,195.93897355028355
BM-10807,2025-03-01,Dubai,Online,Home,Water Bottle,3,11.908523348718251,0.02,35.011058645231664,12,23.011058645231664
BM-10808,2025-03-01,Bahir Dar,Online,Fashion,Jeans,1,49.692849032922254,0.05,47.20820658127614,25,22.208206581276137
BM-10809,2025-03-01,Dubai,Store,Electronics,Smart Watch,1,80.54664251307375,0.05,76.51931038742006,48,28.519310387420063
BM-10810,2025-03-01,Dubai,Online,Electronics,Tablet,1,202.3484835974268,0.08,186.16060490963267,120,66.16060490963267
BM-10811,2025-03-01,Nairobi,Store,Beauty,Shampoo,1,11.188912258636975,0.02,10.965134013464235,4,6.965134013464235
BM-10812,2025-03-01,Bahir Dar,Online,Beauty,Perfume,1,56.33038182198781,0.05,53.51386273088841,28,25.513862730888413
BM-10813,2025-03-01,Bahir Dar,Online,Fashion,Hoodie,1,40.57557015651393,0.05,38.546791648688234,20,18.546791648688234
BM-10814,2025-03-01,Bahir Dar,Online,Beauty,Perfume,3,55.872727132873756,0.05,159.23727232869018,84,75.23727232869018
BM-10815,2025-03-01,Dubai,Store,Home,Water Bottle,1,12.176177298523452,0.02,11.932653752552984,4,7.932653752552984
BM-10816,2025-03-01,Dubai,Online,Beauty,Perfume,2,54.9758028472735,0.05,104.45402540981965,56,48.45402540981965
BM-10817,2025-03-01,Bahir Dar,Store,Beauty,Face Cream,1,23.9811871795941,0.02,23.50156343600222,10,13.501563436002218
BM-10818,2025-03-01,Addis Ababa,Online,Fashion,T-Shirt,1,19.71690536257,0.02,19.3225672553186,8,11.3225672553186
BM-10819,2025-03-02,Dubai,Online,Home,Water Bottle,1,11.837519909569824,0.02,11.600769511378427,4,7.600769511378427
BM-10820,2025-03-02,Dubai,Store,Home,Coffee Maker,1,91.9480882571546,0.05,87.35068384429687,45,42.35068384429687
BM-10821,2025-03-02,Dubai,Online,Electronics,Wireless Earbuds,3,46.19644754450796,0.05,131.65987550184767,75,56.659875501847665
BM-10822,2025-03-02,Dubai,Store,Electronics,Bluetooth Speaker,1,58.76384025110399,0.05,55.82564823854879,35,20.825648238548787
BM-10823,2025-03-02,Dubai,Online,Fashion,T-Shirt,1,19.92134108357577,0.02,19.52291426190425,8,11.522914261904251
BM-10824,2025-03-02,Addis Ababa,Store,Electronics,Smartphone,2,560.81706302521,0.1,1009.470713445378,700,309.470713445378
BM-10825,2025-03-02,Nairobi,Store,Beauty,Face Cream,2,24.51637051340218,0.02,48.05208620626827,20,28.05208620626827
BM-10826,2025-03-02,Dubai,Store,Fashion,T-Shirt,1,19.590864980540772,0.02,19.199047680929958,8,11.199047680929958
BM-10827,2025-03-02,Addis Ababa,Online,Fashion,Jacket,1,90.13862327892632,0.05,85.63169211498,45,40.63169211498
BM-10828,2025-03-02,Bahir Dar,Online,Beauty,Shampoo,2,11.151344902886345,0.02,21.856636009657237,8,13.856636009657237
BM-10829,2025-03-02,Addis Ababa,Online,Electronics,Smartphone,1,602.5640755669244,0.1,542.307668010232,350,192.30766801023196
BM-10830,2025-03-02,Dubai,Store,Fashion,Jeans,2,46.976732146630354,0.05,89.25579107859767,50,39.25579107859767
BM-10831,2025-03-02,Dubai,Online,Electronics,Smartphone,1,608.3777277241135,0.1,547.5399549517022,350,197.53995495170216
BM-10832,2025-03-02,Addis Ababa,Online,Beauty,Makeup Kit,1,71.97215050062152,0.05,68.37354297559044,35,33.37354297559044
BM-10833,2025-03-02,Hawassa,Store,Fashion,T-Shirt,2,20.366319783232747,0.02,39.917986775136185,16,23.917986775136185
BM-10834,2025-03-02,Addis Ababa,Online,Electronics,Tablet,1,205.05031848432463,0.08,188.64629300557868,120,68.64629300557868
BM-10835,2025-03-02,Dubai,Online,Electronics,Tablet,2,196.16739776510565,0.08,360.9480118877944,240,120.9480118877944
BM-10836,2025-03-02,Bahir Dar,Online,Beauty,Makeup Kit,1,72.42002641832129,0.05,68.79902509740522,35,33.79902509740522
BM-10837,2025-03-03,Nairobi,Store,Fashion,T-Shirt,1,21.727023201122087,0.02,21.292482737099643,8,13.292482737099643
BM-10838,2025-03-03,Nairobi,Online,Beauty,Hair Dryer,1,40.0943201563811,0.05,38.089604148562046,20,18.089604148562046
BM-10839,2025-03-03,Bahir Dar,Online,Home,Coffee Maker,1,93.27266559215784,0.05,88.60903231254994,45,43.60903231254994
BM-10840,2025-03-03,Bahir Dar,Online,Home,Desk Lamp,1,30.2708984130405,0.05,28.75735349238847,14,14.757353492388471
BM-10841,2025-03-03,Addis Ababa,Store,Beauty,Face Cream,1,23.203240491603935,0.02,22.739175681771858,10,12.739175681771858
BM-10842,2025-03-03,Nairobi,Online,Fashion,Jacket,1,87.44041351043396,0.05,83.06839283491226,45,38.06839283491226
BM-10843,2025-03-03,Nairobi,Store,Home,Water Bottle,2,12.182116030431166,0.02,23.876947419645084,8,15.876947419645084
BM-10844,2025-03-03,Addis Ababa,Online,Home,Water Bottle,2,11.678727901246644,0.02,22.89030668644342,8,14.89030668644342
BM-10845,2025-03-03,Nairobi,Online,Fashion,Sneakers,2,63.72327482906531,0.05,121.07422217522408,74,47.07422217522408
BM-10846,2025-03-03,Bahir Dar,Online,Beauty,Shampoo,2,10.992041023613439,0.02,21.54440040628234,8,13.544400406282339
BM-10847,2025-03-03,Dubai,Online,Beauty,Hair Dryer,1,42.121674985065944,0.05,40.01559123581264,20,20.015591235812643
BM-10848,2025-03-03,Bahir Dar,Online,Home,Desk Lamp,1,30.9581476438052,0.05,29.41024026161494,14,15.410240261614941
BM-10849,2025-03-03,Nairobi,Online,Electronics,Tablet,1,201.59145601326557,0.08,185.46413953220434,120,65.46413953220434
BM-10850,2025-03-03,Addis Ababa,Online,Home,Vacuum Cleaner,4,155.21085096967522,0.08,571.1759315684048,320,251.17593156840485
BM-10851,2025-03-03,Dubai,Online,Home,Water Bottle,1,11.896939284352289,0.02,11.659000498665243,4,7.659000498665243
BM-10852,2025-03-03,Dubai,Store,Beauty,Makeup Kit,1,69.78985082112969,0.05,66.3003582800732,35,31.300358280073198
BM-10853,2025-03-03,Bahir Dar,Online,Beauty,Makeup Kit,2,69.32371991610377,0.05,131.71506784059716,70,61.71506784059716
BM-10854,2025-03-04,Addis Ababa,Store,Fashion,Jeans,1,50.523497285250684,0.05,47.99732242098815,25,22.997322420988148
BM-10855,2025-03-04,Hawassa,Online,Electronics,Phone Charger,3,18.5231083521069,0.02,54.457938555194275,21,33.457938555194275
BM-10856,2025-03-04,Addis Ababa,Online,Beauty,Hair Dryer,2,40.59958451979038,0.05,77.13921058760172,40,37.139210587601724
BM-10857,2025-03-04,Addis Ababa,Online,Home,Vacuum Cleaner,2,150.11675569854367,0.08,276.21483048532036,160,116.21483048532036
BM-10858,2025-03-04,Bahir Dar,Store,Fashion,T-Shirt,2,19.623981873173854,0.02,38.46300447142075,16,22.463004471420753
BM-10859,2025-03-04,Addis Ababa,Store,Electronics,Laptop,2,1181.1803722224936,0.1,2126.1246700004885,1000,1126.1246700004885
BM-10860,2025-03-04,Hawassa,Online,Fashion,Sneakers,3,62.015670921140504,0.05,176.74466212525044,111,65.74466212525044
BM-10861,2025-03-04,Dubai,Store,Electronics,Bluetooth Speaker,2,62.2667048495387,0.05,118.30673921412352,70,48.306739214123525
BM-10862,2025-03-05,Dubai,Store,Beauty,Hair Dryer,2,39.09880109194059,0.05,74.28772207468711,40,34.28772207468711
BM-10863,2025-03-05,Addis Ababa,Online,Home,Desk Lamp,1,30.256985399396108,0.05,28.744136129426302,14,14.744136129426302
BM-10864,2025-03-05,Nairobi,Online,Electronics,Smart Watch,1,80.78919884274107,0.05,76.74973890060402,48,28.749738900604015
BM-10865,2025-03-05,Addis Ababa,Online,Fashion,Jacket,1,89.46112806992981,0.05,84.98807166643331,45,39.988071666433314
BM-10866,2025-03-05,Addis Ababa,Online,Electronics,Tablet,2,203.98929600139635,0.08,375.3403046425693,240,135.34030464256932
BM-10867,2025-03-05,Bahir Dar,Online,Beauty,Makeup Kit,1,68.80987898045028,0.05,65.36938503142777,35,30.36938503142777
BM-10868,2025-03-05,Addis Ababa,Store,Electronics,Bluetooth Speaker,1,58.70145272867735,0.05,55.76638009224348,35,20.76638009224348
BM-10869,2025-03-05,Nairobi,Online,Home,Desk Lamp,2,29.505376727870047,0.05,56.06021578295309,28,28.060215782953087
BM-10870,2025-03-05,Bahir Dar,Online,Fashion,Hoodie,1,41.24152162318924,0.05,39.17944554202978,20,19.179445542029782
BM-10871,2025-03-05,Addis Ababa,Store,Home,Coffee Maker,1,94.70625545113985,0.05,89.97094267858286,45,44.97094267858286
BM-10872,2025-03-05,Addis Ababa,Online,Electronics,Smart Watch,1,80.08690004870292,0.05,76.08255504626777,48,28.08255504626777
BM-10873,2025-03-05,Dubai,Online,Fashion,Sneakers,1,64.11911870455893,0.05,60.91316276933098,37,23.91316276933098
BM-10874,2025-03-06,Addis Ababa,Online,Fashion,Hoodie,1,42.12229183580399,0.05,40.01617724401379,20,20.01617724401379
BM-10875,2025-03-06,Dubai,Online,Home,Coffee Maker,3,91.27892143029335,0.05,260.14492607633605,135,125.14492607633605
BM-10876,2025-03-06,Addis Ababa,Online,Home,Desk Lamp,2,30.766157899486114,0.05,58.455700009023616,28,30.455700009023616
BM-10877,2025-03-06,Bahir Dar,Online,Fashion,Sneakers,1,65.0471893036961,0.05,61.79482983851129,37,24.79482983851129
BM-10878,2025-03-06,Dubai,Online,Electronics,Smartphone,1,592.7279940074665,0.1,533.4551946067198,350,183.45519460671983
BM-10879,2025-03-06,Nairobi,Online,Home,Desk Lamp,4,30.305347352406205,0.05,115.16031993914358,56,59.16031993914358
BM-10880,2025-03-06,Addis Ababa,Store,Beauty,Shampoo,1,10.597253598713763,0.02,10.385308526739488,4,6.385308526739488
BM-10881,2025-03-06,Hawassa,Online,Home,Vacuum Cleaner,1,148.32050095583827,0.08,136.4548608793712,80,56.45486087937121
BM-10882,2025-03-06,Hawassa,Online,Home,Coffee Maker,1,88.65816374781724,0.05,84.22525556042638,45,39.225255560426376
BM-10883,2025-03-06,Addis Ababa,Online,Electronics,Wireless Earbuds,1,44.84561996043421,0.05,42.6033389624125,25,17.6033389624125
BM-10884,2025-03-06,Bahir Dar,Store,Beauty,Face Cream,1,25.062905569492045,0.02,24.561647458102204,10,14.561647458102204
BM-10885,2025-03-07,Addis Ababa,Store,Home,Water Bottle,2,11.858267936378272,0.02,23.242205155301413,8,15.242205155301413
BM-10886,2025-03-07,Addis Ababa,Online,Fashion,Hoodie,2,41.27338430330617,0.05,78.41943017628172,40,38.41943017628172
BM-10887,2025-03-07,Addis Ababa,Online,Beauty,Perfume,2,52.76012834804209,0.05,100.24424386127995,56,44.244243861279955
BM-10888,2025-03-07,Bahir Dar,Store,Electronics,Phone Charger,1,17.584575694187315,0.02,17.232884180303568,7,10.232884180303568
BM-10889,2025-03-07,Dubai,Online,Home,Desk Lamp,1,29.23944810533604,0.05,27.77747570006924,14,13.777475700069239
BM-10890,2025-03-07,Nairobi,Online,Home,Storage Box,1,15.580158557299352,0.02,15.268555386153364,6,9.268555386153364
BM-10891,2025-03-07,Addis Ababa,Online,Beauty,Perfume,1,54.92372047764754,0.05,52.17753445376516,28,24.177534453765162
BM-10892,2025-03-07,Bahir Dar,Online,Electronics,Phone Charger,1,17.6615870748923,0.02,17.308355333394452,7,10.308355333394452
BM-10893,2025-03-07,Bahir Dar,Store,Fashion,T-Shirt,1,20.183526763340446,0.02,19.779856228073637,8,11.779856228073637
BM-10894,2025-03-07,Addis Ababa,Online,Electronics,Tablet,2,196.52160440241659,0.08,361.59975210044655,240,121.59975210044655
BM-10895,2025-03-07,Dubai,Online,Fashion,Jeans,1,49.764069733735965,0.05,47.275866247049166,25,22.275866247049166
BM-10896,2025-03-07,Dubai,Online,Electronics,Wireless Earbuds,2,45.42520795428834,0.05,86.30789511314784,50,36.307895113147836
BM-10897,2025-03-07,Dubai,Online,Electronics,Wireless Earbuds,4,43.42762813393668,0.05,165.02498690895936,100,65.02498690895936
BM-10898,2025-03-07,Addis Ababa,Online,Fashion,Jacket,1,87.70440759273355,0.05,83.31918721309687,45,38.31918721309687
BM-10899,2025-03-08,Nairobi,Store,Electronics,Wireless Earbuds,2,45.00757635086432,0.05,85.51439506664221,50,35.51439506664221
BM-10900,2025-03-08,Hawassa,Online,Fashion,Jeans,1,50.737312807894085,0.05,48.20044716749938,25,23.200447167499377
BM-10901,2025-03-08,Nairobi,Store,Electronics,Smart Watch,2,80.42422740226245,0.05,152.80603206429865,96,56.80603206429865
BM-10902,2025-03-08,Addis Ababa,Store,Electronics,Wireless Earbuds,1,46.10944580387706,0.05,43.803973513683204,25,18.803973513683204
BM-10903,2025-03-08,Addis Ababa,Store,Beauty,Face Cream,1,23.50979480955475,0.02,23.039598913363655,10,13.039598913363655
BM-10904,2025-03-08,Nairobi,Store,Beauty,Face Cream,1,23.592990072695315,0.02,23.12113027124141,10,13.121130271241409
BM-10905,2025-03-08,Bahir Dar,Online,Beauty,Hair Dryer,4,40.389305391104415,0.05,153.47936048619678,80,73.47936048619678
BM-10906,2025-03-08,Addis Ababa,Online,Home,Coffee Maker,2,90.1329599993063,0.05,171.25262399868194,90,81.25262399868194
BM-10907,2025-03-08,Hawassa,Online,Beauty,Makeup Kit,1,69.43957870097249,0.05,65.96759976592386,35,30.967599765923865
BM-10908,2025-03-08,Dubai,Store,Electronics,Smart Watch,1,80.64693010190123,0.05,76.61458359680617,48,28.61458359680617
BM-10909,2025-03-08,Addis Ababa,Store,Fashion,Jacket,2,88.87451656779841,0.05,168.86158147881696,90,78.86158147881696
BM-10910,2025-03-08,Bahir Dar,Online,Beauty,Shampoo,1,10.807213773403355,0.02,10.591069497935287,4,6.591069497935287
BM-10911,2025-03-08,Addis Ababa,Online,Electronics,Bluetooth Speaker,1,60.908287807836466,0.05,57.86287341744464,35,22.86287341744464
BM-10912,2025-03-08,Addis Ababa,Store,Home,Water Bottle,1,12.027388131652637,0.02,11.786840369019584,4,7.786840369019584
BM-10913,2025-03-08,Dubai,Store,Beauty,Makeup Kit,3,66.95707294058838,0.05,190.82765788067687,105,85.82765788067687
BM-10914,2025-03-08,Addis Ababa,Online,Beauty,Shampoo,1,10.962082398040884,0.02,10.742840750080067,4,6.742840750080067
BM-10915,2025-03-09,Addis Ababa,Store,Fashion,Hoodie,2,41.26063206554676,0.05,78.39520092453884,40,38.39520092453884
BM-10916,2025-03-09,Addis Ababa,Online,Electronics,Smart Watch,1,77.00220944077971,0.05,73.15209896874072,48,25.152098968740717
BM-10917,2025-03-09,Bahir Dar,Online,Home,Desk Lamp,1,29.17006312965909,0.05,27.711559973176136,14,13.711559973176136
BM-10918,2025-03-09,Bahir Dar,Online,Beauty,Shampoo,1,10.734131781679341,0.02,10.519449146045755,4,6.519449146045755
BM-10919,2025-03-09,Bahir Dar,Online,Fashion,T-Shirt,1,20.62141519193412,0.02,20.208986888095435,8,12.208986888095435
BM-10920,2025-03-09,Bahir Dar,Online,Beauty,Perfume,1,54.05337833829421,0.05,51.3507094213795,28,23.3507094213795
BM-10921,2025-03-09,Bahir Dar,Online,Electronics,Wireless Earbuds,1,45.52018386620661,0.05,43.24417467289628,25,18.24417467289628
BM-10922,2025-03-09,Addis Ababa,Online,Home,Coffee Maker,1,91.44933375859196,0.05,86.87686707066236,45,41.87686707066236
BM-10923,2025-03-09,Addis Ababa,Online,Beauty,Shampoo,2,11.032478452876775,0.02,21.62365776763848,8,13.62365776763848
BM-10924,2025-03-09,Addis Ababa,Store,Fashion,T-Shirt,3,19.550856643117832,0.02,57.47951853076643,24,33.47951853076643
BM-10925,2025-03-09,Addis Ababa,Online,Home,Vacuum Cleaner,4,144.95820974896952,0.08,533.4462118762078,320,213.44621187620783
BM-10926,2025-03-09,Addis Ababa,Store,Home,Coffee Maker,2,87.97946005481803,0.05,167.16097410415426,90,77.16097410415426
BM-10927,2025-03-09,Dubai,Online,Beauty,Hair Dryer,1,40.801178372281726,0.05,38.76111945366764,20,18.76111945366764
BM-10928,2025-03-09,Dubai,Online,Electronics,Tablet,2,202.52942532267681,0.08,372.65414259372534,240,132.65414259372534
BM-10929,2025-03-09,Addis Ababa,Online,Beauty,Shampoo,1,11.233341928981838,0.02,11.008675090402201,4,7.0086750904022015
BM-10930,2025-03-09,Addis Ababa,Store,Home,Desk Lamp,1,30.272668848795945,0.05,28.759035406356148,14,14.759035406356148
BM-10931,2025-03-10,Dubai,Online,Beauty,Perfume,1,57.59938111575238,0.05,54.71941205996476,28,26.71941205996476
BM-10932,2025-03-10,Addis Ababa,Store,Fashion,Hoodie,1,41.87854351539658,0.05,39.78461633962675,20,19.78461633962675
BM-10933,2025-03-10,Addis Ababa,Store,Electronics,Laptop,1,1187.0366471864097,0.1,1068.3329824677687,500,568.3329824677687
BM-10934,2025-03-10,Addis Ababa,Online,Electronics,Laptop,1,1183.475492479986,0.1,1065.1279432319875,500,565.1279432319875
BM-10935,2025-03-10,Addis Ababa,Online,Home,Coffee Maker,2,91.32948466535618,0.05,173.52602086417673,90,83.52602086417673
BM-10936,2025-03-10,Bahir Dar,Online,Beauty,Shampoo,1,11.505863050776204,0.02,11.27574578976068,4,7.2757457897606805
BM-10937,2025-03-10,Dubai,Store,Fashion,Sneakers,1,63.320826569017825,0.05,60.15478524056693,37,23.15478524056693
BM-10938,2025-03-10,Dubai,Online,Electronics,Smartphone,1,604.6985479106207,0.1,544.2286931195587,350,194.22869311955867
BM-10939,2025-03-10,Hawassa,Online,Electronics,Laptop,1,1181.836515363841,0.1,1063.652863827457,500,563.6528638274569
BM-10940,2025-03-10,Bahir Dar,Online,Beauty,Hair Dryer,1,39.957695274327406,0.05,37.959810510611035,20,17.959810510611035
BM-10941,2025-03-10,Dubai,Online,Beauty,Face Cream,1,23.858250220425788,0.02,23.381085216017272,10,13.381085216017272
BM-10942,2025-03-10,Addis Ababa,Online,Home,Water Bottle,2,12.043647914110593,0.02,23.605549911656762,8,15.605549911656762
BM-10943,2025-03-11,Addis Ababa,Online,Beauty,Face Cream,1,23.43303969862794,0.02,22.96437890465538,10,12.96437890465538
BM-10944,2025-03-11,Bahir Dar,Store,Beauty,Makeup Kit,1,74.41124021127645,0.05,70.69067820071263,35,35.690678200712625
BM-10945,2025-03-11,Nairobi,Online,Home,Coffee Maker,3,88.22924553718678,0.05,251.45334978098234,135,116.45334978098234
BM-10946,2025-03-11,Addis Ababa,Store,Electronics,Bluetooth Speaker,1,60.22727545762197,0.05,57.21591168474087,35,22.215911684740867
BM-10947,2025-03-11,Dubai,Store,Fashion,Hoodie,1,41.0134591210546,0.05,38.96278616500187,20,18.962786165001873
BM-10948,2025-03-11,Addis Ababa,Online,Fashion,Jeans,1,49.2232568830661,0.05,46.76209403891279,25,21.762094038912792
BM-10949,2025-03-11,Dubai,Online,Home,Coffee Maker,2,89.56124015027756,0.05,170.16635628552734,90,80.16635628552734
BM-10950,2025-03-11,Dubai,Store,Home,Water Bottle,1,11.777063877733664,0.02,11.54152260017899,4,7.54152260017899
BM-10951,2025-03-11,Dubai,Online,Fashion,Sneakers,1,66.75357614140184,0.05,63.41589733433174,37,26.41589733433174
BM-10952,2025-03-11,Nairobi,Store,Beauty,Perfume,2,55.36899360852547,0.05,105.20108785619838,56,49.201087856198384
BM-10953,2025-03-11,Dubai,Store,Beauty,Perfume,1,53.89072390426231,0.05,51.19618770904919,28,23.19618770904919
BM-10954,2025-03-11,Nairobi,Store,Beauty,Hair Dryer,1,39.1171344854524,0.05,37.161277761179775,20,17.161277761179775
BM-10955,2025-03-11,Addis Ababa,Online,Electronics,Phone Charger,2,18.129321319339596,0.02,35.53346978590561,14,21.53346978590561
BM-10956,2025-03-11,Addis Ababa,Online,Beauty,Face Cream,3,23.786033114064416,0.02,69.93093735534937,30,39.93093735534937
BM-10957,2025-03-11,Nairobi,Online,Home,Storage Box,1,15.121819371941642,0.02,14.819382984502809,6,8.819382984502809
BM-10958,2025-03-12,Addis Ababa,Online,Beauty,Face Cream,2,23.76699965812041,0.02,46.58331932991601,20,26.58331932991601
BM-10959,2025-03-12,Addis Ababa,Online,Electronics,Wireless Earbuds,1,44.94627605420039,0.05,42.698962251490364,25,17.698962251490364
BM-10960,2025-03-12,Bahir Dar,Store,Beauty,Hair Dryer,3,39.812000898483205,0.05,113.46420256067714,60,53.46420256067714
BM-10961,2025-03-12,Dubai,Store,Fashion,Jacket,1,86.06583443366206,0.05,81.76254271197895,45,36.76254271197895
BM-10962,2025-03-12,Dubai,Online,Electronics,Phone Charger,1,18.80322665529606,0.02,18.42716212219014,7,11.42716212219014
BM-10963,2025-03-12,Dubai,Online,Home,Storage Box,1,14.79512836555775,0.02,14.499225798246595,6,8.499225798246595
BM-10964,2025-03-12,Addis Ababa,Store,Fashion,Sneakers,1,66.95921886093693,0.05,63.61125791789008,37,26.61125791789008
BM-10965,2025-03-12,Dubai,Store,Electronics,Wireless Earbuds,1,46.80098451413673,0.05,44.460935288429894,25,19.460935288429894
BM-10966,2025-03-12,Addis Ababa,Store,Beauty,Shampoo,1,11.179835650753809,0.02,10.956238937738732,4,6.956238937738732
BM-10967,2025-03-12,Bahir Dar,Store,Electronics,Smart Watch,1,79.85710919390479,0.05,75.86425373420954,48,27.86425373420954
BM-10968,2025-03-12,Bahir Dar,Store,Home,Vacuum Cleaner,1,151.17437102749633,0.08,139.08042134529663,80,59.08042134529663
BM-10969,2025-03-12,Nairobi,Online,Home,Coffee Maker,3,94.45769999704567,0.05,269.20444499158015,135,134.20444499158015
BM-10970,2025-03-12,Hawassa,Online,Fashion,Jeans,1,49.87973314633975,0.05,47.385746489022765,25,22.385746489022765
BM-10971,2025-03-12,Bahir Dar,Online,Electronics,Wireless Earbuds,2,45.507573134839824,0.05,86.46438895619566,50,36.46438895619566
BM-10972,2025-03-12,Bahir Dar,Online,Beauty,Hair Dryer,1,40.54267634656033,0.05,38.515542529232306,20,18.515542529232306
BM-10973,2025-03-13,Nairobi,Online,Electronics,Phone Charger,1,18.88963891565093,0.02,18.511846137337912,7,11.511846137337912
BM-10974,2025-03-13,Addis Ababa,Store,Fashion,Jeans,2,49.51664544688965,0.05,94.08162634909033,50,44.08162634909033
BM-10975,2025-03-13,Nairobi,Online,Fashion,T-Shirt,1,20.940438153503926,0.02,20.521629390433848,8,12.521629390433848
BM-10976,2025-03-13,Hawassa,Online,Home,Coffee Maker,1,88.48728930077907,0.05,84.0629248357401,45,39.062924835740105
BM-10977,2025-03-13,Nairobi,Store,Fashion,Jacket,1,88.98160738577862,0.05,84.53252701648968,45,39.53252701648968
BM-10978,2025-03-13,Hawassa,Online,Fashion,Hoodie,2,39.95532957602569,0.05,75.9151261944488,40,35.9151261944488
BM-10979,2025-03-13,Dubai,Store,Beauty,Shampoo,2,10.44595351774331,0.02,20.474068894776888,8,12.474068894776888
BM-10980,2025-03-13,Addis Ababa,Online,Electronics,Smart Watch,1,77.99444288744178,0.05,74.09472074306969,48,26.094720743069686
BM-10981,2025-03-13,Addis Ababa,Store,Home,Desk Lamp,1,30.676775562851493,0.05,29.142936784708915,14,15.142936784708915
BM-10982,2025-03-13,Bahir Dar,Store,Fashion,Jeans,1,49.74851279563156,0.05,47.261087155849985,25,22.261087155849985
BM-10983,2025-03-13,Bahir Dar,Store,Home,Water Bottle,1,11.56023255148994,0.02,11.32902790046014,4,7.32902790046014
BM-10984,2025-03-14,Addis Ababa,Online,Beauty,Makeup Kit,1,71.166002744398,0.05,67.6077026071781,35,32.6077026071781
BM-10985,2025-03-14,Addis Ababa,Online,Electronics,Bluetooth Speaker,1,59.50110500884273,0.05,56.52604975840059,35,21.52604975840059
BM-10986,2025-03-14,Dubai,Online,Fashion,Hoodie,2,40.58061427763352,0.05,77.10316712750368,40,37.10316712750368
BM-10987,2025-03-14,Dubai,Online,Beauty,Hair Dryer,1,40.57839819801684,0.05,38.549478288116,20,18.549478288116
BM-10988,2025-03-14,Addis Ababa,Online,Electronics,Tablet,2,196.85840007305794,0.08,362.2194561344266,240,122.2194561344266
BM-10989,2025-03-14,Dubai,Online,Fashion,Jeans,2,51.99091057002446,0.05,98.78273008304647,50,48.782730083046474
BM-10990,2025-03-14,Addis Ababa,Online,Beauty,Makeup Kit,1,68.07126019878883,0.05,64.66769718884939,35,29.667697188849388
BM-10991,2025-03-14,Dubai,Store,Fashion,Jacket,1,92.82410643758563,0.05,88.18290111570634,45,43.18290111570634
BM-10992,2025-03-14,Nairobi,Store,Fashion,Hoodie,3,42.027058703379744,0.05,119.77711730463227,60,59.77711730463227
BM-10993,2025-03-15,Addis Ababa,Store,Home,Water Bottle,1,11.846101575240976,0.02,11.609179543736156,4,7.609179543736156
BM-10994,2025-03-15,Addis Ababa,Store,Home,Desk Lamp,1,29.18376915520898,0.05,27.72458069744853,14,13.72458069744853
BM-10995,2025-03-15,Addis Ababa,Online,Electronics,Laptop,3,1208.436193677687,0.1,3262.7777229297553,1500,1762.7777229297553
BM-10996,2025-03-15,Hawassa,Online,Electronics,Smart Watch,1,77.36989078192484,0.05,73.50139624282859,48,25.50139624282859
BM-10997,2025-03-15,Addis Ababa,Online,Home,Coffee Maker,1,93.36534012265506,0.05,88.6970731165223,45,43.697073116522304
BM-10998,2025-03-15,Addis Ababa,Online,Beauty,Perfume,1,55.73741446928638,0.05,52.95054374582206,28,24.95054374582206
BM-10999,2025-03-15,Addis Ababa,Online,Fashion,Jeans,2,50.874591594191074,0.05,96.66172402896304,50,46.661724028963036
BM-11000,2025-03-15,Dubai,Store,Fashion,Jacket,1,88.2969527862786,0.05,83.88210514696466,45,38.88210514696466
BM-11001,2025-03-15,Addis Ababa,Online,Home,Desk Lamp,1,29.981029300826286,0.05,28.48197783578497,14,14.48197783578497
BM-11002,2025-03-15,Addis Ababa,Online,Home,Storage Box,1,14.31676566391197,0.02,14.03043035063373,6,8.03043035063373
BM-11003,2025-03-15,Addis Ababa,Store,Home,Water Bottle,1,12.18266715497311,0.02,11.939013811873648,4,7.939013811873648
BM-11004,2025-03-15,Dubai,Store,Electronics,Tablet,1,197.55945612330697,0.08,181.7546996334424,120,61.754699633442414
BM-11005,2025-03-15,Dubai,Store,Home,Coffee Maker,3,89.2517328416737,0.05,254.36743859877004,135,119.36743859877004
BM-11006,2025-03-15,Dubai,Store,Home,Coffee Maker,1,83.8376742668775,0.05,79.64579055353362,45,34.645790553533615
BM-11007,2025-03-15,Dubai,Online,Home,Coffee Maker,2,92.53522081858733,0.05,175.81691955531593,90,85.81691955531593
BM-11008,2025-03-15,Dubai,Online,Fashion,Jeans,2,52.37567531929264,0.05,99.513783106656,50,49.51378310665601
BM-11009,2025-03-15,Addis Ababa,Store,Electronics,Laptop,1,1185.1626935351517,0.1,1066.6464241816366,500,566.6464241816366
BM-11010,2025-03-15,Bahir Dar,Store,Home,Vacuum Cleaner,3,147.46013271724863,0.08,406.98996629960624,240,166.98996629960624
BM-11011,2025-03-15,Dubai,Online,Beauty,Hair Dryer,1,40.049740665444595,0.05,38.047253632172364,20,18.047253632172364
BM-11012,2025-03-15,Addis Ababa,Online,Beauty,Face Cream,1,24.2570897571935,0.02,23.77194796204963,10,13.77194796204963
BM-11013,2025-03-16,Addis Ababa,Online,Electronics,Laptop,4,1209.0612346530097,0.1,4352.620444750835,2000,2352.6204447508353
BM-11014,2025-03-16,Addis Ababa,Online,Beauty,Shampoo,3,10.99982737319215,0.02,32.339492477184926,12,20.339492477184926
BM-11015,2025-03-16,Dubai,Online,Home,Coffee Maker,2,87.32121224374505,0.05,165.9103032631156,90,75.9103032631156
BM-11016,2025-03-16,Bahir Dar,Online,Electronics,Laptop,1,1168.6994944914804,0.1,1051.8295450423325,500,551.8295450423325
BM-11017,2025-03-16,Addis Ababa,Online,Beauty,Perfume,1,56.13402127650346,0.05,53.32732021267829,28,25.327320212678288
BM-11018,2025-03-16,Addis Ababa,Store,Beauty,Makeup Kit,1,69.90773759199276,0.05,66.41235071239312,35,31.41235071239312
BM-11019,2025-03-16,Hawassa,Online,Electronics,Phone Charger,1,17.25686917540968,0.02,16.911731791901484,7,9.911731791901484
BM-11020,2025-03-16,Dubai,Store,Home,Coffee Maker,2,85.93146550124095,0.05,163.2697844523578,90,73.26978445235781
BM-11021,2025-03-16,Dubai,Store,Home,Storage Box,1,14.606513686532322,0.02,14.314383412801675,6,8.314383412801675
BM-11022,2025-03-16,Addis Ababa,Online,Electronics,Smartphone,1,616.4273112196889,0.1,554.7845800977201,350,204.7845800977201
BM-11023,2025-03-16,Dubai,Online,Electronics,Wireless Earbuds,1,44.56146879965166,0.05,42.33339535966907,25,17.33339535966907
BM-11024,2025-03-16,Addis Ababa,Online,Fashion,Hoodie,1,40.97479553184543,0.05,38.92605575525316,20,18.92605575525316
BM-11025,2025-03-16,Nairobi,Online,Fashion,Sneakers,1,66.44772844926038,0.05,63.12534202679736,37,26.125342026797362
BM-11026,2025-03-17,Dubai,Online,Electronics,Bluetooth Speaker,3,62.87067906010263,0.05,179.18143532129247,105,74.18143532129247
BM-11027,2025-03-17,Addis Ababa,Online,Fashion,Jeans,1,50.08744823676422,0.05,47.583075824926006,25,22.583075824926006
BM-11028,2025-03-17,Addis Ababa,Store,Home,Water Bottle,1,12.029913112897228,0.02,11.789314850639283,4,7.789314850639283
BM-11029,2025-03-17,Addis Ababa,Store,Electronics,Wireless Earbuds,1,44.17430760943432,0.05,41.965592228962606,25,16.965592228962606
BM-11030,2025-03-17,Dubai,Online,Beauty,Hair Dryer,1,38.65979161496895,0.05,36.726802034220505,20,16.726802034220505
BM-11031,2025-03-17,Dubai,Online,Home,Storage Box,1,15.866936672116061,0.02,15.54959793867374,6,9.54959793867374
BM-11032,2025-03-17,Addis Ababa,Online,Home,Desk Lamp,1,30.781766487772266,0.05,29.24267816338365,14,15.242678163383651
BM-11033,2025-03-17,Bahir Dar,Online,Home,Desk Lamp,1,29.715073631918585,0.05,28.229319950322655,14,14.229319950322655
BM-11034,2025-03-17,Addis Ababa,Online,Home,Water Bottle,2,12.003172561658722,0.02,23.526218220851096,8,15.526218220851096
BM-11035,2025-03-17,Addis Ababa,Online,Fashion,Sneakers,1,64.67523714908567,0.05,61.441475291631384,37,24.441475291631384
BM-11036,2025-03-17,Dubai,Online,Beauty,Shampoo,1,10.90978085355796,0.02,10.6915852364868,4,6.6915852364868
BM-11037,2025-03-17,Addis Ababa,Online,Fashion,T-Shirt,2,20.686587458944324,0.02,40.545711419530875,16,24.545711419530875
BM-11038,2025-03-17,Dubai,Online,Electronics,Laptop,2,1200.3916177702633,0.1,2160.704911986474,1000,1160.7049119864741
BM-11039,2025-03-17,Dubai,Online,Beauty,Perfume,1,55.63435640398035,0.05,52.85263858378133,28,24.852638583781328
BM-11040,2025-03-17,Addis Ababa,Store,Beauty,Hair Dryer,1,39.51529796804846,0.05,37.53953306964603,20,17.539533069646033
BM-11041,2025-03-17,Bahir Dar,Store,Electronics,Smartphone,1,588.5908057048428,0.1,529.7317251343585,350,179.7317251343585
BM-11042,2025-03-18,Nairobi,Online,Beauty,Perfume,2,56.86216314007023,0.05,108.03810996613343,56,52.03810996613343
BM-11043,2025-03-18,Hawassa,Online,Home,Water Bottle,3,11.812763683481117,0.02,34.729525229434486,12,22.729525229434486
BM-11044,2025-03-18,Dubai,Online,Fashion,Jacket,1,90.3977721849671,0.05,85.87788357571874,45,40.87788357571874
BM-11045,2025-03-18,Bahir Dar,Store,Electronics,Tablet,1,205.0816160127035,0.08,188.67508673168723,120,68.67508673168723
BM-11046,2025-03-18,Addis Ababa,Online,Fashion,Jacket,1,87.84788441945318,0.05,83.45549019848052,45,38.45549019848052
BM-11047,2025-03-18,Nairobi,Online,Beauty,Hair Dryer,1,38.25920356865373,0.05,36.34624339022104,20,16.34624339022104
BM-11048,2025-03-18,Addis Ababa,Online,Electronics,Smart Watch,2,85.99247819079629,0.05,163.38570856251295,96,67.38570856251295
BM-11049,2025-03-18,Nairobi,Online,Electronics,Phone Charger,1,18.338740545235098,0.02,17.971965734330396,7,10.971965734330396
BM-11050,2025-03-18,Dubai,Online,Home,Desk Lamp,1,30.245700438203343,0.05,28.733415416293173,14,14.733415416293173
BM-11051,2025-03-18,Addis Ababa,Online,Home,Water Bottle,2,11.648472494435016,0.02,22.83100608909263,8,14.831006089092629
BM-11052,2025-03-18,Dubai,Online,Electronics,Tablet,2,195.32133400407824,0.08,359.39125456750395,240,119.39125456750395
BM-11053,2025-03-18,Addis Ababa,Online,Electronics,Bluetooth Speaker,2,58.499211473763914,0.05,111.14850180015144,70,41.148501800151436
BM-11054,2025-03-18,Bahir Dar,Online,Beauty,Shampoo,2,10.848907569561765,0.02,21.26385883634106,8,13.263858836341061
BM-11055,2025-03-18,Dubai,Online,Beauty,Hair Dryer,1,41.19649847818629,0.05,39.136673554276975,20,19.136673554276975
BM-11056,2025-03-18,Nairobi,Online,Home,Storage Box,2,15.507688330047415,0.02,30.395069126892935,12,18.395069126892935
BM-11057,2025-03-18,Nairobi,Store,Electronics,Tablet,2,198.62345393818973,0.08,365.4671552462691,240,125.4671552462691
BM-11058,2025-03-19,Dubai,Store,Home,Coffee Maker,1,88.78145431096287,0.05,84.34238159541472,45,39.34238159541472
BM-11059,2025-03-19,Bahir Dar,Store,Home,Vacuum Cleaner,1,151.25942127332183,0.08,139.1586675714561,80,59.15866757145611
BM-11060,2025-03-19,Bahir Dar,Online,Home,Coffee Maker,1,91.77437501834675,0.05,87.18565626742941,45,42.18565626742941
BM-11061,2025-03-19,Dubai,Store,Fashion,T-Shirt,4,19.8847315779121,0.02,77.94814778541543,32,45.94814778541543
BM-11062,2025-03-19,Addis Ababa,Store,Fashion,Jeans,1,51.78290872112504,0.05,49.19376328506878,25,24.193763285068783
BM-11063,2025-03-19,Addis Ababa,Online,Electronics,Smart Watch,2,80.97432363565134,0.05,153.85121490773756,96,57.85121490773756
BM-11064,2025-03-19,Dubai,Store,Electronics,Laptop,1,1227.1013129544242,0.1,1104.3911816589818,500,604.3911816589818
BM-11065,2025-03-19,Dubai,Online,Electronics,Tablet,1,192.46441607182757,0.08,177.0672627860814,120,57.067262786081386
BM-11066,2025-03-19,Nairobi,Online,Fashion,Sneakers,1,66.80106481405505,0.05,63.461011573352295,37,26.461011573352295
BM-11067,2025-03-19,Addis Ababa,Online,Fashion,Jeans,1,50.15413675555307,0.05,47.646429917775414,25,22.646429917775414
BM-11068,2025-03-19,Addis Ababa,Store,Home,Vacuum Cleaner,1,151.43576675764302,0.08,139.32090541703158,80,59.32090541703158
BM-11069,2025-03-19,Addis Ababa,Store,Beauty,Shampoo,2,10.740155355159379,0.02,21.05070449611238,8,13.050704496112381
BM-11070,2025-03-19,Addis Ababa,Online,Home,Water Bottle,1,11.730773783768571,0.02,11.4961583080932,4,7.4961583080932
BM-11071,2025-03-19,Addis Ababa,Store,Beauty,Shampoo,1,10.796409424394355,0.02,10.580481235906468,4,6.580481235906468
BM-11072,2025-03-19,Bahir Dar,Store,Electronics,Bluetooth Speaker,3,58.7857238143041,0.05,167.53931287076668,105,62.53931287076668
BM-11073,2025-03-19,Dubai,Store,Electronics,Phone Charger,1,18.06057874634517,0.02,17.699367171418263,7,10.699367171418263
BM-11074,2025-03-19,Hawassa,Online,Home,Desk Lamp,2,29.224773250860817,0.05,55.52706917663555,28,27.52706917663555
BM-11075,2025-03-20,Hawassa,Online,Electronics,Phone Charger,2,18.598442961788294,0.02,36.45294820510505,14,22.452948205105052
BM-11076,2025-03-20,Dubai,Online,Beauty,Shampoo,1,10.819903698639758,0.02,10.603505624666962,4,6.603505624666962
BM-11077,2025-03-20,Hawassa,Online,Beauty,Face Cream,2,23.511427468156032,0.02,46.08239783758582,20,26.082397837585823
BM-11078,2025-03-20,Addis Ababa,Store,Fashion,T-Shirt,2,20.151871251225664,0.02,39.4976676524023,16,23.4976676524023
BM-11079,2025-03-20,Addis Ababa,Store,Electronics,Bluetooth Speaker,1,61.338560061767176,0.05,58.27163205867881,35,23.27163205867881
BM-11080,2025-03-20,Addis Ababa,Store,Electronics,Smart Watch,1,80.24248108935409,0.05,76.23035703488638,48,28.23035703488638
BM-11081,2025-03-20,Nairobi,Online,Beauty,Makeup Kit,3,72.50953199829416,0.05,206.65216619513836,105,101.65216619513836
BM-11082,2025-03-20,Hawassa,Online,Electronics,Smartphone,1,614.8715413997627,0.1,553.3843872597864,350,203.38438725978642
BM-11083,2025-03-21,Bahir Dar,Store,Electronics,Wireless Earbuds,1,42.821998729780354,0.05,40.680898793291334,25,15.680898793291334
BM-11084,2025-03-21,Nairobi,Online,Beauty,Hair Dryer,1,40.1376246052073,0.05,38.13074337494693,20,18.13074337494693
BM-11085,2025-03-21,Bahir Dar,Online,Beauty,Makeup Kit,1,69.03747273784803,0.05,65.58559910095563,35,30.585599100955633
BM-11086,2025-03-21,Addis Ababa,Online,Beauty,Hair Dryer,1,40.307108362582426,0.05,38.2917529444533,20,18.2917529444533
BM-11087,2025-03-21,Bahir Dar,Online,Fashion,Sneakers,1,64.9786939246304,0.05,61.72975922839888,37,24.729759228398883
BM-11088,2025-03-21,Dubai,Online,Electronics,Smart Watch,1,81.9849532271661,0.05,77.8857055658078,48,29.885705565807797
BM-11089,2025-03-21,Addis Ababa,Store,Fashion,Sneakers,1,67.48223960523053,0.05,64.108127624969,37,27.108127624969
BM-11090,2025-03-21,Dubai,Online,Fashion,T-Shirt,1,19.86624373904237,0.02,19.468918864261525,8,11.468918864261525
BM-11091,2025-03-21,Addis Ababa,Store,Home,Storage Box,1,14.6892921924624,0.02,14.395506348613152,6,8.395506348613152
BM-11092,2025-03-21,Bahir Dar,Online,Beauty,Shampoo,1,11.160852449930344,0.02,10.937635400931736,4,6.937635400931736
BM-11093,2025-03-22,Nairobi,Online,Beauty,Perfume,1,53.180290038200596,0.05,50.52127553629057,28,22.521275536290567
BM-11094,2025-03-22,Hawassa,Online,Electronics,Bluetooth Speaker,1,60.04612882280235,0.05,57.04382238166223,35,22.04382238166223
BM-11095,2025-03-22,Addis Ababa,Store,Electronics,Bluetooth Speaker,1,59.197455818537435,0.05,56.23758302761056,35,21.23758302761056
BM-11096,2025-03-22,Addis Ababa,Online,Fashion,Jeans,2,51.198139067225135,0.05,97.27646422772776,50,47.27646422772776
BM-11097,2025-03-22,Bahir Dar,Online,Home,Storage Box,1,14.93311821205841,0.02,14.634455847817241,6,8.634455847817241
BM-11098,2025-03-22,Bahir Dar,Online,Fashion,Hoodie,2,42.103861252701265,0.05,79.9973363801324,40,39.997336380132396
BM-11099,2025-03-22,Addis Ababa,Store,Fashion,T-Shirt,1,19.456732486882856,0.02,19.0675978371452,8,11.0675978371452
BM-11100,2025-03-22,Addis Ababa,Online,Beauty,Face Cream,1,23.954280636768118,0.02,23.475195024032754,10,13.475195024032754
BM-11101,2025-03-22,Addis Ababa,Store,Fashion,Sneakers,3,66.18265249425406,0.05,188.62055960862406,111,77.62055960862406
BM-11102,2025-03-22,Nairobi,Online,Fashion,Jeans,2,49.95746749664616,0.05,94.9191882436277,50,44.9191882436277
BM-11103,2025-03-22,Hawassa,Online,Fashion,Hoodie,2,43.84565479001487,0.05,83.30674410102824,40,43.306744101028244
BM-11104,2025-03-22,Dubai,Store,Electronics,Phone Charger,1,18.573565799421605,0.02,18.20209448343317,7,11.202094483433171
BM-11105,2025-03-22,Nairobi,Store,Home,Water Bottle,1,11.681055386953373,0.02,11.447434279214306,4,7.447434279214306
BM-11106,2025-03-22,Dubai,Online,Electronics,Phone Charger,1,18.66456388403919,0.02,18.291272606358405,7,11.291272606358405
BM-11107,2025-03-22,Dubai,Online,Home,Coffee Maker,3,91.06576175433781,0.05,259.5374209998628,135,124.53742099986277
BM-11108,2025-03-22,Addis Ababa,Store,Home,Water Bottle,1,12.190622790305486,0.02,11.946810334499377,4,7.946810334499377
BM-11109,2025-03-22,Addis Ababa,Online,Beauty,Shampoo,2,11.004538923455085,0.02,21.568896289971967,8,13.568896289971967
BM-11110,2025-03-23,Addis Ababa,Store,Beauty,Makeup Kit,1,68.27471879376304,0.05,64.86098285407489,35,29.86098285407489
BM-11111,2025-03-23,Nairobi,Store,Electronics,Bluetooth Speaker,1,59.18314390215763,0.05,56.22398670704975,35,21.223986707049747
BM-11112,2025-03-23,Addis Ababa,Online,Electronics,Wireless Earbuds,1,45.81367094230174,0.05,43.522987395186654,25,18.522987395186654
BM-11113,2025-03-23,Addis Ababa,Store,Electronics,Wireless Earbuds,1,44.164721744523476,0.05,41.9564856572973,25,16.9564856572973
BM-11114,2025-03-23,Bahir Dar,Store,Home,Desk Lamp,1,30.128335423898456,0.05,28.62191865270353,14,14.621918652703531
BM-11115,2025-03-23,Dubai,Online,Electronics,Phone Charger,2,18.586982293620252,0.02,36.43048529549569,14,22.430485295495693
BM-11116,2025-03-23,Dubai,Store,Beauty,Perfume,1,55.10309917473602,0.05,52.34794421599922,28,24.34794421599922
BM-11117,2025-03-23,Bahir Dar,Store,Electronics,Phone Charger,1,18.288136065449578,0.02,17.922373344140585,7,10.922373344140585
BM-11118,2025-03-23,Addis Ababa,Online,Electronics,Wireless Earbuds,2,45.512103065216785,0.05,86.47299582391189,50,36.47299582391189
BM-11119,2025-03-23,Addis Ababa,Store,Electronics,Wireless Earbuds,1,45.68639681677175,0.05,43.402076975933156,25,18.402076975933156
BM-11120,2025-03-23,Bahir Dar,Online,Home,Vacuum Cleaner,2,146.6464386679423,0.08,269.82944714901384,160,109.82944714901384
BM-11121,2025-03-23,Addis Ababa,Online,Fashion,Sneakers,1,65.60285586552676,0.05,62.32271307225042,37,25.322713072250423
BM-11122,2025-03-23,Dubai,Online,Home,Vacuum Cleaner,1,156.42868004994116,0.08,143.91438564594588,80,63.914385645945885
BM-11123,2025-03-24,Addis Ababa,Store,Fashion,Jacket,1,91.26118861936389,0.05,86.6981291883957,45,41.6981291883957
BM-11124,2025-03-24,Dubai,Store,Home,Desk Lamp,1,30.370292035845186,0.05,28.851777434052924,14,14.851777434052924
BM-11125,2025-03-24,Bahir Dar,Store,Beauty,Face Cream,1,25.493552501414015,0.02,24.983681451385735,10,14.983681451385735
BM-11126,2025-03-24,Addis Ababa,Store,Fashion,Sneakers,2,67.1793128689821,0.05,127.64069445106597,74,53.64069445106597
BM-11127,2025-03-24,Bahir Dar,Online,Electronics,Bluetooth Speaker,1,59.48459835839943,0.05,56.51036844047945,35,21.510368440479454
BM-11128,2025-03-24,Hawassa,Store,Fashion,Jeans,2,50.50655011413304,0.05,95.96244521685277,50,45.96244521685277
BM-11129,2025-03-24,Hawassa,Online,Fashion,Jeans,1,50.61296074925236,0.05,48.08231271178974,25,23.08231271178974
BM-11130,2025-03-24,Addis Ababa,Store,Electronics,Smartphone,2,591.5353014335814,0.1,1064.7635425804465,700,364.7635425804465
BM-11131,2025-03-24,Addis Ababa,Store,Electronics,Smartphone,3,602.5550815621018,0.1,1626.898720217675,1050,576.898720217675
BM-11132,2025-03-24,Nairobi,Store,Beauty,Shampoo,1,10.948238806644719,0.02,10.729274030511824,4,6.729274030511824
BM-11133,2025-03-24,Nairobi,Store,Home,Vacuum Cleaner,3,155.03318360539959,0.08,427.8915867509029,240,187.8915867509029
BM-11134,2025-03-24,Bahir Dar,Store,Electronics,Smart Watch,2,79.56765555335606,0.05,151.17854555137652,96,55.178545551376516
BM-11135,2025-03-24,Hawassa,Store,Home,Storage Box,1,14.740442223115176,0.02,14.445633378652872,6,8.445633378652872
BM-11136,2025-03-24,Nairobi,Store,Fashion,T-Shirt,1,19.946394415523883,0.02,19.547466527213405,8,11.547466527213405
BM-11137,2025-03-24,Dubai,Online,Beauty,Face Cream,2,24.113853936697595,0.02,47.26315371592729,20,27.263153715927288
BM-11138,2025-03-25,Nairobi,Store,Electronics,Wireless Earbuds,1,45.452604815276196,0.05,43.179974574512386,25,18.179974574512386
BM-11139,2025-03-25,Dubai,Online,Beauty,Perfume,1,57.63747604261456,0.05,54.755602240483825,28,26.755602240483825
BM-11140,2025-03-25,Addis Ababa,Online,Beauty,Makeup Kit,2,69.98486490447857,0.05,132.97124331850927,70,62.971243318509266
BM-11141,2025-03-25,Dubai,Store,Home,Storage Box,1,15.219310363897355,0.02,14.914924156619408,6,8.914924156619408
BM-11142,2025-03-25,Dubai,Store,Beauty,Face Cream,4,24.677748512536475,0.02,96.73677416914298,40,56.736774169142976
BM-11143,2025-03-25,Bahir Dar,Store,Fashion,Hoodie,2,42.04639941553384,0.05,79.8881588895143,40,39.8881588895143
BM-11144,2025-03-25,Addis Ababa,Online,Beauty,Perfume,2,54.246281203339905,0.05,103.06793428634582,56,47.06793428634582
BM-11145,2025-03-25,Bahir Dar,Store,Beauty,Makeup Kit,2,70.29530829164933,0.05,133.56108575413373,70,63.56108575413373
BM-11146,2025-03-26,Dubai,Online,Home,Coffee Maker,2,89.7851293350533,0.05,170.59174573660127,90,80.59174573660127
BM-11147,2025-03-26,Addis Ababa,Store,Home,Storage Box,2,14.791790270936174,0.02,28.9919089310349,12,16.9919089310349
BM-11148,2025-03-26,Nairobi,Online,Fashion,Jacket,1,88.8567277670647,0.05,84.41389137871145,45,39.413891378711455
BM-11149,2025-03-26,Dubai,Online,Fashion,Jeans,1,49.3356788721165,0.05,46.86889492851068,25,21.868894928510677
BM-11150,2025-03-26,Addis Ababa,Online,Beauty,Perfume,2,52.615856695559216,0.05,99.9701277215625,56,43.970127721562505
BM-11151,2025-03-26,Dubai,Store,Fashion,Sneakers,2,67.94330998253358,0.05,129.09228896681378,74,55.09228896681378
BM-11152,2025-03-26,Nairobi,Online,Electronics,Phone Charger,1,18.990496412439565,0.02,18.610686484190772,7,11.610686484190772
BM-11153,2025-03-26,Dubai,Online,Fashion,Hoodie,3,41.70747443855348,0.05,118.86630214987743,60,58.86630214987743
BM-11154,2025-03-26,Dubai,Online,Electronics,Smart Watch,1,80.45374603602548,0.05,76.4310587342242,48,28.431058734224194
BM-11155,2025-03-26,Addis Ababa,Store,Home,Desk Lamp,3,30.650386360584008,0.05,87.35360112766442,42,45.35360112766442
BM-11156,2025-03-26,Addis Ababa,Online,Beauty,Makeup Kit,3,69.5776034542726,0.05,198.2961698446769,105,93.29616984467691
BM-11157,2025-03-26,Dubai,Online,Beauty,Makeup Kit,1,70.2665256519578,0.05,66.75319936935992,35,31.75319936935992
BM-11158,2025-03-26,Nairobi,Store,Beauty,Perfume,1,55.26851288542334,0.05,52.505087241152175,28,24.505087241152175
BM-11159,2025-03-27,Addis Ababa,Online,Fashion,Hoodie,2,39.73456496698295,0.05,75.4956734372676,40,35.4956734372676
BM-11160,2025-03-27,Addis Ababa,Online,Fashion,Jeans,1,47.67689007782378,0.05,45.29304557393259,25,20.293045573932588
BM-11161,2025-03-27,Nairobi,Online,Electronics,Tablet,2,203.82847762946054,0.08,375.0443988382074,240,135.04439883820743
BM-11162,2025-03-27,Hawassa,Online,Electronics,Phone Charger,1,18.390812544675537,0.02,18.022996293782025,7,11.022996293782025
BM-11163,2025-03-27,Bahir Dar,Online,Home,Desk Lamp,1,30.291102692481132,0.05,28.776547557857075,14,14.776547557857075
BM-11164,2025-03-27,Bahir Dar,Online,Electronics,Smartphone,1,603.578641650757,0.1,543.2207774856813,350,193.2207774856813
BM-11165,2025-03-27,Dubai,Online,Fashion,Jeans,1,53.014055049549604,0.05,50.36335229707212,25,25.36335229707212
BM-11166,2025-03-27,Bahir Dar,Online,Electronics,Laptop,1,1203.9755815748417,0.1,1083.5780234173576,500,583.5780234173576
BM-11167,2025-03-27,Addis Ababa,Online,Home,Coffee Maker,2,92.70850984430724,0.05,176.14616870418376,90,86.14616870418376
BM-11168,2025-03-27,Addis Ababa,Online,Fashion,Jacket,1,90.71417350979868,0.05,86.17846483430874,45,41.17846483430874
BM-11169,2025-03-27,Bahir Dar,Online,Fashion,Sneakers,2,64.54773396546855,0.05,122.64069453439025,74,48.64069453439025
BM-11170,2025-03-27,Addis Ababa,Online,Fashion,Sneakers,1,67.87476040437645,0.05,64.48102238415763,37,27.481022384157626
BM-11171,2025-03-27,Bahir Dar,Online,Home,Desk Lamp,2,30.844957761471893,0.05,58.60541974679659,28,30.605419746796592
BM-11172,2025-03-27,Addis Ababa,Online,Electronics,Smartphone,1,605.8804559708628,0.1,545.2924103737765,350,195.29241037377653
BM-11173,2025-03-28,Bahir Dar,Store,Fashion,T-Shirt,1,19.764995640492327,0.02,19.36969572768248,8,11.36969572768248
BM-11174,2025-03-28,Addis Ababa,Online,Electronics,Bluetooth Speaker,1,59.43414648885559,0.05,56.46243916441281,35,21.462439164412807
BM-11175,2025-03-28,Nairobi,Online,Fashion,T-Shirt,2,20.946084415199802,0.02,41.05432545379161,16,25.054325453791613
BM-11176,2025-03-28,Dubai,Store,Electronics,Smart Watch,1,79.17378009440657,0.05,75.21509108968624,48,27.21509108968624
BM-11177,2025-03-28,Addis Ababa,Online,Home,Coffee Maker,1,89.13901441305555,0.05,84.68206369240276,45,39.682063692402764
BM-11178,2025-03-28,Nairobi,Online,Fashion,T-Shirt,1,20.25383088444436,0.02,19.84875426675547,8,11.84875426675547
BM-11179,2025-03-28,Bahir Dar,Online,Electronics,Wireless Earbuds,1,43.75190134075585,0.05,41.56430627371805,25,16.564306273718053
BM-11180,2025-03-28,Hawassa,Online,Beauty,Shampoo,1,10.455866941605427,0.02,10.246749602773319,4,6.246749602773319
BM-11181,2025-03-28,Nairobi,Online,Electronics,Bluetooth Speaker,1,59.126469600807646,0.05,56.170146120767264,35,21.170146120767264
BM-11182,2025-03-28,Nairobi,Online,Beauty,Face Cream,2,24.439626565661612,0.02,47.90166806869676,20,27.901668068696758
BM-11183,2025-03-29,Addis Ababa,Store,Electronics,Phone Charger,3,18.482854178682746,0.02,54.33959128532728,21,33.33959128532728
BM-11184,2025-03-29,Dubai,Store,Home,Vacuum Cleaner,3,152.92357882775963,0.08,422.0690775646166,240,182.06907756461658
BM-11185,2025-03-29,Dubai,Online,Beauty,Hair Dryer,3,41.20554056448029,0.05,117.43579060876881,60,57.43579060876881
BM-11186,2025-03-29,Dubai,Store,Beauty,Perfume,1,54.164647568686306,0.05,51.45641519025199,28,23.456415190251988
BM-11187,2025-03-29,Bahir Dar,Store,Fashion,Jacket,2,94.54007108611326,0.05,179.62613506361518,90,89.62613506361518
BM-11188,2025-03-29,Addis Ababa,Online,Beauty,Hair Dryer,2,38.7206099120785,0.05,73.56915883294914,40,33.56915883294914
BM-11189,2025-03-29,Hawassa,Store,Electronics,Tablet,2,205.79111334397976,0.08,378.6556485529228,240,138.6556485529228
BM-11190,2025-03-29,Bahir Dar,Online,Beauty,Makeup Kit,3,71.36940681617669,0.05,203.40280942610354,105,98.40280942610354
BM-11191,2025-03-29,Dubai,Online,Electronics,Laptop,3,1192.9560181765673,0.1,3220.9812490767317,1500,1720.9812490767317
BM-11192,2025-03-29,Bahir Dar,Store,Electronics,Smart Watch,1,82.37378268919815,0.05,78.25509355473824,48,30.255093554738238
BM-11193,2025-03-29,Dubai,Online,Electronics,Smart Watch,1,80.86753824442891,0.05,76.82416133220747,48,28.824161332207467
BM-11194,2025-03-29,Dubai,Online,Home,Vacuum Cleaner,4,147.92477351619053,0.08,544.3631665395811,320,224.36316653958113
BM-11195,2025-03-29,Dubai,Online,Beauty,Perfume,1,55.072341604378146,0.05,52.31872452415924,28,24.318724524159236
BM-11196,2025-03-29,Addis Ababa,Online,Electronics,Wireless Earbuds,1,45.22878509028267,0.05,42.96734583576853,25,17.967345835768533
BM-11197,2025-03-29,Nairobi,Online,Beauty,Makeup Kit,2,70.1019626776901,0.05,133.1937290876112,70,63.19372908761119
BM-11198,2025-03-29,Bahir Dar,Online,Fashion,Hoodie,1,43.79273011435514,0.05,41.60309360863738,20,21.60309360863738
BM-11199,2025-03-30,Addis Ababa,Online,Electronics,Wireless Earbuds,1,46.00775307491692,0.05,43.70736542117107,25,18.70736542117107
BM-11200,2025-03-30,Dubai,Online,Home,Desk Lamp,2,29.816907921185535,0.05,56.652125050252515,28,28.652125050252515
BM-11201,2025-03-30,Addis Ababa,Online,Electronics,Smartphone,2,611.4616233552565,0.1,1100.6309220394617,700,400.63092203946167
BM-11202,2025-03-30,Dubai,Online,Electronics,Bluetooth Speaker,1,60.99482316038475,0.05,57.94508200236551,35,22.94508200236551
BM-11203,2025-03-30,Addis Ababa,Store,Electronics,Laptop,2,1173.3424612572912,0.1,2112.016430263124,1000,1112.0164302631242
BM-11204,2025-03-30,Dubai,Store,Home,Desk Lamp,4,28.643877964804695,0.05,108.84673626625784,56,52.846736266257835
BM-11205,2025-03-30,Bahir Dar,Store,Fashion,Hoodie,1,42.81956816497133,0.05,40.67858975672276,20,20.678589756722758
BM-11206,2025-03-30,Addis Ababa,Online,Electronics,Laptop,4,1247.8481047002208,0.1,4492.253176920795,2000,2492.2531769207953
BM-11207,2025-03-30,Addis Ababa,Store,Home,Coffee Maker,1,89.80877294789231,0.05,85.31833430049768,45,40.31833430049768
BM-11208,2025-03-30,Addis Ababa,Store,Fashion,Sneakers,2,64.67519567096525,0.05,122.88287177483397,74,48.88287177483397
BM-11209,2025-03-30,Nairobi,Online,Home,Water Bottle,1,11.830647850315893,0.02,11.594034893309574,4,7.5940348933095745
BM-11210,2025-03-30,Dubai,Online,Electronics,Smartphone,1,596.9010110914876,0.1,537.2109099823389,350,187.21090998233888
BM-11211,2025-03-30,Addis Ababa,Online,Electronics,Wireless Earbuds,2,44.458379974248174,0.05,84.47092195107153,50,34.47092195107153
BM-11212,2025-03-31,Addis Ababa,Online,Beauty,Shampoo,3,11.066829829370752,0.02,32.53647969835001,12,20.536479698350007
BM-11213,2025-03-31,Nairobi,Store,Fashion,T-Shirt,1,20.80672048011268,0.02,20.390586070510427,8,12.390586070510427
BM-11214,2025-03-31,Bahir Dar,Store,Fashion,Jeans,2,51.08005453259279,0.05,97.0521036119263,50,47.0521036119263
BM-11215,2025-03-31,Addis Ababa,Online,Beauty,Hair Dryer,2,38.578271258551304,0.05,73.29871539124747,40,33.29871539124747
BM-11216,2025-03-31,Addis Ababa,Store,Electronics,Wireless Earbuds,1,45.85875620347304,0.05,43.56581839329939,25,18.565818393299388
BM-11217,2025-03-31,Dubai,Store,Electronics,Bluetooth Speaker,1,57.73316597025614,0.05,54.84650767174333,35,19.846507671743332
BM-11218,2025-03-31,Nairobi,Store,Beauty,Makeup Kit,2,69.74324589727497,0.05,132.51216720482245,70,62.51216720482245
BM-11219,2025-03-31,Dubai,Store,Home,Water Bottle,1,11.806873315850307,0.02,11.570735849533301,4,7.5707358495333015
BM-11220,2025-03-31,Dubai,Online,Fashion,Jeans,1,51.799928923875825,0.05,49.20993247768203,25,24.20993247768203
BM-11221,2025-03-31,Addis Ababa,Store,Beauty,Perfume,2,55.74773496588712,0.05,105.92069643518552,56,49.92069643518552
BM-11222,2025-04-01,Bahir Dar,Online,Fashion,T-Shirt,2,19.327627626841796,0.02,37.88215014860992,16,21.882150148609917
BM-11223,2025-04-01,Dubai,Store,Home,Coffee Maker,1,91.86890298196462,0.05,87.2754578328664,45,42.275457832866394
BM-11224,2025-04-01,Dubai,Online,Electronics,Bluetooth Speaker,1,62.98403933787242,0.05,59.834837370978796,35,24.834837370978796
BM-11225,2025-04-01,Nairobi,Online,Electronics,Phone Charger,1,17.75840889020814,0.02,17.403240712403978,7,10.403240712403978
BM-11226,2025-04-01,Addis Ababa,Store,Fashion,T-Shirt,1,19.56473401363529,0.02,19.173439333362584,8,11.173439333362584
BM-11227,2025-04-01,Addis Ababa,Online,Home,Storage Box,1,15.616068063319942,0.02,15.303746702053543,6,9.303746702053543
BM-11228,2025-04-01,Dubai,Online,Home,Storage Box,1,14.638750473573921,0.02,14.345975464102443,6,8.345975464102443
BM-11229,2025-04-01,Addis Ababa,Online,Fashion,Hoodie,1,42.083470866246024,0.05,39.97929732293372,20,19.979297322933718
BM-11230,2025-04-02,Bahir Dar,Online,Electronics,Phone Charger,1,17.347841333706906,0.02,17.00088450703277,7,10.000884507032769
BM-11231,2025-04-02,Addis Ababa,Online,Beauty,Hair Dryer,1,38.92699984590165,0.05,36.980649853606565,20,16.980649853606565
BM-11232,2025-04-02,Nairobi,Online,Beauty,Makeup Kit,2,68.8000134131223,0.05,130.72002548493236,70,60.720025484932364
BM-11233,2025-04-02,Addis Ababa,Store,Home,Desk Lamp,2,30.34833746812157,0.05,57.66184118943098,28,29.66184118943098
BM-11234,2025-04-02,Bahir Dar,Online,Fashion,Jacket,2,89.90080844150745,0.05,170.81153603886415,90,80.81153603886415
BM-11235,2025-04-02,Bahir Dar,Store,Home,Water Bottle,1,12.092223229948207,0.02,11.850378765349243,4,7.850378765349243
BM-11236,2025-04-02,Bahir Dar,Online,Beauty,Face Cream,1,23.567362731120724,0.02,23.09601547649831,10,13.096015476498309
BM-11237,2025-04-02,Bahir Dar,Online,Fashion,T-Shirt,2,20.219408261680847,0.02,39.63004019289446,16,23.630040192894462
BM-11238,2025-04-02,Dubai,Online,Electronics,Laptop,1,1186.8961331967653,0.1,1068.2065198770888,500,568.2065198770888
BM-11239,2025-04-02,Nairobi,Online,Fashion,Sneakers,1,64.53474071397143,0.05,61.308003678272854,37,24.308003678272854
BM-11240,2025-04-02,Bahir Dar,Online,Fashion,Jeans,2,50.51249996665712,0.05,95.97374993664852,50,45.97374993664852
BM-11241,2025-04-02,Dubai,Online,Beauty,Shampoo,1,10.595690703923193,0.02,10.383776889844729,4,6.383776889844729
BM-11242,2025-04-02,Nairobi,Store,Electronics,Smartphone,1,597.9528943218247,0.1,538.1576048896422,350,188.15760488964224
BM-11243,2025-04-03,Bahir Dar,Store,Beauty,Hair Dryer,1,40.95330355164278,0.05,38.90563837406064,20,18.905638374060644
BM-11244,2025-04-03,Dubai,Online,Beauty,Makeup Kit,4,72.25241145490709,0.05,274.55916352864693,140,134.55916352864693
BM-11245,2025-04-03,Nairobi,Store,Home,Vacuum Cleaner,2,145.57510619395248,0.08,267.8581953968726,160,107.85819539687259
BM-11246,2025-04-03,Bahir Dar,Store,Electronics,Wireless Earbuds,2,44.601246004526686,0.05,84.7423674086007,50,34.7423674086007
BM-11247,2025-04-03,Dubai,Store,Home,Coffee Maker,2,90.16328943132979,0.05,171.3102499195266,90,81.3102499195266
BM-11248,2025-04-03,Dubai,Store,Electronics,Smartphone,2,559.9962378295065,0.1,1007.9932280931117,700,307.9932280931117
BM-11249,2025-04-03,Bahir Dar,Online,Home,Storage Box,1,14.882465312743653,0.02,14.58481600648878,6,8.58481600648878
BM-11250,2025-04-03,Hawassa,Online,Electronics,Smart Watch,1,80.6805567750759,0.05,76.6465289363221,48,28.6465289363221
BM-11251,2025-04-03,Dubai,Online,Home,Water Bottle,2,12.010933117747893,0.02,23.541428910785868,8,15.541428910785868
BM-11252,2025-04-03,Bahir Dar,Store,Home,Water Bottle,2,11.564564002688018,0.02,22.666545445268515,8,14.666545445268515
BM-11253,2025-04-03,Hawassa,Store,Electronics,Phone Charger,1,17.922779730731218,0.02,17.564324136116593,7,10.564324136116593
BM-11254,2025-04-03,Bahir Dar,Store,Home,Water Bottle,2,11.933735038034744,0.02,23.390120674548097,8,15.390120674548097
BM-11255,2025-04-03,Dubai,Online,Home,Storage Box,1,14.719244134301746,0.02,14.424859251615711,6,8.424859251615711
BM-11256,2025-04-03,Addis Ababa,Store,Home,Water Bottle,2,11.942051796918411,0.02,23.406421521960088,8,15.406421521960088
BM-11257,2025-04-03,Dubai,Store,Home,Coffee Maker,1,92.30866193284545,0.05,87.69322883620318,45,42.693228836203176
BM-11258,2025-04-03,Nairobi,Online,Home,Water Bottle,1,12.36393697513964,0.02,12.116658235636848,4,8.116658235636848
BM-11259,2025-04-04,Addis Ababa,Online,Fashion,Hoodie,1,41.99121399089517,0.05,39.89165329135041,20,19.89165329135041
BM-11260,2025-04-04,Nairobi,Online,Fashion,Jeans,3,49.605207289600216,0.05,141.37484077536058,75,66.37484077536058
BM-11261,2025-04-04,Hawassa,Online,Electronics,Smartphone,1,599.5496482828729,0.1,539.5946834545856,350,189.5946834545856
BM-11262,2025-04-04,Addis Ababa,Store,Home,Desk Lamp,2,30.648438896645743,0.05,58.232033903626906,28,30.232033903626906
BM-11263,2025-04-04,Dubai,Store,Electronics,Laptop,2,1194.8690363514681,0.1,2150.764265432643,1000,1150.7642654326428
BM-11264,2025-04-04,Dubai,Online,Beauty,Face Cream,1,23.980124364382796,0.02,23.50052187709514,10,13.500521877095139
BM-11265,2025-04-04,Nairobi,Online,Electronics,Laptop,4,1174.4073000829453,0.1,4227.866280298604,2000,2227.8662802986037
BM-11266,2025-04-04,Hawassa,Online,Home,Desk Lamp,2,30.53876097099813,0.05,58.02364584489644,28,30.023645844896443
BM-11267,2025-04-04,Bahir Dar,Store,Beauty,Face Cream,1,23.303827712424088,0.02,22.837751158175607,10,12.837751158175607
BM-11268,2025-04-04,Bahir Dar,Online,Electronics,Phone Charger,1,18.21470379204576,0.02,17.850409716204844,7,10.850409716204844
BM-11269,2025-04-04,Dubai,Online,Beauty,Face Cream,1,24.257281930700348,0.02,23.77213629208634,10,13.77213629208634
BM-11270,2025-04-04,Bahir Dar,Store,Beauty,Perfume,1,52.21085454910662,0.05,49.60031182165129,28,21.60031182165129
BM-11271,2025-04-04,Bahir Dar,Online,Fashion,Hoodie,1,42.780787350104674,0.05,40.64174798259944,20,20.64174798259944
BM-11272,2025-04-04,Bahir Dar,Online,Fashion,Sneakers,3,69.17938648601772,0.05,197.16125148515047,111,86.16125148515047
BM-11273,2025-04-04,Nairobi,Store,Electronics,Smart Watch,2,82.46560737853771,0.05,156.68465401922165,96,60.684654019221654
BM-11274,2025-04-04,Addis Ababa,Store,Electronics,Phone Charger,1,18.668767790637226,0.02,18.295392434824482,7,11.295392434824482
BM-11275,2025-04-05,Nairobi,Online,Fashion,Sneakers,2,65.18193376734712,0.05,123.84567415795952,74,49.84567415795952
BM-11276,2025-04-05,Dubai,Store,Electronics,Laptop,2,1192.8596483136037,0.1,2147.1473669644865,1000,1147.1473669644865
BM-11277,2025-04-05,Bahir Dar,Online,Home,Storage Box,2,15.786566480266712,0.02,30.941670301322755,12,18.941670301322755
BM-11278,2025-04-05,Addis Ababa,Online,Electronics,Bluetooth Speaker,4,60.850025860456626,0.05,231.23009826973518,140,91.23009826973518
BM-11279,2025-04-05,Addis Ababa,Store,Beauty,Makeup Kit,1,73.08157917572332,0.05,69.42750021693715,35,34.42750021693715
BM-11280,2025-04-05,Hawassa,Store,Electronics,Tablet,3,204.88482075214355,0.08,565.4821052759162,360,205.48210527591618
BM-11281,2025-04-05,Hawassa,Online,Beauty,Shampoo,2,11.076950572880259,0.02,21.71082312284531,8,13.710823122845309
BM-11282,2025-04-05,Bahir Dar,Online,Fashion,Jeans,2,50.299479555181904,0.05,95.56901115484561,50,45.56901115484561
BM-11283,2025-04-05,Dubai,Store,Fashion,Sneakers,1,62.36793112255592,0.05,59.249534566428125,37,22.249534566428125
BM-11284,2025-04-05,Bahir Dar,Online,Electronics,Phone Charger,1,18.01361095418518,0.02,17.653338735101475,7,10.653338735101475
BM-11285,2025-04-05,Dubai,Store,Beauty,Hair Dryer,1,39.01462199593012,0.05,37.063890896133614,20,17.063890896133614
BM-11286,2025-04-05,Addis Ababa,Online,Electronics,Smart Watch,1,80.01786374622141,0.05,76.01697055891033,48,28.01697055891033
BM-11287,2025-04-05,Addis Ababa,Store,Fashion,Jeans,2,51.94502040868747,0.05,98.69553877650618,50,48.69553877650618
BM-11288,2025-04-05,Addis Ababa,Store,Electronics,Tablet,1,195.79688146417928,0.08,180.13313094704495,120,60.13313094704495
BM-11289,2025-04-05,Addis Ababa,Online,Electronics,Phone Charger,1,18.015617730213954,0.02,17.655305375609675,7,10.655305375609675
BM-11290,2025-04-05,Dubai,Online,Home,Coffee Maker,2,87.88023265083577,0.05,166.97244203658795,90,76.97244203658795
BM-11291,2025-04-05,Nairobi,Store,Home,Desk Lamp,1,30.094710852928177,0.05,28.589975310281766,14,14.589975310281766
BM-11292,2025-04-05,Addis Ababa,Store,Electronics,Smart Watch,3,80.64694816698469,0.05,229.84380227590634,144,85.84380227590634
BM-11293,2025-04-05,Addis Ababa,Store,Beauty,Face Cream,1,23.297346008577957,0.02,22.831399088406396,10,12.831399088406396
BM-11294,2025-04-05,Addis Ababa,Online,Home,Storage Box,2,14.798723227371262,0.02,29.005497525647673,12,17.005497525647673
BM-11295,2025-04-05,Addis Ababa,Online,Home,Coffee Maker,1,89.97746198598833,0.05,85.47858888668891,45,40.47858888668891
BM-11296,2025-04-06,Nairobi,Online,Electronics,Wireless Earbuds,3,45.81186970478568,0.05,130.56382865863915,75,55.56382865863915
BM-11297,2025-04-06,Nairobi,Online,Beauty,Perfume,2,54.75082273882997,0.05,104.02656320377693,56,48.02656320377693
BM-11298,2025-04-06,Dubai,Online,Beauty,Makeup Kit,2,68.86537277615638,0.05,130.8442082746971,70,60.84420827469711
BM-11299,2025-04-06,Bahir Dar,Store,Beauty,Makeup Kit,4,69.4491490876435,0.05,263.9067665330453,140,123.9067665330453
BM-11300,2025-04-06,Addis Ababa,Online,Fashion,Jeans,1,52.36341272012651,0.05,49.745242084120186,25,24.745242084120186
BM-11301,2025-04-06,Addis Ababa,Store,Electronics,Smartphone,3,603.0740898548037,0.1,1628.3000426079698,1050,578.3000426079698
BM-11302,2025-04-06,Addis Ababa,Online,Home,Water Bottle,2,12.372641585588275,0.02,24.25037750775302,8,16.25037750775302
BM-11303,2025-04-06,Addis Ababa,Online,Electronics,Phone Charger,1,18.692309391312833,0.02,18.318463203486576,7,11.318463203486576
BM-11304,2025-04-06,Addis Ababa,Online,Beauty,Makeup Kit,1,71.37130891502026,0.05,67.80274346926925,35,32.802743469269245
BM-11305,2025-04-06,Dubai,Online,Home,Desk Lamp,2,29.931827894938394,0.05,56.870473000382944,28,28.870473000382944
BM-11306,2025-04-06,Bahir Dar,Online,Electronics,Smartphone,1,593.1967263404157,0.1,533.8770537063741,350,183.8770537063741
BM-11307,2025-04-06,Addis Ababa,Online,Electronics,Smart Watch,2,80.6633931574292,0.05,153.26044699911546,96,57.26044699911546
BM-11308,2025-04-06,Dubai,Online,Fashion,T-Shirt,3,19.812302466539883,0.02,58.24816925162725,24,34.24816925162725
BM-11309,2025-04-06,Bahir Dar,Online,Home,Vacuum Cleaner,2,152.83433064070638,0.08,281.21516837889976,160,121.21516837889976
BM-11310,2025-04-07,Bahir Dar,Online,Beauty,Perfume,1,57.003747437008016,0.05,54.15356006515761,28,26.153560065157613
BM-11311,2025-04-07,Addis Ababa,Store,Home,Vacuum Cleaner,2,143.47879789800035,0.08,264.0009881323207,160,104.00098813232069
BM-11312,2025-04-07,Bahir Dar,Online,Electronics,Wireless Earbuds,1,44.72143533773502,0.05,42.48536357084827,25,17.48536357084827
BM-11313,2025-04-07,Dubai,Online,Electronics,Laptop,4,1219.864358444718,0.1,4391.511690400985,2000,2391.5116904009847
BM-11314,2025-04-07,Bahir Dar,Online,Fashion,Jacket,1,88.26945701007632,0.05,83.8559841595725,45,38.8559841595725
BM-11315,2025-04-07,Bahir Dar,Online,Home,Water Bottle,3,12.035402925938737,0.02,35.38408460225988,12,23.384084602259883
BM-11316,2025-04-07,Addis Ababa,Store,Home,Vacuum Cleaner,2,158.36173168198115,0.08,291.3855862948453,160,131.38558629484533
BM-11317,2025-04-07,Dubai,Store,Fashion,T-Shirt,1,20.081535103966353,0.02,19.679904401887026,8,11.679904401887026
BM-11318,2025-04-07,Addis Ababa,Online,Home,Desk Lamp,1,30.29848841817216,0.05,28.78356399726355,14,14.783563997263549
BM-11319,2025-04-07,Bahir Dar,Online,Electronics,Bluetooth Speaker,3,57.108718296424875,0.05,162.7598471448109,105,57.75984714481089
BM-11320,2025-04-08,Dubai,Online,Home,Storage Box,3,15.082102067651865,0.02,44.341380078896485,18,26.341380078896485
BM-11321,2025-04-08,Bahir Dar,Online,Fashion,Sneakers,1,65.34072887727366,0.05,62.073692433409974,37,25.073692433409974
BM-11322,2025-04-08,Nairobi,Online,Electronics,Smart Watch,1,75.30842351499321,0.05,71.54300233924354,48,23.543002339243543
BM-11323,2025-04-08,Addis Ababa,Online,Beauty,Shampoo,2,10.601200673192178,0.02,20.77835331945667,8,12.77835331945667
BM-11324,2025-04-08,Dubai,Online,Beauty,Perfume,1,54.5624661008177,0.05,51.83434279577681,28,23.834342795776813
BM-11325,2025-04-08,Nairobi,Store,Electronics,Smart Watch,2,79.13308934044427,0.05,150.3528697468441,96,54.35286974684411
BM-11326,2025-04-08,Dubai,Online,Home,Coffee Maker,2,87.84687521477453,0.05,166.9090629080716,90,76.9090629080716
BM-11327,2025-04-08,Addis Ababa,Online,Beauty,Shampoo,1,10.819136320082071,0.02,10.60275359368043,4,6.602753593680429
BM-11328,2025-04-08,Nairobi,Online,Electronics,Phone Charger,1,17.925405787505756,0.02,17.56689767175564,7,10.56689767175564
BM-11329,2025-04-08,Bahir Dar,Online,Fashion,Jacket,1,92.83845391832487,0.05,88.19653122240862,45,43.19653122240862
BM-11330,2025-04-08,Bahir Dar,Online,Fashion,Jacket,1,87.20446840322083,0.05,82.84424498305978,45,37.84424498305978
BM-11331,2025-04-08,Addis Ababa,Online,Home,Water Bottle,1,11.862516699504814,0.02,11.625266365514717,4,7.625266365514717
BM-11332,2025-04-08,Dubai,Store,Home,Desk Lamp,2,30.3672196079043,0.05,57.69771725501817,28,29.69771725501817
BM-11333,2025-04-08,Bahir Dar,Online,Electronics,Wireless Earbuds,1,44.84056714251319,0.05,42.598538785387525,25,17.598538785387525
BM-11334,2025-04-09,Addis Ababa,Online,Electronics,Phone Charger,3,18.17242606019529,0.02,53.42693261697414,21,32.42693261697414
BM-11335,2025-04-09,Addis Ababa,Store,Beauty,Shampoo,3,10.855849700779874,0.02,31.916198120292833,12,19.916198120292833
BM-11336,2025-04-09,Dubai,Online,Fashion,T-Shirt,1,20.441675818879396,0.02,20.03284230250181,8,12.032842302501809
BM-11337,2025-04-09,Dubai,Online,Beauty,Face Cream,1,23.19341572588462,0.02,22.729547411366926,10,12.729547411366926
BM-11338,2025-04-09,Nairobi,Online,Fashion,Jacket,1,84.37515587081461,0.05,80.15639807727388,45,35.15639807727388
BM-11339,2025-04-09,Nairobi,Online,Home,Desk Lamp,2,30.43705983049357,0.05,57.830413677937784,28,29.830413677937784
BM-11340,2025-04-09,Bahir Dar,Online,Home,Desk Lamp,2,29.89478715919455,0.05,56.80009560246964,28,28.80009560246964
BM-11341,2025-04-09,Nairobi,Online,Home,Vacuum Cleaner,2,147.3467876399852,0.08,271.11808925757276,160,111.11808925757276
BM-11342,2025-04-09,Addis Ababa,Online,Home,Water Bottle,1,11.8037178942047,0.02,11.567643536320606,4,7.567643536320606
BM-11343,2025-04-09,Bahir Dar,Store,Beauty,Shampoo,1,11.021351158544972,0.02,10.800924135374073,4,6.800924135374073
BM-11344,2025-04-09,Bahir Dar,Online,Fashion,Jeans,3,50.87695683992559,0.05,144.99932699378795,75,69.99932699378795
BM-11345,2025-04-09,Dubai,Online,Fashion,Jeans,1,49.25855436582739,0.05,46.79562664753602,25,21.795626647536018
BM-11346,2025-04-09,Hawassa,Store,Home,Vacuum Cleaner,1,143.77128041622368,0.08,132.2695779829258,80,52.269577982925796
BM-11347,2025-04-09,Dubai,Online,Fashion,Jacket,1,90.9518309431434,0.05,86.40423939598624,45,41.40423939598624
BM-11348,2025-04-09,Nairobi,Online,Beauty,Makeup Kit,3,66.83172001737296,0.05,190.47040204951293,105,85.47040204951293
BM-11349,2025-04-09,Dubai,Online,Electronics,Bluetooth Speaker,1,58.92157945219565,0.05,55.97550047958587,35,20.975500479585868
BM-11350,2025-04-10,Bahir Dar,Store,Home,Desk Lamp,2,29.316819589350033,0.05,55.701957219765056,28,27.701957219765056
BM-11351,2025-04-10,Dubai,Online,Fashion,Jacket,2,94.48367130187948,0.05,179.518975473571,90,89.518975473571
BM-11352,2025-04-10,Hawassa,Store,Fashion,Hoodie,1,42.57549208928625,0.05,40.44671748482194,20,20.44671748482194
BM-11353,2025-04-10,Addis Ababa,Online,Beauty,Shampoo,2,10.890284686785098,0.02,21.34495798609879,8,13.344957986098791
BM-11354,2025-04-10,Addis Ababa,Online,Beauty,Shampoo,1,11.410657929584582,0.02,11.182444770992891,4,7.182444770992891
BM-11355,2025-04-10,Dubai,Online,Beauty,Hair Dryer,1,40.623676326479114,0.05,38.592492510155154,20,18.592492510155154
BM-11356,2025-04-10,Dubai,Store,Home,Water Bottle,1,11.902452179098873,0.02,11.664403135516896,4,7.664403135516896
BM-11357,2025-04-10,Addis Ababa,Online,Home,Water Bottle,1,12.48462908195358,0.02,12.234936500314507,4,8.234936500314507
BM-11358,2025-04-10,Addis Ababa,Online,Beauty,Face Cream,1,24.480814341813332,0.02,23.991198054977065,10,13.991198054977065
BM-11359,2025-04-10,Hawassa,Store,Beauty,Makeup Kit,1,68.63136372108036,0.05,65.19979553502634,35,30.19979553502634
BM-11360,2025-04-10,Dubai,Store,Beauty,Perfume,1,52.37125415534168,0.05,49.7526914475746,28,21.7526914475746
BM-11361,2025-04-10,Addis Ababa,Online,Home,Storage Box,1,14.476172659018955,0.02,14.186649205838576,6,8.186649205838576
BM-11362,2025-04-10,Hawassa,Online,Beauty,Hair Dryer,1,41.8313003205774,0.05,39.739735304548525,20,19.739735304548525
BM-11363,2025-04-10,Dubai,Store,Beauty,Perfume,2,53.1164652353333,0.05,100.92128394713326,56,44.92128394713326
BM-11364,2025-04-11,Nairobi,Store,Fashion,Jacket,4,87.74130918686059,0.05,333.4169749100702,180,153.41697491007022
BM-11365,2025-04-11,Nairobi,Online,Beauty,Perfume,2,55.721974056185346,0.05,105.87175070675215,56,49.87175070675215
BM-11366,2025-04-11,Dubai,Online,Fashion,Jeans,2,49.53848338566399,0.05,94.12311843276157,50,44.12311843276157
BM-11367,2025-04-11,Bahir Dar,Online,Fashion,Sneakers,1,64.89602330960358,0.05,61.651222144123395,37,24.651222144123395
BM-11368,2025-04-11,Dubai,Store,Home,Desk Lamp,1,31.15995855807268,0.05,29.601960630169046,14,15.601960630169046
BM-11369,2025-04-11,Dubai,Online,Beauty,Makeup Kit,2,69.38079743425702,0.05,131.82351512508833,70,61.823515125088335
BM-11370,2025-04-11,Dubai,Store,Fashion,Jacket,2,86.8536182009475,0.05,165.02187458180023,90,75.02187458180023
BM-11371,2025-04-11,Nairobi,Store,Home,Coffee Maker,2,87.37255818540356,0.05,166.00786055226675,90,76.00786055226675
BM-11372,2025-04-11,Addis Ababa,Store,Home,Coffee Maker,1,93.50301285021922,0.05,88.82786220770825,45,43.82786220770825
BM-11373,2025-04-11,Dubai,Online,Beauty,Perfume,1,54.49684387531017,0.05,51.77200168154466,28,23.77200168154466
BM-11374,2025-04-12,Dubai,Online,Beauty,Shampoo,1,11.204712401766871,0.02,10.980618153731534,4,6.980618153731534
BM-11375,2025-04-12,Dubai,Online,Home,Coffee Maker,1,88.87187305319621,0.05,84.4282794005364,45,39.4282794005364
BM-11376,2025-04-12,Hawassa,Online,Fashion,Jeans,1,51.90013265302109,0.05,49.30512602037003,25,24.305126020370032
BM-11377,2025-04-12,Bahir Dar,Store,Beauty,Hair Dryer,2,40.671012427211004,0.05,77.2749236117009,40,37.2749236117009
BM-11378,2025-04-12,Bahir Dar,Online,Electronics,Bluetooth Speaker,4,59.414692058750205,0.05,225.77582982325077,140,85.77582982325077
BM-11379,2025-04-12,Addis Ababa,Online,Beauty,Hair Dryer,1,40.24755698468879,0.05,38.23517913545435,20,18.235179135454352
BM-11380,2025-04-12,Dubai,Store,Fashion,Jacket,1,88.6131966301535,0.05,84.18253679864581,45,39.18253679864581
BM-11381,2025-04-12,Bahir Dar,Store,Electronics,Smart Watch,2,80.5461882112631,0.05,153.03775760139987,96,57.037757601399875
BM-11382,2025-04-12,Dubai,Store,Beauty,Shampoo,3,10.62089486050942,0.02,31.225430889897694,12,19.225430889897694
BM-11383,2025-04-12,Addis Ababa,Online,Fashion,Jeans,2,50.49953835770009,0.05,95.94912287963017,50,45.94912287963017
BM-11384,2025-04-12,Nairobi,Online,Home,Water Bottle,4,11.968947405471082,0.02,46.91827382944664,16,30.91827382944664
BM-11385,2025-04-12,Addis Ababa,Online,Electronics,Laptop,1,1190.167727499997,0.1,1071.1509547499973,500,571.1509547499973
BM-11386,2025-04-12,Dubai,Online,Beauty,Perfume,4,56.74958047039057,0.05,215.64840578748417,112,103.64840578748417
BM-11387,2025-04-12,Dubai,Store,Beauty,Shampoo,1,10.9951797317224,0.02,10.775276137087952,4,6.7752761370879515
BM-11388,2025-04-12,Addis Ababa,Online,Fashion,Jacket,1,93.7092931266912,0.05,89.02382847035663,45,44.023828470356634
BM-11389,2025-04-12,Bahir Dar,Store,Electronics,Tablet,1,207.73216948078024,0.08,191.11359592231784,120,71.11359592231784
BM-11390,2025-04-12,Hawassa,Store,Fashion,T-Shirt,1,20.07343758656091,0.02,19.67196883482969,8,11.671968834829691
BM-11391,2025-04-13,Hawassa,Online,Home,Storage Box,1,14.948925109206007,0.02,14.649946607021887,6,8.649946607021887
BM-11392,2025-04-13,Dubai,Store,Home,Water Bottle,1,12.000314155824762,0.02,11.760307872708267,4,7.7603078727082675
BM-11393,2025-04-13,Addis Ababa,Online,Home,Coffee Maker,1,89.14873942232121,0.05,84.69130245120515,45,39.691302451205146
BM-11394,2025-04-13,Bahir Dar,Store,Electronics,Wireless Earbuds,1,44.95911061087473,0.05,42.71115508033099,25,17.71115508033099
BM-11395,2025-04-13,Nairobi,Online,Home,Water Bottle,1,12.282414585147105,0.02,12.036766293444163,4,8.036766293444163
BM-11396,2025-04-13,Dubai,Online,Beauty,Makeup Kit,1,67.89369962393296,0.05,64.49901464273631,35,29.499014642736313
BM-11397,2025-04-13,Bahir Dar,Store,Home,Water Bottle,1,11.780064500615222,0.02,11.544463210602917,4,7.544463210602917
BM-11398,2025-04-13,Nairobi,Store,Beauty,Shampoo,1,11.010787680134483,0.02,10.790571926531793,4,6.790571926531793
BM-11399,2025-04-13,Dubai,Online,Beauty,Shampoo,1,11.188388465003891,0.02,10.964620695703813,4,6.964620695703813
BM-11400,2025-04-13,Addis Ababa,Online,Home,Water Bottle,2,11.874873531857414,0.02,23.274752122440532,8,15.274752122440532
BM-11401,2025-04-13,Addis Ababa,Online,Beauty,Shampoo,1,10.944941477353813,0.02,10.726042647806738,4,6.726042647806738
BM-11402,2025-04-13,Addis Ababa,Store,Home,Coffee Maker,1,89.48250180893749,0.05,85.00837671849061,45,40.00837671849061
BM-11403,2025-04-13,Hawassa,Store,Fashion,Jacket,1,90.25998642712004,0.05,85.74698710576403,45,40.746987105764035
BM-11404,2025-04-13,Bahir Dar,Online,Fashion,Jeans,1,49.31529546456641,0.05,46.84953069133809,25,21.84953069133809
BM-11405,2025-04-13,Dubai,Online,Fashion,Sneakers,1,64.08849037357156,0.05,60.88406585489298,37,23.88406585489298
BM-11406,2025-04-14,Hawassa,Online,Home,Coffee Maker,3,91.70850098578155,0.05,261.3692278094774,135,126.36922780947742
BM-11407,2025-04-14,Dubai,Store,Beauty,Perfume,2,56.30785210982102,0.05,106.98491900865993,56,50.98491900865993
BM-11408,2025-04-14,Nairobi,Online,Beauty,Face Cream,1,24.372750966537033,0.02,23.88529594720629,10,13.885295947206291
BM-11409,2025-04-14,Dubai,Store,Home,Storage Box,2,14.917322031530132,0.02,29.23795118179906,12,17.23795118179906
BM-11410,2025-04-14,Nairobi,Online,Electronics,Laptop,1,1162.747865635459,0.1,1046.4730790719132,500,546.4730790719132
BM-11411,2025-04-14,Dubai,Store,Home,Vacuum Cleaner,2,145.61761917753986,0.08,267.93641928667336,160,107.93641928667336
BM-11412,2025-04-14,Nairobi,Store,Electronics,Smartphone,1,607.9826423976773,0.1,547.1843781579096,350,197.18437815790958
BM-11413,2025-04-14,Dubai,Online,Beauty,Hair Dryer,1,39.552990540088146,0.05,37.57534101308374,20,17.575341013083737
BM-11414,2025-04-14,Dubai,Store,Electronics,Tablet,2,203.70142166826457,0.08,374.8106158696068,240,134.8106158696068
BM-11415,2025-04-14,Dubai,Online,Fashion,T-Shirt,1,19.86132336903449,0.02,19.4640969016538,8,11.4640969016538
BM-11416,2025-04-14,Addis Ababa,Online,Electronics,Laptop,2,1168.6733395327153,0.1,2103.6120111588875,1000,1103.6120111588875
BM-11417,2025-04-14,Addis Ababa,Online,Beauty,Hair Dryer,3,39.28081310403706,0.05,111.9503173465056,60,51.9503173465056
BM-11418,2025-04-14,Dubai,Online,Home,Vacuum Cleaner,1,144.0760548855209,0.08,132.54997049467923,80,52.54997049467923
BM-11419,2025-04-14,Dubai,Online,Fashion,Hoodie,1,41.57890399170996,0.05,39.49995879212446,20,19.49995879212446
BM-11420,2025-04-15,Addis Ababa,Store,Fashion,T-Shirt,2,19.59644323967934,0.02,38.4090287497715,16,22.4090287497715
BM-11421,2025-04-15,Addis Ababa,Store,Home,Storage Box,2,15.287752011645214,0.02,29.96399394282462,12,17.96399394282462
BM-11422,2025-04-15,Addis Ababa,Online,Fashion,Jacket,1,89.40986410271387,0.05,84.93937089757817,45,39.93937089757817
BM-11423,2025-04-15,Nairobi,Store,Fashion,Hoodie,1,41.57407523586152,0.05,39.49537147406844,20,19.495371474068442
BM-11424,2025-04-15,Nairobi,Online,Fashion,Sneakers,1,66.78449090980509,0.05,63.445266364314826,37,26.445266364314826
BM-11425,2025-04-15,Dubai,Online,Beauty,Face Cream,1,25.21095932627531,0.02,24.706740139749805,10,14.706740139749805
BM-11426,2025-04-15,Addis Ababa,Online,Electronics,Tablet,1,201.36941969129842,0.08,185.25986611599456,120,65.25986611599456
BM-11427,2025-04-15,Addis Ababa,Online,Fashion,Jeans,1,52.45579439985386,0.05,49.83300467986116,25,24.833004679861162
BM-11428,2025-04-15,Dubai,Online,Beauty,Makeup Kit,2,72.61720202660304,0.05,137.97268385054576,70,67.97268385054576
BM-11429,2025-04-15,Nairobi,Store,Fashion,Hoodie,1,41.73414992733587,0.05,39.64744243096907,20,19.647442430969072
BM-11430,2025-04-15,Addis Ababa,Store,Beauty,Face Cream,4,23.948656392126825,0.02,93.87873305713715,40,53.878733057137154
BM-11431,2025-04-15,Bahir Dar,Store,Home,Coffee Maker,1,90.10977098632792,0.05,85.60428243701152,45,40.60428243701152
BM-11432,2025-04-15,Bahir Dar,Store,Fashion,Jeans,1,48.85960234430797,0.05,46.416622227092574,25,21.416622227092574
BM-11433,2025-04-15,Dubai,Online,Fashion,Hoodie,3,42.919528011949,0.05,122.32065483405462,60,62.32065483405462
BM-11434,2025-04-16,Dubai,Store,Beauty,Perfume,1,56.15204835469369,0.05,53.344445936959005,28,25.344445936959005
BM-11435,2025-04-16,Addis Ababa,Online,Fashion,Hoodie,3,41.42588265662257,0.05,118.0637655713743,60,58.063765571374304
BM-11436,2025-04-16,Nairobi,Store,Beauty,Makeup Kit,2,69.70128524411697,0.05,132.43244196382224,70,62.43244196382224
BM-11437,2025-04-16,Addis Ababa,Online,Home,Vacuum Cleaner,2,153.86821415622637,0.08,283.11751404745655,160,123.11751404745655
BM-11438,2025-04-16,Addis Ababa,Online,Electronics,Smartphone,3,608.7352891105068,0.1,1643.5852805983682,1050,593.5852805983682
BM-11439,2025-04-16,Bahir Dar,Online,Beauty,Face Cream,1,24.111649736214176,0.02,23.62941674148989,10,13.62941674148989
BM-11440,2025-04-16,Addis Ababa,Store,Fashion,Jeans,4,49.549827420528736,0.05,188.2893441980092,100,88.28934419800919
BM-11441,2025-04-16,Bahir Dar,Online,Home,Vacuum Cleaner,1,151.31799323093244,0.08,139.21255377245785,80,59.21255377245785
BM-11442,2025-04-17,Addis Ababa,Online,Fashion,Jacket,1,88.78911701276608,0.05,84.34966116212777,45,39.349661162127774
BM-11443,2025-04-17,Dubai,Online,Home,Storage Box,1,14.868223774497945,0.02,14.570859299007987,6,8.570859299007987
BM-11444,2025-04-17,Dubai,Online,Home,Water Bottle,3,12.126303990738165,0.02,35.651333732770205,12,23.651333732770205
BM-11445,2025-04-17,Hawassa,Store,Electronics,Smart Watch,1,79.57807544125863,0.05,75.5991716691957,48,27.599171669195698
BM-11446,2025-04-17,Addis Ababa,Online,Electronics,Tablet,4,202.17459839759974,0.08,744.002522103167,480,264.00252210316705
BM-11447,2025-04-17,Nairobi,Online,Home,Water Bottle,3,12.54049278130395,0.02,36.86904877703361,12,24.869048777033612
BM-11448,2025-04-17,Addis Ababa,Store,Electronics,Smartphone,2,581.2314182160751,0.1,1046.2165527889351,700,346.21655278893513
BM-11449,2025-04-17,Addis Ababa,Online,Beauty,Face Cream,1,24.012784494213065,0.02,23.532528804328802,10,13.532528804328802
BM-11450,2025-04-17,Addis Ababa,Online,Fashion,Jeans,1,52.238403423351464,0.05,49.62648325218389,25,24.62648325218389
BM-11451,2025-04-17,Dubai,Online,Fashion,T-Shirt,1,20.77202902400026,0.02,20.356588443520256,8,12.356588443520256
BM-11452,2025-04-17,Addis Ababa,Store,Electronics,Smartphone,2,601.1069547265405,0.1,1081.992518507773,700,381.99251850777296
BM-11453,2025-04-18,Bahir Dar,Online,Fashion,Sneakers,2,65.33185900413515,0.05,124.13053210785678,74,50.13053210785678
BM-11454,2025-04-18,Bahir Dar,Store,Electronics,Wireless Earbuds,1,44.35586251692611,0.05,42.1380693910798,25,17.138069391079803
BM-11455,2025-04-18,Bahir Dar,Online,Home,Storage Box,2,14.737906373472498,0.02,28.886296492006096,12,16.886296492006096
BM-11456,2025-04-18,Dubai,Online,Fashion,T-Shirt,1,20.416475603811342,0.02,20.008146091735114,8,12.008146091735114
BM-11457,2025-04-18,Addis Ababa,Online,Fashion,Hoodie,1,41.449404499715115,0.05,39.37693427472936,20,19.376934274729358
BM-11458,2025-04-18,Addis Ababa,Online,Electronics,Laptop,1,1201.1949530466939,0.1,1081.0754577420246,500,581.0754577420246
BM-11459,2025-04-18,Nairobi,Store,Beauty,Shampoo,1,10.738052416768687,0.02,10.523291368433313,4,6.523291368433313
BM-11460,2025-04-18,Hawassa,Store,Beauty,Hair Dryer,1,39.124699189837685,0.05,37.1684642303458,20,17.168464230345798
BM-11461,2025-04-18,Dubai,Online,Beauty,Perfume,1,55.793217302073145,0.05,53.00355643696948,28,25.003556436969482
BM-11462,2025-04-18,Dubai,Online,Beauty,Face Cream,3,24.323663112381986,0.02,71.51156955040304,30,41.51156955040304
BM-11463,2025-04-18,Dubai,Store,Beauty,Makeup Kit,2,68.03540941997045,0.05,129.26727789794384,70,59.26727789794384
BM-11464,2025-04-19,Addis Ababa,Online,Home,Storage Box,3,15.689154611545034,0.02,46.126114557942394,18,28.126114557942394
BM-11465,2025-04-19,Nairobi,Online,Fashion,T-Shirt,1,18.829153479571776,0.02,18.45257040998034,8,10.45257040998034
BM-11466,2025-04-19,Bahir Dar,Store,Fashion,Jacket,1,92.03953077182781,0.05,87.43755423323641,45,42.43755423323641
BM-11467,2025-04-19,Addis Ababa,Online,Fashion,Jeans,2,49.873483052480104,0.05,94.75961779971219,50,44.75961779971219
BM-11468,2025-04-19,Bahir Dar,Store,Beauty,Face Cream,1,24.834859907553188,0.02,24.338162709402123,10,14.338162709402123
BM-11469,2025-04-19,Addis Ababa,Store,Fashion,Jacket,2,89.05441973017447,0.05,169.2033974873315,90,79.2033974873315
BM-11470,2025-04-19,Dubai,Online,Beauty,Makeup Kit,1,68.94467512320111,0.05,65.49744136704105,35,30.49744136704105
BM-11471,2025-04-19,Hawassa,Online,Fashion,Hoodie,1,42.70576272711074,0.05,40.5704745907552,20,20.570474590755197
BM-11472,2025-04-19,Nairobi,Online,Fashion,Jeans,2,52.702427226485625,0.05,100.13461173032269,50,50.13461173032269
BM-11473,2025-04-19,Hawassa,Online,Electronics,Bluetooth Speaker,1,59.328871283715486,0.05,56.36242771952971,35,21.362427719529713
BM-11474,2025-04-19,Dubai,Online,Fashion,Hoodie,1,41.58371082385116,0.05,39.504525282658605,20,19.504525282658605
BM-11475,2025-04-19,Dubai,Online,Beauty,Hair Dryer,1,39.14905677618843,0.05,37.19160393737901,20,17.191603937379007
BM-11476,2025-04-19,Bahir Dar,Online,Electronics,Tablet,1,198.87539856247002,0.08,182.96536667747242,120,62.96536667747242
BM-11477,2025-04-19,Addis Ababa,Store,Home,Coffee Maker,1,90.36873173042109,0.05,85.85029514390003,45,40.85029514390003
BM-11478,2025-04-19,Addis Ababa,Store,Home,Storage Box,1,14.835431497520018,0.02,14.538722867569618,6,8.538722867569618
BM-11479,2025-04-19,Bahir Dar,Store,Home,Coffee Maker,2,88.35645091745485,0.05,167.8772567431642,90,77.8772567431642
BM-11480,2025-04-20,Dubai,Store,Fashion,Sneakers,2,64.21475009955613,0.05,122.00802518915664,74,48.00802518915664
BM-11481,2025-04-20,Nairobi,Store,Fashion,T-Shirt,1,19.861298207621918,0.02,19.464072243469477,8,11.464072243469477
BM-11482,2025-04-20,Dubai,Online,Fashion,Jacket,2,92.96783850580928,0.05,176.63889316103763,90,86.63889316103763
BM-11483,2025-04-20,Dubai,Store,Home,Desk Lamp,2,30.860058454087277,0.05,58.634111062765825,28,30.634111062765825
BM-11484,2025-04-20,Addis Ababa,Online,Home,Vacuum Cleaner,1,149.4120307848909,0.08,137.45906832209963,80,57.459068322099625
BM-11485,2025-04-20,Addis Ababa,Store,Electronics,Tablet,1,194.83510387150736,0.08,179.2482955617868,120,59.24829556178679
BM-11486,2025-04-20,Addis Ababa,Online,Fashion,Jeans,1,50.6952989187166,0.05,48.16053397278077,25,23.16053397278077
BM-11487,2025-04-20,Hawassa,Online,Electronics,Phone Charger,1,18.279320777652845,0.02,17.913734362099788,7,10.913734362099788
BM-11488,2025-04-20,Hawassa,Online,Home,Coffee Maker,1,90.4515904308636,0.05,85.92901090932043,45,40.929010909320425
BM-11489,2025-04-20,Addis Ababa,Online,Electronics,Bluetooth Speaker,4,61.00722734251392,0.05,231.8274639015529,140,91.8274639015529
BM-11490,2025-04-20,Bahir Dar,Store,Home,Desk Lamp,1,29.969312878669957,0.05,28.470847234736457,14,14.470847234736457
BM-11491,2025-04-20,Bahir Dar,Online,Fashion,Hoodie,1,42.68025385836083,0.05,40.54624116544279,20,20.546241165442787
BM-11492,2025-04-20,Bahir Dar,Online,Fashion,Hoodie,2,41.78476323672091,0.05,79.39105014976973,40,39.391050149769725
BM-11493,2025-04-20,Bahir Dar,Online,Electronics,Wireless Earbuds,1,44.71140874798957,0.05,42.47583831059009,25,17.475838310590092
BM-11494,2025-04-20,Nairobi,Store,Fashion,Jeans,3,51.36321698421731,0.05,146.38516840501933,75,71.38516840501933
BM-11495,2025-04-20,Hawassa,Store,Fashion,T-Shirt,1,19.954670912131412,0.02,19.555577493888784,8,11.555577493888784
BM-11496,2025-04-20,Addis Ababa,Store,Fashion,T-Shirt,1,19.328822831266898,0.02,18.94224637464156,8,10.94224637464156
BM-11497,2025-04-20,Dubai,Online,Fashion,T-Shirt,2,19.61791612105789,0.02,38.45111559727346,16,22.451115597273457
BM-11498,2025-04-20,Dubai,Store,Fashion,Jacket,2,87.95001927359014,0.05,167.10503661982128,90,77.10503661982128
BM-11499,2025-04-21,Addis Ababa,Store,Beauty,Face Cream,2,24.14455242747369,0.02,47.32332275784843,20,27.32332275784843
BM-11500,2025-04-21,Hawassa,Online,Beauty,Perfume,1,52.593453735836654,0.05,49.96378104904482,28,21.96378104904482
BM-11501,2025-04-21,Bahir Dar,Online,Home,Water Bottle,3,11.620874904178043,0.02,34.165372218283444,12,22.165372218283444
BM-11502,2025-04-21,Nairobi,Store,Fashion,Hoodie,3,42.21702457612083,0.05,120.31852004194437,60,60.31852004194437
BM-11503,2025-04-21,Addis Ababa,Store,Home,Storage Box,1,15.393099141146552,0.02,15.08523715832362,6,9.08523715832362
BM-11504,2025-04-21,Nairobi,Online,Home,Desk Lamp,2,29.264534391924432,0.05,55.60261534465642,28,27.60261534465642
BM-11505,2025-04-21,Hawassa,Store,Fashion,Jeans,1,51.4669529296945,0.05,48.89360528320977,25,23.893605283209773
BM-11506,2025-04-21,Nairobi,Store,Electronics,Smartphone,2,598.357786355894,0.1,1077.0440154406092,700,377.0440154406092
BM-11507,2025-04-21,Dubai,Store,Electronics,Bluetooth Speaker,1,60.01160750163243,0.05,57.01102712655081,35,22.011027126550808
BM-11508,2025-04-21,Bahir Dar,Online,Fashion,Sneakers,1,64.4691245435462,0.05,61.245668316368885,37,24.245668316368885
BM-11509,2025-04-21,Addis Ababa,Online,Fashion,Jeans,2,49.93444279188062,0.05,94.87544130457317,50,44.87544130457317
BM-11510,2025-04-21,Dubai,Online,Fashion,Jacket,2,90.27036210010286,0.05,171.51368799019542,90,81.51368799019542
BM-11511,2025-04-21,Bahir Dar,Online,Home,Water Bottle,2,12.236653713945682,0.02,23.983841279333536,8,15.983841279333536
BM-11512,2025-04-21,Nairobi,Store,Electronics,Tablet,1,206.1219823996439,0.08,189.6322238076724,120,69.6322238076724
BM-11513,2025-04-21,Dubai,Store,Fashion,Sneakers,1,64.06734723398844,0.05,60.863979872289015,37,23.863979872289015
BM-11514,2025-04-21,Hawassa,Online,Electronics,Bluetooth Speaker,4,59.41161957279577,0.05,225.76415437662394,140,85.76415437662394
BM-11515,2025-04-21,Hawassa,Store,Fashion,Hoodie,1,41.82606139674464,0.05,39.73475832690741,20,19.73475832690741
BM-11516,2025-04-22,Dubai,Store,Fashion,Jacket,4,87.55834641725119,0.05,332.7217163855545,180,152.7217163855545
BM-11517,2025-04-22,Nairobi,Online,Beauty,Face Cream,2,22.925669388328863,0.02,44.934312001124574,20,24.934312001124574
BM-11518,2025-04-22,Dubai,Online,Home,Storage Box,1,14.77129142617626,0.02,14.475865597652735,6,8.475865597652735
BM-11519,2025-04-22,Bahir Dar,Online,Home,Storage Box,1,14.719215754642626,0.02,14.424831439549774,6,8.424831439549774
BM-11520,2025-04-22,Dubai,Store,Electronics,Bluetooth Speaker,1,60.237445555826866,0.05,57.22557327803552,35,22.22557327803552
BM-11521,2025-04-22,Dubai,Online,Electronics,Phone Charger,1,18.19547663696316,0.02,17.831567104223897,7,10.831567104223897
BM-11522,2025-04-22,Dubai,Online,Home,Vacuum Cleaner,1,151.78313374931955,0.08,139.64048304937398,80,59.640483049373984
BM-11523,2025-04-22,Bahir Dar,Store,Electronics,Smart Watch,1,81.18927245000816,0.05,77.12980882750774,48,29.129808827507745
BM-11524,2025-04-22,Addis Ababa,Online,Home,Water Bottle,1,12.465710101998742,0.02,12.216395899958766,4,8.216395899958766
BM-11525,2025-04-22,Addis Ababa,Store,Beauty,Hair Dryer,1,38.69767859489997,0.05,36.76279466515497,20,16.76279466515497
BM-11526,2025-04-22,Addis Ababa,Online,Home,Desk Lamp,2,29.55973170669971,0.05,56.16349024272945,28,28.163490242729452
BM-11527,2025-04-22,Dubai,Online,Electronics,Laptop,1,1222.7291348854721,0.1,1100.456221396925,500,600.456221396925
BM-11528,2025-04-23,Bahir Dar,Store,Home,Water Bottle,1,12.225933690263332,0.02,11.981415016458065,4,7.981415016458065
BM-11529,2025-04-23,Addis Ababa,Store,Fashion,Jeans,1,50.48914200053418,0.05,47.96468490050747,25,22.96468490050747
BM-11530,2025-04-23,Bahir Dar,Online,Fashion,Sneakers,1,64.20014761358964,0.05,60.99014023291015,37,23.99014023291015
BM-11531,2025-04-23,Addis Ababa,Online,Beauty,Face Cream,1,24.332634801104177,0.02,23.845982105082093,10,13.845982105082093
BM-11532,2025-04-23,Addis Ababa,Store,Beauty,Hair Dryer,3,39.985864740789374,0.05,113.95971451124971,60,53.959714511249715
BM-11533,2025-04-23,Hawassa,Store,Home,Storage Box,2,14.992627429843091,0.02,29.38554976249246,12,17.38554976249246
BM-11534,2025-04-23,Hawassa,Store,Electronics,Tablet,1,205.583163280808,0.08,189.13651021834337,120,69.13651021834337
BM-11535,2025-04-23,Addis Ababa,Store,Electronics,Smartphone,1,629.645831052468,0.1,566.6812479472212,350,216.6812479472212
BM-11536,2025-04-24,Addis Ababa,Online,Electronics,Laptop,1,1198.6551334700937,0.1,1078.7896201230844,500,578.7896201230844
BM-11537,2025-04-24,Dubai,Online,Beauty,Hair Dryer,2,40.92529956396958,0.05,77.7580691715422,40,37.7580691715422
BM-11538,2025-04-24,Dubai,Store,Home,Vacuum Cleaner,1,147.96680524346496,0.08,136.12946082398776,80,56.129460823987756
BM-11539,2025-04-24,Dubai,Online,Electronics,Laptop,1,1199.4813767132703,0.1,1079.5332390419433,500,579.5332390419433
BM-11540,2025-04-24,Dubai,Online,Beauty,Face Cream,2,23.07301208471304,0.02,45.223103686037554,20,25.223103686037554
BM-11541,2025-04-24,Hawassa,Online,Fashion,Jeans,2,51.71656892705059,0.05,98.26148096139612,50,48.26148096139612
BM-11542,2025-04-24,Addis Ababa,Online,Beauty,Face Cream,1,23.50086783020171,0.02,23.030850473597674,10,13.030850473597674
BM-11543,2025-04-24,Hawassa,Online,Fashion,Hoodie,1,41.68179100536603,0.05,39.59770145509773,20,19.597701455097727
BM-11544,2025-04-24,Addis Ababa,Store,Fashion,Jeans,1,51.200088704902,0.05,48.640084269656896,25,23.640084269656896
BM-11545,2025-04-24,Bahir Dar,Online,Fashion,Hoodie,2,42.25164163138691,0.05,80.27811909963512,40,40.27811909963512
BM-11546,2025-04-24,Nairobi,Store,Electronics,Smartphone,2,606.8353487783238,0.1,1092.303627800983,700,392.3036278009829
BM-11547,2025-04-24,Nairobi,Online,Home,Storage Box,1,14.293546889273564,0.02,14.007675951488093,6,8.007675951488093
BM-11548,2025-04-25,Addis Ababa,Online,Beauty,Perfume,1,54.24445513085367,0.05,51.532232374310986,28,23.532232374310986
BM-11549,2025-04-25,Nairobi,Online,Home,Desk Lamp,1,29.408126475545696,0.05,27.93772015176841,14,13.93772015176841
BM-11550,2025-04-25,Addis Ababa,Store,Fashion,Jeans,1,51.34355021962826,0.05,48.776372708646846,25,23.776372708646846
BM-11551,2025-04-25,Nairobi,Store,Beauty,Shampoo,1,11.05766272443496,0.02,10.836509469946261,4,6.836509469946261
BM-11552,2025-04-25,Addis Ababa,Online,Electronics,Smartphone,1,580.7618305544402,0.1,522.6856474989962,350,172.68564749899622
BM-11553,2025-04-25,Addis Ababa,Online,Electronics,Laptop,2,1191.387095754133,0.1,2144.4967723574396,1000,1144.4967723574396
BM-11554,2025-04-25,Nairobi,Store,Fashion,Jacket,1,86.58135145674393,0.05,82.25228388390673,45,37.25228388390673
BM-11555,2025-04-25,Addis Ababa,Online,Electronics,Wireless Earbuds,3,45.27771067027262,0.05,129.04147541027695,75,54.041475410276945
BM-11556,2025-04-25,Addis Ababa,Online,Beauty,Makeup Kit,1,71.66056709189614,0.05,68.07753873730132,35,33.077538737301325
BM-11557,2025-04-25,Bahir Dar,Online,Fashion,Hoodie,2,41.46354170514499,0.05,78.78072923977548,40,38.78072923977548
BM-11558,2025-04-25,Dubai,Online,Fashion,Jeans,1,49.487437978295205,0.05,47.013066079380444,25,22.013066079380444
BM-11559,2025-04-25,Dubai,Store,Electronics,Laptop,1,1183.086690630136,0.1,1064.7780215671223,500,564.7780215671223
BM-11560,2025-04-25,Dubai,Store,Beauty,Shampoo,3,10.681789621636673,0.02,31.404461487611815,12,19.404461487611815
BM-11561,2025-04-25,Addis Ababa,Online,Fashion,T-Shirt,1,19.346668717271875,0.02,18.959735342926436,8,10.959735342926436
BM-11562,2025-04-25,Bahir Dar,Online,Fashion,Sneakers,3,67.62973082053075,0.05,192.74473283851262,111,81.74473283851262
BM-11563,2025-04-25,Dubai,Store,Beauty,Hair Dryer,1,39.70732870664814,0.05,37.72196227131573,20,17.721962271315732
BM-11564,2025-04-25,Addis Ababa,Online,Beauty,Hair Dryer,2,39.02263938030705,0.05,74.14301482258338,40,34.14301482258338
BM-11565,2025-04-26,Addis Ababa,Online,Electronics,Smart Watch,1,81.13580862698907,0.05,77.07901819563962,48,29.07901819563962
BM-11566,2025-04-26,Addis Ababa,Online,Fashion,Hoodie,1,42.89695513458441,0.05,40.75210737785519,20,20.75210737785519
BM-11567,2025-04-26,Dubai,Online,Fashion,T-Shirt,1,20.093107931179066,0.02,19.691245772555483,8,11.691245772555483
BM-11568,2025-04-26,Bahir Dar,Store,Fashion,Jeans,1,50.656651210066315,0.05,48.123818649563,25,23.123818649563
BM-11569,2025-04-26,Bahir Dar,Store,Beauty,Makeup Kit,3,68.33211811084755,0.05,194.7465366159155,105,89.74653661591549
BM-11570,2025-04-26,Hawassa,Online,Fashion,Hoodie,1,42.58176807826816,0.05,40.452679674354755,20,20.452679674354755
BM-11571,2025-04-26,Addis Ababa,Store,Home,Storage Box,2,14.797328071489217,0.02,29.002763020118863,12,17.002763020118863
BM-11572,2025-04-26,Addis Ababa,Store,Home,Vacuum Cleaner,2,159.56862477483796,0.08,293.60626958570185,160,133.60626958570185
BM-11573,2025-04-26,Bahir Dar,Store,Fashion,Hoodie,1,41.80076911079328,0.05,39.71073065525362,20,19.71073065525362
BM-11574,2025-04-26,Dubai,Online,Electronics,Laptop,3,1193.4002724685986,0.1,3222.180735665216,1500,1722.1807356652162
BM-11575,2025-04-26,Bahir Dar,Online,Beauty,Face Cream,3,23.070092527206448,0.02,67.82607202998696,30,37.82607202998696
BM-11576,2025-04-26,Bahir Dar,Online,Beauty,Hair Dryer,3,39.422852822445144,0.05,112.35513054396864,60,52.35513054396864
BM-11577,2025-04-26,Addis Ababa,Online,Beauty,Hair Dryer,1,39.13059155514533,0.05,37.174061977388064,20,17.174061977388064
BM-11578,2025-04-26,Hawassa,Online,Beauty,Shampoo,1,10.624857688839985,0.02,10.412360535063184,4,6.4123605350631845
BM-11579,2025-04-26,Bahir Dar,Store,Electronics,Wireless Earbuds,1,45.4242740448499,0.05,43.153060342607404,25,18.153060342607404
BM-11580,2025-04-27,Hawassa,Store,Fashion,Hoodie,2,39.112344083394596,0.05,74.31345375844973,40,34.313453758449725
BM-11581,2025-04-27,Addis Ababa,Store,Beauty,Face Cream,1,24.01005747435717,0.02,23.529856324870025,10,13.529856324870025
BM-11582,2025-04-27,Addis Ababa,Online,Fashion,T-Shirt,1,19.995892509791755,0.02,19.59597465959592,8,11.595974659595921
BM-11583,2025-04-27,Dubai,Online,Fashion,Hoodie,1,44.172839709210336,0.05,41.96419772374982,20,21.96419772374982
BM-11584,2025-04-27,Dubai,Online,Beauty,Hair Dryer,4,38.81280260103263,0.05,147.48864988392398,80,67.48864988392398
BM-11585,2025-04-27,Bahir Dar,Online,Fashion,T-Shirt,1,20.00556165144058,0.02,19.605450418411767,8,11.605450418411767
BM-11586,2025-04-27,Addis Ababa,Online,Fashion,T-Shirt,1,20.497515389192003,0.02,20.08756508140816,8,12.087565081408162
BM-11587,2025-04-27,Addis Ababa,Store,Home,Water Bottle,1,12.188819383657016,0.02,11.945042995983876,4,7.945042995983876
BM-11588,2025-04-27,Dubai,Store,Beauty,Shampoo,1,10.795876674781647,0.02,10.579959141286015,4,6.579959141286015
BM-11589,2025-04-27,Dubai,Online,Beauty,Hair Dryer,2,38.89858578881922,0.05,73.90731299875651,40,33.90731299875651
BM-11590,2025-04-27,Nairobi,Online,Beauty,Shampoo,2,10.9866428405802,0.02,21.533819967537195,8,13.533819967537195
BM-11591,2025-04-27,Addis Ababa,Online,Home,Desk Lamp,2,30.796985523023853,0.05,58.51427249374532,28,30.514272493745317
BM-11592,2025-04-27,Dubai,Online,Fashion,Sneakers,1,66.15737587246457,0.05,62.84950707884134,37,25.84950707884134
BM-11593,2025-04-27,Dubai,Online,Home,Coffee Maker,1,88.69521188854816,0.05,84.26045129412074,45,39.26045129412074
BM-11594,2025-04-27,Addis Ababa,Store,Electronics,Laptop,4,1155.7146968006439,0.1,4160.572908482318,2000,2160.572908482318
BM-11595,2025-04-27,Bahir Dar,Store,Electronics,Phone Charger,1,17.998119542964304,0.02,17.638157152105016,7,10.638157152105016
BM-11596,2025-04-27,Addis Ababa,Online,Electronics,Smart Watch,1,78.52898858471393,0.05,74.60253915547823,48,26.602539155478226
BM-11597,2025-04-27,Bahir Dar,Online,Electronics,Wireless Earbuds,4,44.408018656356596,0.05,168.75047089415506,100,68.75047089415506
BM-11598,2025-04-27,Addis Ababa,Online,Home,Coffee Maker,1,91.66807469459452,0.05,87.0846709598648,45,42.084670959864795
BM-11599,2025-04-28,Addis Ababa,Online,Home,Vacuum Cleaner,2,152.23270070242052,0.08,280.10816929245374,160,120.10816929245374
BM-11600,2025-04-28,Addis Ababa,Online,Beauty,Hair Dryer,2,39.522041087432434,0.05,75.09187806612162,40,35.09187806612162
BM-11601,2025-04-28,Hawassa,Store,Beauty,Hair Dryer,2,39.97998296996907,0.05,75.96196764294123,40,35.96196764294123
BM-11602,2025-04-28,Dubai,Online,Beauty,Shampoo,1,10.560626527584583,0.02,10.349413997032892,4,6.349413997032892
BM-11603,2025-04-28,Dubai,Online,Beauty,Makeup Kit,1,69.05926700206558,0.05,65.60630365196229,35,30.606303651962293
BM-11604,2025-04-28,Nairobi,Store,Beauty,Makeup Kit,2,68.71655991431341,0.05,130.56146383719548,70,60.561463837195475
BM-11605,2025-04-28,Dubai,Online,Electronics,Laptop,2,1197.30776583812,0.1,2155.153978508616,1000,1155.153978508616
BM-11606,2025-04-28,Addis Ababa,Online,Electronics,Wireless Earbuds,2,43.374043183239976,0.05,82.41068204815595,50,32.41068204815595
BM-11607,2025-04-28,Dubai,Online,Home,Storage Box,1,14.464562387657505,0.02,14.175271139904355,6,8.175271139904355
BM-11608,2025-04-28,Dubai,Online,Beauty,Shampoo,2,10.541554949056085,0.02,20.661447700149925,8,12.661447700149925
BM-11609,2025-04-28,Hawassa,Store,Fashion,Sneakers,3,61.437122758042825,0.05,175.09579986042206,111,64.09579986042206
BM-11610,2025-04-28,Dubai,Online,Fashion,Hoodie,1,41.019208925711524,0.05,38.968248479425945,20,18.968248479425945
BM-11611,2025-04-28,Nairobi,Store,Electronics,Smart Watch,1,80.15145671613682,0.05,76.14388388032998,48,28.14388388032998
BM-11612,2025-04-29,Nairobi,Store,Beauty,Hair Dryer,1,41.72971279074923,0.05,39.64322715121177,20,19.643227151211768
BM-11613,2025-04-29,Dubai,Online,Electronics,Smart Watch,1,80.42761940927466,0.05,76.40623843881092,48,28.406238438810917
BM-11614,2025-04-29,Nairobi,Online,Fashion,Jeans,1,49.90926631586598,0.05,47.413803000072676,25,22.413803000072676
BM-11615,2025-04-29,Dubai,Online,Fashion,Hoodie,1,41.323890077018035,0.05,39.25769557316713,20,19.257695573167133
BM-11616,2025-04-29,Bahir Dar,Online,Electronics,Tablet,2,197.4712894771153,0.08,363.3471726378922,240,123.34717263789219
BM-11617,2025-04-29,Dubai,Online,Fashion,Jeans,3,50.417002880843185,0.05,143.68845821040307,75,68.68845821040307
BM-11618,2025-04-29,Hawassa,Online,Beauty,Perfume,1,55.26677399305424,0.05,52.50343529340152,28,24.503435293401523
BM-11619,2025-04-29,Dubai,Online,Home,Vacuum Cleaner,1,143.6798555069374,0.08,132.18546706638242,80,52.185467066382415
BM-11620,2025-04-29,Hawassa,Store,Fashion,Jacket,4,88.08830767094426,0.05,334.7355691495882,180,154.73556914958817
BM-11621,2025-04-29,Bahir Dar,Online,Fashion,Jacket,1,88.26111290893553,0.05,83.84805726348876,45,38.848057263488755
BM-11622,2025-04-29,Bahir Dar,Online,Fashion,T-Shirt,2,19.53484992868034,0.02,38.28830586021347,16,22.28830586021347
BM-11623,2025-04-29,Nairobi,Online,Home,Desk Lamp,1,30.098967975996928,0.05,28.59401957719708,14,14.59401957719708
BM-11624,2025-04-29,Addis Ababa,Store,Beauty,Face Cream,2,24.50567029470382,0.02,48.03111377761948,20,28.03111377761948
BM-11625,2025-04-30,Bahir Dar,Online,Home,Vacuum Cleaner,3,156.15723815945137,0.08,430.9939773200858,240,190.99397732008578
BM-11626,2025-04-30,Hawassa,Store,Fashion,Jeans,1,49.347361897319765,0.05,46.879993802453775,25,21.879993802453775
BM-11627,2025-04-30,Addis Ababa,Online,Home,Storage Box,3,15.376123837669022,0.02,45.20580408274692,18,27.205804082746923
BM-11628,2025-04-30,Addis Ababa,Store,Home,Storage Box,1,14.88162985918477,0.02,14.583997262001073,6,8.583997262001073
BM-11629,2025-04-30,Bahir Dar,Online,Fashion,Jacket,2,93.10480380156842,0.05,176.89912722297998,90,86.89912722297998
BM-11630,2025-04-30,Addis Ababa,Store,Fashion,Jeans,1,51.5962170759377,0.05,49.016406222140816,25,24.016406222140816
BM-11631,2025-04-30,Hawassa,Online,Home,Coffee Maker,2,87.55812436576065,0.05,166.36043629494523,90,76.36043629494523
BM-11632,2025-04-30,Addis Ababa,Store,Fashion,Jeans,1,48.272473062973596,0.05,45.85884940982491,25,20.858849409824913
BM-11633,2025-04-30,Dubai,Store,Fashion,Jeans,1,51.76690543975122,0.05,49.178560167763656,25,24.178560167763656
BM-11634,2025-04-30,Dubai,Online,Beauty,Hair Dryer,1,41.22412543583518,0.05,39.162919164043416,20,19.162919164043416
BM-11635,2025-04-30,Dubai,Store,Electronics,Tablet,1,203.07133984012623,0.08,186.82563265291614,120,66.82563265291614
BM-11636,2025-04-30,Hawassa,Online,Electronics,Phone Charger,1,18.4650824212065,0.02,18.09578077278237,7,11.09578077278237
BM-11637,2025-04-30,Nairobi,Online,Fashion,T-Shirt,2,19.68125927534142,0.02,38.57526817966919,16,22.575268179669187
BM-11638,2025-04-30,Dubai,Online,Beauty,Face Cream,1,24.74830015042154,0.02,24.253334147413106,10,14.253334147413106
BM-11639,2025-04-30,Nairobi,Store,Fashion,Sneakers,2,62.194436808396176,0.05,118.16942993595273,74,44.169429935952735
BM-11640,2025-04-30,Addis Ababa,Online,Fashion,Hoodie,4,41.8840232881269,0.05,159.1592884948822,80,79.15928849488219
BM-11641,2025-04-30,Bahir Dar,Store,Electronics,Phone Charger,1,17.789254932008628,0.02,17.433469833368456,7,10.433469833368456
BM-11642,2025-05-01,Addis Ababa,Store,Home,Vacuum Cleaner,1,153.45920899963576,0.08,141.18247227966492,80,61.18247227966492
BM-11643,2025-05-01,Dubai,Store,Home,Water Bottle,1,12.375438212754187,0.02,12.127929448499103,4,8.127929448499103
BM-11644,2025-05-01,Addis Ababa,Store,Beauty,Makeup Kit,1,69.63240239725314,0.05,66.15078227739049,35,31.15078227739049
BM-11645,2025-05-01,Addis Ababa,Online,Home,Desk Lamp,2,29.212818880098784,0.05,55.50435587218769,28,27.504355872187688
BM-11646,2025-05-01,Nairobi,Online,Electronics,Phone Charger,1,18.476361474180468,0.02,18.10683424469686,7,11.10683424469686
BM-11647,2025-05-01,Addis Ababa,Online,Fashion,Sneakers,1,64.93665300163026,0.05,61.68982035154875,37,24.689820351548747
BM-11648,2025-05-01,Bahir Dar,Online,Beauty,Face Cream,3,23.8938336712672,0.02,70.24787099352557,30,40.24787099352557
BM-11649,2025-05-01,Addis Ababa,Store,Electronics,Tablet,2,199.03156229175187,0.08,366.21807461682346,240,126.21807461682346
BM-11650,2025-05-01,Dubai,Online,Fashion,T-Shirt,1,19.71276652482233,0.02,19.318511194325886,8,11.318511194325886
BM-11651,2025-05-01,Nairobi,Online,Electronics,Phone Charger,4,18.484770556672512,0.02,72.46030058215625,28,44.46030058215625
BM-11652,2025-05-01,Addis Ababa,Online,Fashion,Hoodie,1,41.278649229390396,0.05,39.214716767920876,20,19.214716767920876
BM-11653,2025-05-01,Bahir Dar,Online,Electronics,Smart Watch,1,77.52440756107515,0.05,73.64818718302139,48,25.648187183021392
BM-11654,2025-05-01,Addis Ababa,Online,Fashion,Hoodie,1,42.243858922360054,0.05,40.13166597624205,20,20.131665976242047
BM-11655,2025-05-01,Dubai,Online,Home,Water Bottle,1,11.63598099767724,0.02,11.403261377723695,4,7.403261377723695
BM-11656,2025-05-01,Dubai,Store,Electronics,Bluetooth Speaker,2,60.901215823544646,0.05,115.71231006473482,70,45.71231006473482
BM-11657,2025-05-02,Nairobi,Store,Home,Desk Lamp,1,29.52667541246691,0.05,28.050341641843563,14,14.050341641843563
BM-11658,2025-05-02,Dubai,Store,Beauty,Makeup Kit,1,70.64415174001653,0.05,67.1119441530157,35,32.1119441530157
BM-11659,2025-05-02,Nairobi,Store,Fashion,Jacket,2,89.20808003514486,0.05,169.49535206677524,90,79.49535206677524
BM-11660,2025-05-02,Nairobi,Online,Fashion,Jeans,2,50.00066275941637,0.05,95.0012592428911,50,45.001259242891095
BM-11661,2025-05-02,Bahir Dar,Online,Home,Desk Lamp,2,30.30626368458123,0.05,57.581901000704335,28,29.581901000704335
BM-11662,2025-05-02,Nairobi,Store,Electronics,Wireless Earbuds,1,43.58944176474047,0.05,41.409969676503444,25,16.409969676503444
BM-11663,2025-05-02,Addis Ababa,Store,Electronics,Phone Charger,1,17.810619819297628,0.02,17.454407422911675,7,10.454407422911675
BM-11664,2025-05-02,Bahir Dar,Store,Fashion,Sneakers,1,65.7348749673621,0.05,62.44813121899399,37,25.448131218993993
BM-11665,2025-05-02,Bahir Dar,Store,Beauty,Makeup Kit,2,69.48174521366593,0.05,132.01531590596525,70,62.01531590596525
BM-11666,2025-05-02,Addis Ababa,Online,Electronics,Smart Watch,2,77.64280589999788,0.05,147.52133120999596,96,51.521331209995964
BM-11667,2025-05-02,Nairobi,Online,Beauty,Hair Dryer,1,39.588331587523,0.05,37.60891500814685,20,17.60891500814685
BM-11668,2025-05-02,Addis Ababa,Store,Home,Vacuum Cleaner,3,154.90853683701172,0.08,427.54756167015233,240,187.54756167015233
BM-11669,2025-05-02,Bahir Dar,Store,Fashion,T-Shirt,1,20.655834988408415,0.02,20.242718288640248,8,12.242718288640248
BM-11670,2025-05-03,Bahir Dar,Store,Electronics,Smartphone,2,604.1165335409131,0.1,1087.4097603736436,700,387.4097603736436
BM-11671,2025-05-03,Dubai,Online,Fashion,Sneakers,1,65.05789828442218,0.05,61.80500337020107,37,24.80500337020107
BM-11672,2025-05-03,Addis Ababa,Online,Home,Water Bottle,2,12.199985588688852,0.02,23.91197175383015,8,15.911971753830151
BM-11673,2025-05-03,Addis Ababa,Store,Home,Storage Box,2,15.424101673595636,0.02,30.231239280247447,12,18.231239280247447
BM-11674,2025-05-03,Dubai,Store,Electronics,Wireless Earbuds,1,45.45768133668282,0.05,43.18479726984867,25,18.184797269848673
BM-11675,2025-05-03,Bahir Dar,Store,Fashion,Jacket,3,91.63006976287173,0.05,261.1456988241844,135,126.14569882418442
BM-11676,2025-05-03,Bahir Dar,Store,Home,Storage Box,3,15.175845619440395,0.02,44.61698612115476,18,26.61698612115476
BM-11677,2025-05-03,Dubai,Online,Fashion,Sneakers,1,65.98571388103407,0.05,62.68642818698237,37,25.68642818698237
BM-11678,2025-05-03,Dubai,Store,Beauty,Face Cream,2,23.736166199110055,0.02,46.52288575025571,20,26.52288575025571
BM-11679,2025-05-03,Hawassa,Store,Home,Storage Box,1,14.476132456584308,0.02,14.186609807452621,6,8.186609807452621
BM-11680,2025-05-03,Hawassa,Online,Home,Storage Box,1,15.00313771997117,0.02,14.703074965571746,6,8.703074965571746
BM-11681,2025-05-03,Dubai,Online,Electronics,Tablet,3,196.96416456927994,0.08,543.6210942112126,360,183.6210942112126
BM-11682,2025-05-03,Dubai,Online,Home,Vacuum Cleaner,1,151.98207556330624,0.08,139.82350951824174,80,59.823509518241735
BM-11683,2025-05-03,Nairobi,Online,Electronics,Laptop,2,1183.0443591530734,0.1,2129.479846475532,1000,1129.4798464755322
BM-11684,2025-05-03,Hawassa,Store,Fashion,Jeans,1,49.031254523238445,0.05,46.57969179707652,25,21.57969179707652
BM-11685,2025-05-03,Addis Ababa,Online,Fashion,Hoodie,1,43.71433456473984,0.05,41.528617836502846,20,21.528617836502846
BM-11686,2025-05-03,Hawassa,Online,Electronics,Smart Watch,1,76.89296491550938,0.05,73.04831666973391,48,25.048316669733907
BM-11687,2025-05-03,Nairobi,Store,Fashion,Sneakers,2,64.04742390055917,0.05,121.6901054110624,74,47.690105411062405
BM-11688,2025-05-04,Bahir Dar,Online,Home,Vacuum Cleaner,2,144.64986208125197,0.08,266.1557462295036,160,106.15574622950362
BM-11689,2025-05-04,Bahir Dar,Online,Home,Vacuum Cleaner,2,147.16007007947317,0.08,270.77452894623065,160,110.77452894623065
BM-11690,2025-05-04,Dubai,Online,Home,Storage Box,3,15.781349341537375,0.02,46.39716706411988,18,28.397167064119877
BM-11691,2025-05-04,Bahir Dar,Store,Fashion,Jacket,1,88.8426247054004,0.05,84.40049347013037,45,39.40049347013037
BM-11692,2025-05-04,Hawassa,Online,Fashion,Jacket,2,90.65997196129238,0.05,172.25394672645552,90,82.25394672645552
BM-11693,2025-05-04,Addis Ababa,Store,Fashion,T-Shirt,1,20.69198128308428,0.02,20.278141657422594,8,12.278141657422594
BM-11694,2025-05-04,Bahir Dar,Online,Electronics,Phone Charger,1,18.012459879484233,0.02,17.652210681894548,7,10.652210681894548
BM-11695,2025-05-04,Nairobi,Online,Home,Desk Lamp,1,29.411234696049846,0.05,27.94067296124735,14,13.940672961247351
BM-11696,2025-05-04,Addis Ababa,Store,Fashion,T-Shirt,3,20.224236905036616,0.02,59.45925650080765,24,35.45925650080765
BM-11697,2025-05-04,Dubai,Online,Beauty,Makeup Kit,2,67.97156958660669,0.05,129.1459822145527,70,59.1459822145527
BM-11698,2025-05-04,Nairobi,Online,Beauty,Face Cream,1,23.313770533215425,0.02,22.847495122551116,10,12.847495122551116
BM-11699,2025-05-04,Addis Ababa,Online,Beauty,Shampoo,2,11.040388169542673,0.02,21.63916081230364,8,13.63916081230364
BM-11700,2025-05-04,Addis Ababa,Store,Electronics,Laptop,2,1150.0980776297026,0.1,2070.176539733465,1000,1070.1765397334648
BM-11701,2025-05-04,Nairobi,Store,Beauty,Perfume,2,53.936717338609405,0.05,102.47976294335787,56,46.47976294335787
BM-11702,2025-05-04,Addis Ababa,Online,Electronics,Bluetooth Speaker,1,59.732698585705464,0.05,56.74606365642019,35,21.74606365642019
BM-11703,2025-05-05,Dubai,Online,Home,Vacuum Cleaner,1,154.47319768107266,0.08,142.11534186658685,80,62.115341866586846
BM-11704,2025-05-05,Dubai,Online,Beauty,Shampoo,2,11.473937958158032,0.02,22.488918397989742,8,14.488918397989742
BM-11705,2025-05-05,Addis Ababa,Store,Electronics,Laptop,1,1194.8108536120515,0.1,1075.3297682508464,500,575.3297682508464
BM-11706,2025-05-05,Dubai,Store,Home,Storage Box,1,15.366368524004486,0.02,15.059041153524396,6,9.059041153524396
BM-11707,2025-05-05,Addis Ababa,Store,Electronics,Wireless Earbuds,1,45.29671535513324,0.05,43.03187958737657,25,18.031879587376572
BM-11708,2025-05-05,Addis Ababa,Online,Electronics,Smartphone,1,580.0846758384215,0.1,522.0762082545793,350,172.07620825457934
BM-11709,2025-05-05,Addis Ababa,Online,Beauty,Makeup Kit,1,70.88342350320714,0.05,67.33925232804678,35,32.33925232804678
BM-11710,2025-05-05,Nairobi,Online,Home,Coffee Maker,3,87.48875701646024,0.05,249.34295749691168,135,114.34295749691168
BM-11711,2025-05-05,Addis Ababa,Online,Beauty,Perfume,1,54.65324875384737,0.05,51.920586316155,28,23.920586316155003
BM-11712,2025-05-05,Nairobi,Store,Fashion,Jeans,1,50.01970461218974,0.05,47.518719381580254,25,22.518719381580254
BM-11713,2025-05-05,Addis Ababa,Store,Beauty,Shampoo,2,11.4131477546009,0.02,22.36976959901776,8,14.369769599017761
BM-11714,2025-05-05,Addis Ababa,Store,Fashion,Jeans,3,48.3907614836055,0.05,137.91367022827566,75,62.91367022827566
BM-11715,2025-05-05,Dubai,Online,Beauty,Makeup Kit,1,71.99495097561012,0.05,68.39520342682961,35,33.39520342682961
BM-11716,2025-05-05,Dubai,Online,Home,Desk Lamp,1,29.498112762721046,0.05,28.023207124584992,14,14.023207124584992
BM-11717,2025-05-05,Addis Ababa,Online,Electronics,Tablet,1,203.4337367708084,0.08,187.15903782914373,120,67.15903782914373
BM-11718,2025-05-05,Dubai,Online,Home,Water Bottle,1,12.446384380739044,0.02,12.197456693124263,4,8.197456693124263
BM-11719,2025-05-06,Nairobi,Online,Fashion,T-Shirt,1,19.27591623934867,0.02,18.890397914561696,8,10.890397914561696
BM-11720,2025-05-06,Addis Ababa,Online,Home,Vacuum Cleaner,2,149.8600373285635,0.08,275.74246868455685,160,115.74246868455685
BM-11721,2025-05-06,Bahir Dar,Online,Fashion,T-Shirt,1,19.691681430037768,0.02,19.297847801437012,8,11.297847801437012
BM-11722,2025-05-06,Bahir Dar,Store,Beauty,Makeup Kit,2,70.16822258143654,0.05,133.3196229047294,70,63.319622904729414
BM-11723,2025-05-06,Addis Ababa,Online,Fashion,Hoodie,1,41.5363429578846,0.05,39.45952580999037,20,19.459525809990367
BM-11724,2025-05-06,Addis Ababa,Online,Fashion,Hoodie,1,41.795501761932776,0.05,39.70572667383613,20,19.705726673836132
BM-11725,2025-05-06,Addis Ababa,Store,Beauty,Shampoo,2,11.05330621846289,0.02,21.664480188187262,8,13.664480188187262
BM-11726,2025-05-06,Dubai,Store,Fashion,T-Shirt,2,20.60534095448178,0.02,40.386468270784285,16,24.386468270784285
BM-11727,2025-05-06,Nairobi,Online,Beauty,Hair Dryer,2,40.94784984418405,0.05,77.80091470394969,40,37.80091470394969
BM-11728,2025-05-06,Addis Ababa,Online,Beauty,Makeup Kit,2,70.1684571870957,0.05,133.3200686554818,70,63.320068655481805
BM-11729,2025-05-07,Addis Ababa,Online,Electronics,Smart Watch,1,82.715555100608,0.05,78.5797773455776,48,30.579777345577597
BM-11730,2025-05-07,Bahir Dar,Store,Home,Desk Lamp,1,29.629960898600093,0.05,28.148462853670086,14,14.148462853670086
BM-11731,2025-05-07,Hawassa,Store,Fashion,T-Shirt,1,19.395762602047885,0.02,19.007847350006926,8,11.007847350006926
BM-11732,2025-05-07,Dubai,Store,Fashion,Sneakers,2,63.836542372320935,0.05,121.28943050740978,74,47.289430507409776
BM-11733,2025-05-07,Addis Ababa,Store,Beauty,Shampoo,1,10.487691074346111,0.02,10.27793725285919,4,6.277937252859189
BM-11734,2025-05-07,Dubai,Store,Beauty,Face Cream,2,25.00406038876254,0.02,49.00795836197457,20,29.007958361974573
BM-11735,2025-05-07,Bahir Dar,Online,Home,Water Bottle,2,11.965959013682978,0.02,23.453279666818638,8,15.453279666818638
BM-11736,2025-05-07,Dubai,Store,Home,Water Bottle,1,11.326887500435497,0.02,11.100349750426787,4,7.100349750426787
BM-11737,2025-05-07,Addis Ababa,Online,Fashion,Hoodie,1,41.851455351699116,0.05,39.75888258411416,20,19.75888258411416
BM-11738,2025-05-07,Addis Ababa,Store,Electronics,Smartphone,2,595.7347227509316,0.1,1072.3225009516768,700,372.32250095167683
BM-11739,2025-05-07,Hawassa,Store,Electronics,Smart Watch,3,82.32381312609317,0.05,234.62286740936554,144,90.62286740936554
BM-11740,2025-05-07,Bahir Dar,Store,Beauty,Face Cream,3,23.429886001874394,0.02,68.88386484551071,30,38.883864845510715
BM-11741,2025-05-08,Dubai,Store,Electronics,Laptop,3,1202.8680842368185,0.1,3247.74382743941,1500,1747.7438274394099
BM-11742,2025-05-08,Nairobi,Store,Beauty,Makeup Kit,3,70.03116158760163,0.05,199.58881052466464,105,94.58881052466464
BM-11743,2025-05-08,Dubai,Online,Fashion,T-Shirt,3,19.449215609777596,0.02,57.180693892746135,24,33.180693892746135
BM-11744,2025-05-08,Nairobi,Store,Fashion,Sneakers,1,67.27576772669639,0.05,63.91197934036156,37,26.91197934036156
BM-11745,2025-05-08,Addis Ababa,Online,Beauty,Face Cream,2,23.608703977657832,0.02,46.27305979620935,20,26.273059796209353
BM-11746,2025-05-08,Bahir Dar,Store,Beauty,Perfume,2,53.983621260495006,0.05,102.5688803949405,56,46.56888039494051
BM-11747,2025-05-08,Addis Ababa,Online,Beauty,Makeup Kit,4,70.87380924461912,0.05,269.3204751295527,140,129.32047512955268
BM-11748,2025-05-08,Bahir Dar,Store,Fashion,Sneakers,1,64.56311554656654,0.05,61.3349597692382,37,24.334959769238203
BM-11749,2025-05-08,Dubai,Store,Beauty,Shampoo,1,10.671133417686193,0.02,10.457710749332469,4,6.457710749332469
BM-11750,2025-05-08,Addis Ababa,Online,Home,Water Bottle,1,12.205349520860594,0.02,11.961242530443382,4,7.961242530443382
BM-11751,2025-05-08,Bahir Dar,Online,Home,Water Bottle,2,12.18142497118194,0.02,23.8755929435166,8,15.875592943516601
BM-11752,2025-05-08,Bahir Dar,Store,Electronics,Laptop,1,1187.6863022688294,0.1,1068.9176720419466,500,568.9176720419466
BM-11753,2025-05-08,Hawassa,Store,Fashion,T-Shirt,1,20.753959708617433,0.02,20.338880514445083,8,12.338880514445083
BM-11754,2025-05-08,Addis Ababa,Store,Electronics,Wireless Earbuds,1,45.728319317560505,0.05,43.44190335168248,25,18.441903351682477
BM-11755,2025-05-08,Nairobi,Store,Beauty,Makeup Kit,1,71.21774757304685,0.05,67.65686019439451,35,32.65686019439451
BM-11756,2025-05-08,Addis Ababa,Online,Electronics,Smart Watch,1,77.37956721256674,0.05,73.5105888519384,48,25.510588851938394
BM-11757,2025-05-08,Bahir Dar,Store,Beauty,Shampoo,1,10.918056632227415,0.02,10.699695499582866,4,6.699695499582866
BM-11758,2025-05-09,Bahir Dar,Online,Home,Storage Box,1,14.875865557083301,0.02,14.578348245941635,6,8.578348245941635
BM-11759,2025-05-09,Dubai,Online,Beauty,Makeup Kit,1,70.01612046210616,0.05,66.51531443900085,35,31.515314439000846
BM-11760,2025-05-09,Addis Ababa,Store,Electronics,Laptop,1,1217.1848437016297,0.1,1095.4663593314667,500,595.4663593314667
BM-11761,2025-05-09,Addis Ababa,Online,Home,Coffee Maker,1,92.64928894410448,0.05,88.01682449689926,45,43.01682449689926
BM-11762,2025-05-09,Hawassa,Online,Fashion,Jeans,1,51.77494447435308,0.05,49.18619725063542,25,24.186197250635423
BM-11763,2025-05-09,Addis Ababa,Store,Home,Vacuum Cleaner,2,151.45228521099204,0.08,278.6722047882254,160,118.67220478822537
BM-11764,2025-05-09,Addis Ababa,Online,Home,Vacuum Cleaner,3,147.5161957924504,0.08,407.1447003871631,240,167.14470038716308
BM-11765,2025-05-09,Addis Ababa,Store,Beauty,Shampoo,1,11.262775267027015,0.02,11.037519761686475,4,7.037519761686475
BM-11766,2025-05-09,Nairobi,Online,Beauty,Hair Dryer,2,40.79043021468423,0.05,77.50181740790003,40,37.501817407900035
BM-11767,2025-05-09,Addis Ababa,Store,Beauty,Perfume,1,55.01113449060468,0.05,52.26057776607445,28,24.260577766074448
BM-11768,2025-05-09,Nairobi,Online,Electronics,Bluetooth Speaker,1,62.112046094858414,0.05,59.00644379011549,35,24.00644379011549
BM-11769,2025-05-09,Nairobi,Online,Home,Vacuum Cleaner,1,149.9912197942989,0.08,137.991922210755,80,57.99192221075501
BM-11770,2025-05-09,Addis Ababa,Store,Fashion,Jeans,1,50.069049074111085,0.05,47.56559662040553,25,22.56559662040553
BM-11771,2025-05-09,Bahir Dar,Online,Home,Vacuum Cleaner,3,150.17084182917597,0.08,414.4715234485257,240,174.47152344852572
BM-11772,2025-05-10,Nairobi,Store,Home,Vacuum Cleaner,1,150.49360991785943,0.08,138.45412112443069,80,58.454121124430685
BM-11773,2025-05-10,Bahir Dar,Store,Electronics,Laptop,1,1193.90828498794,0.1,1074.517456489146,500,574.5174564891461
BM-11774,2025-05-10,Addis Ababa,Online,Fashion,Jacket,1,87.40911529940975,0.05,83.03865953443926,45,38.03865953443926
BM-11775,2025-05-10,Dubai,Online,Fashion,T-Shirt,1,20.079151768545263,0.02,19.677568733174358,8,11.677568733174358
BM-11776,2025-05-10,Hawassa,Store,Beauty,Hair Dryer,2,41.6864576165825,0.05,79.20426947150675,40,39.20426947150675
BM-11777,2025-05-10,Addis Ababa,Online,Beauty,Makeup Kit,1,71.77249836425997,0.05,68.18387344604697,35,33.183873446046974
BM-11778,2025-05-10,Nairobi,Online,Beauty,Makeup Kit,1,72.0265782191482,0.05,68.42524930819079,35,33.425249308190786
BM-11779,2025-05-10,Addis Ababa,Store,Fashion,Jeans,2,49.761703163010054,0.05,94.5472360097191,50,44.5472360097191
BM-11780,2025-05-10,Nairobi,Store,Home,Desk Lamp,2,29.802467493414017,0.05,56.62468823748663,28,28.62468823748663
BM-11781,2025-05-10,Dubai,Store,Beauty,Perfume,4,55.58038099012461,0.05,211.2054477624735,112,99.20544776247351
BM-11782,2025-05-10,Addis Ababa,Online,Home,Storage Box,2,14.530004164116889,0.02,28.4788081616691,12,16.4788081616691
BM-11783,2025-05-10,Bahir Dar,Online,Fashion,Hoodie,3,41.709077227609534,0.05,118.87087009868718,60,58.87087009868718
BM-11784,2025-05-10,Dubai,Online,Home,Desk Lamp,3,30.52463235484406,0.05,86.99520221130557,42,44.99520221130557
BM-11785,2025-05-10,Dubai,Online,Home,Coffee Maker,1,87.38237001578574,0.05,83.01325151499645,45,38.013251514996455
BM-11786,2025-05-11,Dubai,Online,Electronics,Tablet,1,192.47697385668033,0.08,177.07881594814592,120,57.078815948145916
BM-11787,2025-05-11,Bahir Dar,Store,Home,Storage Box,3,15.300833397058177,0.02,44.984450187351044,18,26.984450187351044
BM-11788,2025-05-11,Bahir Dar,Store,Fashion,Sneakers,4,65.63513615948015,0.05,249.41351740602457,148,101.41351740602457
BM-11789,2025-05-11,Addis Ababa,Store,Fashion,Sneakers,1,64.14637611910382,0.05,60.93905731314862,37,23.939057313148624
BM-11790,2025-05-11,Addis Ababa,Online,Beauty,Shampoo,1,10.88143120767848,0.02,10.66380258352491,4,6.663802583524911
BM-11791,2025-05-11,Nairobi,Online,Home,Desk Lamp,2,29.140668873075366,0.05,55.36727085884319,28,27.36727085884319
BM-11792,2025-05-11,Addis Ababa,Online,Home,Storage Box,2,14.804661914376286,0.02,29.01713735217752,12,17.01713735217752
BM-11793,2025-05-11,Addis Ababa,Online,Beauty,Perfume,1,55.75594785885051,0.05,52.96815046590798,28,24.968150465907982
BM-11794,2025-05-11,Dubai,Store,Home,Water Bottle,2,11.86006339360617,0.02,23.245724251468094,8,15.245724251468094
BM-11795,2025-05-11,Addis Ababa,Store,Home,Desk Lamp,1,29.238325003570885,0.05,27.77640875339234,14,13.776408753392339
BM-11796,2025-05-12,Hawassa,Online,Beauty,Perfume,1,54.24541380184148,0.05,51.5331431117494,28,23.533143111749403
BM-11797,2025-05-12,Nairobi,Store,Beauty,Perfume,1,53.29812701359125,0.05,50.63322066291168,28,22.633220662911683
BM-11798,2025-05-12,Dubai,Store,Home,Storage Box,1,15.487491882329088,0.02,15.177742044682507,6,9.177742044682507
BM-11799,2025-05-12,Dubai,Store,Electronics,Phone Charger,1,17.358069114506787,0.02,17.01090773221665,7,10.010907732216651
BM-11800,2025-05-12,Bahir Dar,Store,Electronics,Smart Watch,1,76.00839454505608,0.05,72.20797481780328,48,24.207974817803276
BM-11801,2025-05-12,Bahir Dar,Store,Electronics,Smartphone,3,580.8327173095104,0.1,1568.248336735678,1050,518.2483367356781
BM-11802,2025-05-12,Nairobi,Online,Fashion,Hoodie,2,42.56467757521675,0.05,80.87288739291182,40,40.87288739291182
BM-11803,2025-05-12,Addis Ababa,Store,Electronics,Laptop,1,1226.8207320927079,0.1,1104.138658883437,500,604.1386588834371
BM-11804,2025-05-12,Addis Ababa,Online,Electronics,Tablet,2,197.58631277838327,0.08,363.55881551222524,240,123.55881551222524
BM-11805,2025-05-12,Addis Ababa,Store,Electronics,Smartphone,1,585.0977109779037,0.1,526.5879398801134,350,176.58793988011337
BM-11806,2025-05-12,Addis Ababa,Online,Home,Storage Box,1,15.506755158282184,0.02,15.19662005511654,6,9.19662005511654
BM-11807,2025-05-12,Dubai,Store,Home,Storage Box,1,15.420909153487434,0.02,15.112490970417685,6,9.112490970417685
BM-11808,2025-05-12,Dubai,Online,Fashion,Sneakers,1,64.40191775252741,0.05,61.18182186490104,37,24.18182186490104
BM-11809,2025-05-13,Dubai,Store,Beauty,Face Cream,1,24.517571419079353,0.02,24.027219990697766,10,14.027219990697766
BM-11810,2025-05-13,Addis Ababa,Store,Fashion,Sneakers,1,66.68673259628376,0.05,63.35239596646957,37,26.352395966469572
BM-11811,2025-05-13,Hawassa,Online,Electronics,Phone Charger,1,17.962716992999603,0.02,17.603462653139612,7,10.603462653139612
BM-11812,2025-05-13,Dubai,Online,Electronics,Wireless Earbuds,2,44.66801851210993,0.05,84.86923517300886,50,34.86923517300886
BM-11813,2025-05-13,Hawassa,Store,Home,Vacuum Cleaner,4,149.73549668683063,0.08,551.0266278075368,320,231.02662780753678
BM-11814,2025-05-13,Dubai,Online,Home,Vacuum Cleaner,2,150.77777432025437,0.08,277.43110474926806,160,117.43110474926806
BM-11815,2025-05-13,Addis Ababa,Online,Fashion,Jacket,1,85.15343290195416,0.05,80.89576125685645,45,35.895761256856446
BM-11816,2025-05-13,Addis Ababa,Store,Fashion,Hoodie,1,39.645827843857546,0.05,37.66353645166467,20,17.66353645166467
BM-11817,2025-05-13,Bahir Dar,Store,Electronics,Laptop,1,1186.5493061978214,0.1,1067.8943755780392,500,567.8943755780392
BM-11818,2025-05-13,Hawassa,Online,Home,Coffee Maker,1,86.39552359528577,0.05,82.07574741552148,45,37.07574741552148
BM-11819,2025-05-13,Nairobi,Store,Home,Vacuum Cleaner,1,150.37793148356334,0.08,138.34769696487828,80,58.34769696487828
BM-11820,2025-05-13,Hawassa,Online,Electronics,Smartphone,2,590.4758042180769,0.1,1062.8564475925384,700,362.8564475925384
BM-11821,2025-05-13,Bahir Dar,Store,Beauty,Face Cream,2,23.777499070988092,0.02,46.603898179136664,20,26.603898179136664
BM-11822,2025-05-13,Addis Ababa,Store,Home,Desk Lamp,2,30.05371577138301,0.05,57.10205996562772,28,29.102059965627717
BM-11823,2025-05-13,Addis Ababa,Online,Beauty,Makeup Kit,3,73.73030928647752,0.05,210.13138146646094,105,105.13138146646094
BM-11824,2025-05-13,Addis Ababa,Online,Fashion,Hoodie,2,41.24086958606889,0.05,78.35765221353088,40,38.35765221353088
BM-11825,2025-05-14,Dubai,Online,Fashion,T-Shirt,1,21.203662860737396,0.02,20.77958960352265,8,12.779589603522648
BM-11826,2025-05-14,Addis Ababa,Online,Beauty,Shampoo,2,10.604833443195966,0.02,20.785473548664093,8,12.785473548664093
BM-11827,2025-05-14,Addis Ababa,Online,Fashion,Jeans,2,51.54152520688841,0.05,97.92889789308798,50,47.92889789308798
BM-11828,2025-05-14,Hawassa,Online,Electronics,Smartphone,1,612.8104809185278,0.1,551.529432826675,350,201.52943282667502
BM-11829,2025-05-14,Nairobi,Online,Fashion,Jeans,2,49.593432608018,0.05,94.2275219552342,50,44.227521955234195
BM-11830,2025-05-14,Addis Ababa,Store,Fashion,Jacket,3,94.46614878101352,0.05,269.2285240258885,135,134.22852402588848
BM-11831,2025-05-14,Addis Ababa,Store,Beauty,Hair Dryer,2,41.277576521543196,0.05,78.42739539093206,40,38.42739539093206
BM-11832,2025-05-14,Hawassa,Store,Electronics,Wireless Earbuds,1,46.01782029392595,0.05,43.71692927922965,25,18.716929279229653
BM-11833,2025-05-14,Addis Ababa,Store,Home,Water Bottle,1,11.204590656035581,0.02,10.98049884291487,4,6.980498842914869
BM-11834,2025-05-14,Dubai,Store,Electronics,Tablet,1,194.6293132638005,0.08,179.05896820269646,120,59.05896820269646
BM-11835,2025-05-14,Dubai,Online,Beauty,Makeup Kit,1,69.52574162644531,0.05,66.04945454512304,35,31.04945454512304
BM-11836,2025-05-14,Bahir Dar,Online,Fashion,Jacket,2,88.70201332542833,0.05,168.5338253183138,90,78.5338253183138
BM-11837,2025-05-14,Dubai,Store,Electronics,Smart Watch,1,80.36739366952014,0.05,76.34902398604413,48,28.34902398604413
BM-11838,2025-05-14,Addis Ababa,Online,Fashion,Jacket,1,89.4053765381995,0.05,84.93510771128953,45,39.93510771128953
BM-11839,2025-05-15,Bahir Dar,Online,Home,Coffee Maker,1,88.2897933244122,0.05,83.87530365819158,45,38.875303658191584
BM-11840,2025-05-15,Addis Ababa,Online,Fashion,Jacket,1,86.92389067387847,0.05,82.57769614018454,45,37.57769614018454
BM-11841,2025-05-15,Dubai,Online,Beauty,Shampoo,1,11.131298641134267,0.02,10.908672668311581,4,6.908672668311581
BM-11842,2025-05-15,Dubai,Store,Fashion,Sneakers,2,59.8076591375887,0.05,113.63455236141853,74,39.63455236141853
BM-11843,2025-05-15,Dubai,Online,Electronics,Phone Charger,2,17.708769652095224,0.02,34.709188518106636,14,20.709188518106636
BM-11844,2025-05-15,Bahir Dar,Online,Fashion,Jeans,1,49.958989612775,0.05,47.46104013213625,25,22.461040132136247
BM-11845,2025-05-15,Bahir Dar,Store,Home,Vacuum Cleaner,1,148.2823542660763,0.08,136.4197659247902,80,56.4197659247902
BM-11846,2025-05-15,Addis Ababa,Store,Fashion,Jeans,2,49.8707977708513,0.05,94.75451576461747,50,44.754515764617466
BM-11847,2025-05-15,Nairobi,Store,Electronics,Smart Watch,1,76.41565008500368,0.05,72.59486758075349,48,24.594867580753487
BM-11848,2025-05-16,Nairobi,Online,Beauty,Face Cream,1,23.433902178149545,0.02,22.965224134586553,10,12.965224134586553
BM-11849,2025-05-16,Bahir Dar,Store,Electronics,Laptop,1,1167.5204482763172,0.1,1050.7684034486856,500,550.7684034486856
BM-11850,2025-05-16,Nairobi,Store,Electronics,Laptop,3,1250.3774846323831,0.1,3376.0192085074345,1500,1876.0192085074345
BM-11851,2025-05-16,Addis Ababa,Online,Fashion,Sneakers,1,67.00422226888088,0.05,63.654011155436834,37,26.654011155436834
BM-11852,2025-05-16,Dubai,Store,Electronics,Smart Watch,1,79.25168681122157,0.05,75.2891024706605,48,27.289102470660495
BM-11853,2025-05-16,Bahir Dar,Online,Electronics,Tablet,1,201.01761491388257,0.08,184.93620572077197,120,64.93620572077197
BM-11854,2025-05-16,Dubai,Online,Beauty,Face Cream,2,24.71451062655485,0.02,48.44044082804751,20,28.440440828047507
BM-11855,2025-05-16,Bahir Dar,Store,Electronics,Laptop,2,1231.4721125513172,0.1,2216.649802592371,1000,1216.649802592371
BM-11856,2025-05-16,Dubai,Online,Beauty,Makeup Kit,2,68.909690683894,0.05,130.9284122993986,70,60.92841229939859
BM-11857,2025-05-16,Addis Ababa,Store,Beauty,Makeup Kit,2,67.7231022376897,0.05,128.67389425161042,70,58.67389425161042
BM-11858,2025-05-16,Addis Ababa,Store,Beauty,Makeup Kit,1,72.8698932620148,0.05,69.22639859891406,35,34.22639859891406
BM-11859,2025-05-16,Nairobi,Online,Home,Coffee Maker,1,90.57770703008532,0.05,86.04882167858105,45,41.04882167858105
BM-11860,2025-05-16,Dubai,Online,Home,Coffee Maker,1,89.3564157099665,0.05,84.88859492446817,45,39.888594924468165
BM-11861,2025-05-16,Dubai,Store,Home,Vacuum Cleaner,2,149.82792714699204,0.08,275.6833859504654,160,115.68338595046538
BM-11862,2025-05-17,Dubai,Store,Home,Water Bottle,1,11.573022352693945,0.02,11.341561905640066,4,7.3415619056400665
BM-11863,2025-05-17,Dubai,Online,Electronics,Tablet,1,199.83243604669843,0.08,183.84584116296256,120,63.84584116296256
BM-11864,2025-05-17,Addis Ababa,Store,Electronics,Tablet,3,193.92475236463062,0.08,535.2323165263805,360,175.2323165263805
BM-11865,2025-05-17,Addis Ababa,Online,Home,Storage Box,1,15.045266382816736,0.02,14.744361055160402,6,8.744361055160402
BM-11866,2025-05-17,Nairobi,Online,Electronics,Smartphone,1,612.2350551355795,0.1,551.0115496220216,350,201.01154962202156
BM-11867,2025-05-17,Dubai,Store,Electronics,Wireless Earbuds,1,45.69038997677376,0.05,43.40587047793507,25,18.405870477935068
BM-11868,2025-05-17,Addis Ababa,Store,Home,Coffee Maker,1,89.47680030124486,0.05,85.00296028618261,45,40.00296028618261
BM-11869,2025-05-17,Dubai,Online,Electronics,Smart Watch,1,78.86934842822049,0.05,74.92588100680946,48,26.925881006809462
BM-11870,2025-05-17,Addis Ababa,Online,Fashion,Jeans,1,49.920898838854015,0.05,47.42485389691131,25,22.42485389691131
BM-11871,2025-05-17,Addis Ababa,Store,Home,Coffee Maker,1,90.0938781298588,0.05,85.58918422336585,45,40.58918422336585
BM-11872,2025-05-17,Nairobi,Store,Beauty,Hair Dryer,1,37.97083628117174,0.05,36.07229446711315,20,16.072294467113153
BM-11873,2025-05-17,Hawassa,Store,Beauty,Shampoo,2,10.946162091670457,0.02,21.454477699674097,8,13.454477699674097
BM-11874,2025-05-17,Dubai,Online,Fashion,Hoodie,3,41.81060913484528,0.05,119.16023603430904,60,59.16023603430904
BM-11875,2025-05-17,Hawassa,Online,Electronics,Smart Watch,1,77.30007629199045,0.05,73.43507247739092,48,25.435072477390918
BM-11876,2025-05-17,Addis Ababa,Online,Home,Vacuum Cleaner,2,149.83559013365638,0.08,275.69748584592776,160,115.69748584592776
BM-11877,2025-05-17,Nairobi,Online,Beauty,Makeup Kit,1,70.34969321914028,0.05,66.83220855818325,35,31.832208558183254
BM-11878,2025-05-18,Addis Ababa,Store,Electronics,Tablet,1,205.24489632777878,0.08,188.82530462155648,120,68.82530462155648
BM-11879,2025-05-18,Addis Ababa,Store,Beauty,Hair Dryer,1,40.38530767071292,0.05,38.36604228717727,20,18.366042287177272
BM-11880,2025-05-18,Addis Ababa,Online,Beauty,Makeup Kit,1,69.73104588009437,0.05,66.24449358608965,35,31.244493586089646
BM-11881,2025-05-18,Addis Ababa,Online,Electronics,Tablet,1,194.89835566177968,0.08,179.3064872088373,120,59.3064872088373
BM-11882,2025-05-18,Bahir Dar,Online,Electronics,Bluetooth Speaker,4,59.142980913198215,0.05,224.74332747015322,140,84.74332747015322
BM-11883,2025-05-18,Addis Ababa,Store,Home,Coffee Maker,1,86.8153322062733,0.05,82.47456559595963,45,37.47456559595963
BM-11884,2025-05-18,Dubai,Online,Beauty,Hair Dryer,1,40.356542378295444,0.05,38.33871525938067,20,18.33871525938067
BM-11885,2025-05-18,Addis Ababa,Store,Home,Vacuum Cleaner,2,150.58051158740497,0.08,277.06814132082513,160,117.06814132082513
BM-11886,2025-05-18,Addis Ababa,Online,Electronics,Wireless Earbuds,2,44.011015623546704,0.05,83.62092968473874,50,33.62092968473874
BM-11887,2025-05-18,Nairobi,Store,Fashion,Hoodie,2,41.77704488453027,0.05,79.37638528060751,40,39.37638528060751
BM-11888,2025-05-18,Nairobi,Online,Electronics,Wireless Earbuds,1,45.00798128474131,0.05,42.75758222050425,25,17.757582220504247
BM-11889,2025-05-18,Nairobi,Online,Home,Storage Box,2,14.856482912766392,0.02,29.11870650902213,12,17.11870650902213
BM-11890,2025-05-19,Dubai,Online,Fashion,Hoodie,2,42.40672175039414,0.05,80.57277132574886,40,40.57277132574886
BM-11891,2025-05-19,Nairobi,Online,Home,Desk Lamp,1,29.503038637369492,0.05,28.027886705501018,14,14.027886705501018
BM-11892,2025-05-19,Bahir Dar,Online,Fashion,Jacket,2,88.46595631941108,0.05,168.08531700688104,90,78.08531700688104
BM-11893,2025-05-19,Nairobi,Online,Electronics,Smart Watch,2,80.36174045283131,0.05,152.6873068603795,96,56.68730686037949
BM-11894,2025-05-19,Dubai,Online,Fashion,T-Shirt,2,20.990631727360963,0.02,41.141638185627485,16,25.141638185627485
BM-11895,2025-05-19,Dubai,Online,Beauty,Hair Dryer,2,40.2733577439977,0.05,76.51937971359563,40,36.519379713595626
BM-11896,2025-05-19,Hawassa,Online,Home,Storage Box,1,14.739839052919542,0.02,14.445042271861151,6,8.445042271861151
BM-11897,2025-05-19,Hawassa,Store,Fashion,T-Shirt,4,19.23047434614609,0.02,75.38345943689266,32,43.383459436892664
BM-11898,2025-05-20,Dubai,Online,Beauty,Makeup Kit,1,68.31585425905789,0.05,64.900061546105,35,29.900061546104993
BM-11899,2025-05-20,Addis Ababa,Store,Fashion,T-Shirt,1,20.442028175470153,0.02,20.03318761196075,8,12.033187611960749
BM-11900,2025-05-20,Nairobi,Online,Home,Coffee Maker,2,89.48478379735563,0.05,170.0210892149757,90,80.02108921497569
BM-11901,2025-05-20,Bahir Dar,Store,Electronics,Phone Charger,3,18.186128948463576,0.02,53.467219108482915,21,32.467219108482915
BM-11902,2025-05-20,Addis Ababa,Online,Fashion,Hoodie,1,41.793929302128625,0.05,39.70423283702219,20,19.70423283702219
BM-11903,2025-05-20,Nairobi,Online,Fashion,Jacket,2,91.04029303650988,0.05,172.97655676936876,90,82.97655676936876
BM-11904,2025-05-20,Dubai,Online,Beauty,Hair Dryer,1,38.8316780851414,0.05,36.890094180884326,20,16.890094180884326
BM-11905,2025-05-20,Bahir Dar,Store,Electronics,Tablet,1,193.5092049417969,0.08,178.02846854645315,120,58.028468546453155
BM-11906,2025-05-20,Bahir Dar,Online,Home,Desk Lamp,2,29.11472385136624,0.05,55.31797531759585,28,27.317975317595852
BM-11907,2025-05-20,Dubai,Store,Home,Desk Lamp,3,29.705273351912048,0.05,84.66002905294934,42,42.66002905294934
BM-11908,2025-05-20,Nairobi,Store,Fashion,Hoodie,2,40.8001561171431,0.05,77.52029662257189,40,37.52029662257189
BM-11909,2025-05-20,Addis Ababa,Store,Beauty,Hair Dryer,3,39.1383794910758,0.05,111.54438154956604,60,51.54438154956604
BM-11910,2025-05-20,Addis Ababa,Store,Fashion,Jacket,1,89.3530435032353,0.05,84.88539132807352,45,39.885391328073524
BM-11911,2025-05-21,Addis Ababa,Store,Fashion,Sneakers,1,65.97141018736058,0.05,62.67283967799254,37,25.672839677992542
BM-11912,2025-05-21,Bahir Dar,Store,Home,Coffee Maker,1,90.2859134904664,0.05,85.77161781594307,45,40.771617815943074
BM-11913,2025-05-21,Addis Ababa,Store,Home,Water Bottle,1,11.578155307255305,0.02,11.346592201110198,4,7.346592201110198
BM-11914,2025-05-21,Dubai,Online,Electronics,Bluetooth Speaker,1,60.25300149930705,0.05,57.24035142434169,35,22.24035142434169
BM-11915,2025-05-21,Addis Ababa,Store,Electronics,Wireless Earbuds,1,44.5630982524299,0.05,42.334943339808405,25,17.334943339808405
BM-11916,2025-05-21,Nairobi,Store,Electronics,Wireless Earbuds,1,44.95203742988651,0.05,42.704435558392184,25,17.704435558392184
BM-11917,2025-05-21,Dubai,Store,Home,Vacuum Cleaner,2,146.406046218809,0.08,269.38712504260855,160,109.38712504260855
BM-11918,2025-05-21,Addis Ababa,Online,Beauty,Perfume,1,52.48662482426383,0.05,49.862293583050636,28,21.862293583050636
BM-11919,2025-05-21,Hawassa,Online,Beauty,Makeup Kit,1,73.23939737888693,0.05,69.57742750994258,35,34.57742750994258
BM-11920,2025-05-21,Addis Ababa,Online,Beauty,Face Cream,2,23.267244838301778,0.02,45.60379988307148,20,25.60379988307148
BM-11921,2025-05-22,Dubai,Store,Home,Vacuum Cleaner,3,149.3262469189476,0.08,412.14044149629535,240,172.14044149629535
BM-11922,2025-05-22,Addis Ababa,Online,Home,Desk Lamp,1,31.216885603564815,0.05,29.656041323386575,14,15.656041323386575
BM-11923,2025-05-22,Dubai,Online,Home,Vacuum Cleaner,2,150.37879739873205,0.08,276.696987213667,160,116.696987213667
BM-11924,2025-05-22,Nairobi,Store,Beauty,Makeup Kit,2,70.81053152447274,0.05,134.5400098964982,70,64.54000989649819
BM-11925,2025-05-22,Bahir Dar,Online,Home,Coffee Maker,1,88.86549055922177,0.05,84.42221603126067,45,39.422216031260675
BM-11926,2025-05-22,Nairobi,Online,Beauty,Face Cream,2,23.38336382400974,0.02,45.83139309505909,20,25.83139309505909
BM-11927,2025-05-22,Addis Ababa,Store,Beauty,Face Cream,1,23.92975400335114,0.02,23.451158923284115,10,13.451158923284115
BM-11928,2025-05-22,Addis Ababa,Store,Beauty,Shampoo,1,10.827418634247644,0.02,10.610870261562692,4,6.610870261562692
BM-11929,2025-05-22,Nairobi,Store,Home,Vacuum Cleaner,1,153.8480860528958,0.08,141.54023916866416,80,61.54023916866416
BM-11930,2025-05-22,Addis Ababa,Store,Home,Water Bottle,2,12.342922676551698,0.02,24.192128446041327,8,16.192128446041327
BM-11931,2025-05-22,Dubai,Store,Beauty,Makeup Kit,2,68.806120741829,0.05,130.7316294094751,70,60.73162940947509
BM-11932,2025-05-23,Dubai,Online,Electronics,Wireless Earbuds,2,46.43013493153901,0.05,88.21725636992412,50,38.217256369924115
BM-11933,2025-05-23,Addis Ababa,Online,Fashion,Jeans,1,48.486352706000446,0.05,46.06203507070042,25,21.062035070700418
BM-11934,2025-05-23,Addis Ababa,Online,Beauty,Perfume,2,54.66661557867984,0.05,103.86656959949168,56,47.86656959949168
BM-11935,2025-05-23,Nairobi,Store,Electronics,Smart Watch,1,83.08282007616822,0.05,78.9286790723598,48,30.9286790723598
BM-11936,2025-05-23,Addis Ababa,Online,Home,Storage Box,3,15.282279964311876,0.02,44.92990309507692,18,26.929903095076916
BM-11937,2025-05-23,Dubai,Online,Electronics,Phone Charger,1,17.9732502157703,0.02,17.613785211454893,7,10.613785211454893
BM-11938,2025-05-23,Addis Ababa,Online,Beauty,Shampoo,1,11.130468095956939,0.02,10.9078587340378,4,6.9078587340378
BM-11939,2025-05-23,Dubai,Online,Beauty,Face Cream,2,23.734188955956064,0.02,46.519010353673885,20,26.519010353673885
BM-11940,2025-05-23,Dubai,Online,Beauty,Face Cream,1,24.50171886940852,0.02,24.01168449202035,10,14.01168449202035
BM-11941,2025-05-23,Nairobi,Store,Home,Vacuum Cleaner,2,152.7421140070509,0.08,281.04548977297367,160,121.04548977297367
BM-11942,2025-05-23,Dubai,Store,Fashion,T-Shirt,1,19.336470978819246,0.02,18.94974155924286,8,10.94974155924286
BM-11943,2025-05-23,Addis Ababa,Store,Beauty,Perfume,1,57.67502462681377,0.05,54.791273395473084,28,26.791273395473084
BM-11944,2025-05-23,Dubai,Online,Beauty,Perfume,1,54.240307884301934,0.05,51.528292490086834,28,23.528292490086834
BM-11945,2025-05-23,Dubai,Online,Electronics,Wireless Earbuds,1,46.05189771457416,0.05,43.74930282884545,25,18.74930282884545
BM-11946,2025-05-23,Dubai,Online,Electronics,Tablet,1,203.6598066919253,0.08,187.3670221565713,120,67.3670221565713
BM-11947,2025-05-24,Bahir Dar,Online,Fashion,T-Shirt,1,19.608821265991317,0.02,19.21664484067149,8,11.216644840671488
BM-11948,2025-05-24,Addis Ababa,Store,Electronics,Smartphone,1,594.5957082486285,0.1,535.1361374237657,350,185.13613742376572
BM-11949,2025-05-24,Addis Ababa,Online,Home,Coffee Maker,2,91.75600840637266,0.05,174.33641597210803,90,84.33641597210803
BM-11950,2025-05-24,Addis Ababa,Online,Electronics,Phone Charger,2,17.38119004268013,0.02,34.067132483653054,14,20.067132483653054
BM-11951,2025-05-24,Addis Ababa,Online,Home,Coffee Maker,1,90.55643151833205,0.05,86.02860994241544,45,41.02860994241544
BM-11952,2025-05-24,Addis Ababa,Store,Electronics,Bluetooth Speaker,2,59.303496485879045,0.05,112.67664332317018,70,42.67664332317018
BM-11953,2025-05-24,Bahir Dar,Online,Beauty,Face Cream,1,24.079046316202557,0.02,23.597465389878504,10,13.597465389878504
BM-11954,2025-05-24,Nairobi,Store,Fashion,Jacket,2,88.25722882689855,0.05,167.68873477110725,90,77.68873477110725
BM-11955,2025-05-24,Dubai,Store,Beauty,Face Cream,1,22.980314071928134,0.02,22.52070779048957,10,12.52070779048957
BM-11956,2025-05-24,Addis Ababa,Store,Electronics,Wireless Earbuds,1,45.47757615123526,0.05,43.2036973436735,25,18.203697343673497
BM-11957,2025-05-25,Addis Ababa,Online,Electronics,Bluetooth Speaker,3,60.03567698915078,0.05,171.10167941907972,105,66.10167941907972
BM-11958,2025-05-25,Bahir Dar,Online,Fashion,Hoodie,1,39.85415900951821,0.05,37.8614510590423,20,17.861451059042302
BM-11959,2025-05-25,Addis Ababa,Store,Fashion,Jeans,1,50.775439206503535,0.05,48.23666724617836,25,23.236667246178357
BM-11960,2025-05-25,Dubai,Online,Fashion,Jeans,1,51.19600158739359,0.05,48.63620150802391,25,23.63620150802391
BM-11961,2025-05-25,Bahir Dar,Online,Fashion,Jeans,1,50.741424413179956,0.05,48.204353192520955,25,23.204353192520955
BM-11962,2025-05-25,Nairobi,Store,Fashion,T-Shirt,1,19.896564463452805,0.02,19.498633174183748,8,11.498633174183748
BM-11963,2025-05-25,Addis Ababa,Online,Home,Coffee Maker,2,87.22088106260517,0.05,165.71967401894983,90,75.71967401894983
BM-11964,2025-05-25,Dubai,Online,Electronics,Laptop,1,1197.2445577432477,0.1,1077.520101968923,500,577.520101968923
BM-11965,2025-05-25,Nairobi,Online,Beauty,Perfume,2,52.18256844598848,0.05,99.1468800473781,56,43.146880047378104
BM-11966,2025-05-25,Addis Ababa,Online,Beauty,Face Cream,1,24.73833478555902,0.02,24.243568089847837,10,14.243568089847837
BM-11967,2025-05-25,Addis Ababa,Online,Fashion,Jeans,1,48.47608447769049,0.05,46.05228025380597,25,21.052280253805968
BM-11968,2025-05-25,Dubai,Store,Home,Desk Lamp,2,29.62849712323598,0.05,56.29414453414836,28,28.29414453414836
BM-11969,2025-05-25,Nairobi,Online,Home,Vacuum Cleaner,4,145.4955745386503,0.08,535.4237143022331,320,215.42371430223307
BM-11970,2025-05-25,Addis Ababa,Online,Electronics,Tablet,2,195.98399338195384,0.08,360.61054782279507,240,120.61054782279507
BM-11971,2025-05-25,Dubai,Store,Fashion,Jeans,4,50.90404947774035,0.05,193.43538801541334,100,93.43538801541334
BM-11972,2025-05-25,Addis Ababa,Online,Electronics,Bluetooth Speaker,2,62.60631364948065,0.05,118.95199593401323,70,48.951995934013226
BM-11973,2025-05-25,Dubai,Online,Beauty,Perfume,1,54.73187167870073,0.05,51.99527809476569,28,23.995278094765688
BM-11974,2025-05-26,Dubai,Store,Electronics,Phone Charger,1,16.858635522659483,0.02,16.521462812206295,7,9.521462812206295
BM-11975,2025-05-26,Addis Ababa,Online,Electronics,Bluetooth Speaker,1,59.28844977839025,0.05,56.324027289470735,35,21.324027289470735
BM-11976,2025-05-26,Addis Ababa,Store,Home,Storage Box,4,15.233434733714965,0.02,59.71506415616266,24,35.71506415616266
BM-11977,2025-05-26,Hawassa,Online,Electronics,Tablet,1,201.36150865275874,0.08,185.25258796053805,120,65.25258796053805
BM-11978,2025-05-26,Nairobi,Online,Beauty,Makeup Kit,2,70.34515928546233,0.05,133.65580264237843,70,63.65580264237843
BM-11979,2025-05-26,Addis Ababa,Online,Beauty,Shampoo,1,10.498230974812023,0.02,10.288266355315782,4,6.288266355315782
BM-11980,2025-05-26,Nairobi,Online,Electronics,Smartphone,1,600.3002535327527,0.1,540.2702281794774,350,190.27022817947739
BM-11981,2025-05-26,Hawassa,Store,Home,Vacuum Cleaner,2,151.45071725389275,0.08,278.66931974716266,160,118.66931974716266
BM-11982,2025-05-26,Dubai,Online,Home,Coffee Maker,2,89.13706246525096,0.05,169.36041868397683,90,79.36041868397683
BM-11983,2025-05-26,Addis Ababa,Online,Electronics,Tablet,2,196.6380307765299,0.08,361.813976628815,240,121.813976628815
BM-11984,2025-05-26,Nairobi,Online,Fashion,Jeans,1,50.55075740089461,0.05,48.02321953084988,25,23.02321953084988
BM-11985,2025-05-27,Addis Ababa,Online,Electronics,Phone Charger,1,17.405393226603223,0.02,17.05728536207116,7,10.057285362071159
BM-11986,2025-05-27,Bahir Dar,Online,Fashion,Jacket,2,86.97195990561373,0.05,165.2467238206661,90,75.24672382066609
BM-11987,2025-05-27,Bahir Dar,Online,Home,Coffee Maker,1,91.90098005902455,0.05,87.30593105607332,45,42.30593105607332
BM-11988,2025-05-27,Dubai,Store,Beauty,Shampoo,1,10.820671847756895,0.02,10.604258410801757,4,6.604258410801757
BM-11989,2025-05-27,Nairobi,Online,Beauty,Perfume,2,54.653257637025646,0.05,103.84118951034873,56,47.84118951034873
BM-11990,2025-05-27,Dubai,Online,Home,Water Bottle,2,12.394931984356258,0.02,24.294066689338266,8,16.294066689338266
BM-11991,2025-05-27,Bahir Dar,Store,Electronics,Bluetooth Speaker,3,59.52671999812991,0.05,169.65115199467024,105,64.65115199467024
BM-11992,2025-05-27,Nairobi,Online,Electronics,Smartphone,1,575.1890075210897,0.1,517.6701067689808,350,167.67010676898076
BM-11993,2025-05-27,Nairobi,Online,Beauty,Face Cream,2,22.866631543774403,0.02,44.81859782579783,20,24.81859782579783
BM-11994,2025-05-27,Hawassa,Store,Electronics,Smartphone,1,570.3422093407562,0.1,513.3079884066806,350,163.30798840668058
BM-11995,2025-05-27,Addis Ababa,Online,Beauty,Perfume,2,55.317933287779965,0.05,105.10407324678192,56,49.10407324678192
BM-11996,2025-05-27,Dubai,Online,Beauty,Face Cream,3,23.37452459334373,0.02,68.72110230443057,30,38.72110230443057
BM-11997,2025-05-27,Dubai,Store,Beauty,Hair Dryer,3,40.23459046823044,0.05,114.66858283445674,60,54.66858283445674
BM-11998,2025-05-27,Addis Ababa,Online,Home,Desk Lamp,1,29.570625618014095,0.05,28.092094337113387,14,14.092094337113387
BM-11999,2025-05-28,Addis Ababa,Online,Home,Desk Lamp,1,30.212356694628532,0.05,28.701738859897105,14,14.701738859897105
BM-12000,2025-05-28,Bahir Dar,Online,Electronics,Smartphone,1,598.1063343084783,0.1,538.2957008776305,350,188.29570087763045
BM-12001,2025-05-28,Addis Ababa,Store,Home,Water Bottle,2,12.07507469269769,0.02,23.66714639768747,8,15.667146397687471
BM-12002,2025-05-28,Addis Ababa,Store,Home,Vacuum Cleaner,1,144.56852485074435,0.08,133.00304286268482,80,53.00304286268482
BM-12003,2025-05-28,Bahir Dar,Online,Fashion,Hoodie,1,41.59314103123372,0.05,39.51348397967203,20,19.51348397967203
BM-12004,2025-05-28,Dubai,Store,Electronics,Wireless Earbuds,1,43.90108901593298,0.05,41.70603456513633,25,16.706034565136328
BM-12005,2025-05-28,Addis Ababa,Online,Home,Desk Lamp,1,31.41338227201121,0.05,29.842713158410646,14,15.842713158410646
BM-12006,2025-05-28,Addis Ababa,Online,Electronics,Laptop,1,1222.750627006332,0.1,1100.4755643056988,500,600.4755643056988
BM-12007,2025-05-28,Hawassa,Store,Home,Storage Box,1,14.423312455583572,0.02,14.1348462064719,6,8.1348462064719
BM-12008,2025-05-28,Dubai,Online,Home,Coffee Maker,3,90.40710729749348,0.05,257.6602557978564,135,122.6602557978564
BM-12009,2025-05-28,Nairobi,Online,Beauty,Hair Dryer,1,40.56895560637393,0.05,38.54050782605523,20,18.540507826055233
BM-12010,2025-05-28,Bahir Dar,Store,Fashion,Jeans,1,49.879351496131434,0.05,47.38538392132486,25,22.38538392132486
BM-12011,2025-05-28,Addis Ababa,Online,Beauty,Shampoo,1,10.954493947807412,0.02,10.735404068851263,4,6.735404068851263
BM-12012,2025-05-29,Addis Ababa,Online,Home,Storage Box,1,15.238650163285474,0.02,14.933877160019764,6,8.933877160019764
BM-12013,2025-05-29,Addis Ababa,Store,Electronics,Smart Watch,1,79.44925534048568,0.05,75.4767925734614,48,27.476792573461395
BM-12014,2025-05-29,Bahir Dar,Online,Home,Coffee Maker,2,91.17611959391128,0.05,173.23462722843144,90,83.23462722843144
BM-12015,2025-05-29,Dubai,Online,Fashion,Sneakers,2,66.76144514627754,0.05,126.84674577792731,74,52.84674577792731
BM-12016,2025-05-29,Dubai,Online,Home,Coffee Maker,1,89.70811870722618,0.05,85.22271277186486,45,40.22271277186486
BM-12017,2025-05-29,Nairobi,Online,Home,Desk Lamp,2,30.91701861192817,0.05,58.742335362663525,28,30.742335362663525
BM-12018,2025-05-29,Nairobi,Store,Fashion,Hoodie,2,42.83459061516112,0.05,81.38572216880613,40,41.385722168806126
BM-12019,2025-05-29,Nairobi,Online,Electronics,Laptop,2,1144.8839295955745,0.1,2060.7910732720343,1000,1060.7910732720343
BM-12020,2025-05-29,Bahir Dar,Online,Fashion,Sneakers,1,64.89733277922954,0.05,61.65246614026806,37,24.65246614026806
BM-12021,2025-05-29,Dubai,Online,Electronics,Bluetooth Speaker,2,61.34868522599867,0.05,116.56250192939747,70,46.56250192939747
BM-12022,2025-05-29,Addis Ababa,Online,Home,Coffee Maker,1,93.30150107717434,0.05,88.63642602331562,45,43.63642602331562
BM-12023,2025-05-29,Addis Ababa,Store,Home,Water Bottle,1,11.94202499795045,0.02,11.70318449799144,4,7.70318449799144
BM-12024,2025-05-29,Addis Ababa,Store,Beauty,Face Cream,4,24.11383570751918,0.02,94.52623597347518,40,54.52623597347518
BM-12025,2025-05-29,Dubai,Store,Beauty,Face Cream,3,24.250775463025654,0.02,71.29727986129542,30,41.29727986129542
BM-12026,2025-05-29,Addis Ababa,Online,Home,Water Bottle,4,11.912371091093563,0.02,46.69649467708677,16,30.69649467708677
BM-12027,2025-05-29,Bahir Dar,Online,Beauty,Makeup Kit,1,71.04915473261508,0.05,67.49669699598432,35,32.49669699598432
BM-12028,2025-05-29,Dubai,Online,Home,Vacuum Cleaner,2,146.06042626473177,0.08,268.7511843271065,160,108.7511843271065
BM-12029,2025-05-30,Addis Ababa,Store,Home,Desk Lamp,2,31.154744304727437,0.05,59.19401417898213,28,31.19401417898213
BM-12030,2025-05-30,Hawassa,Online,Fashion,Jeans,2,51.31647258486021,0.05,97.50129791123439,50,47.50129791123439
BM-12031,2025-05-30,Dubai,Online,Home,Desk Lamp,3,29.856785427846372,0.05,85.09183846936216,42,43.09183846936216
BM-12032,2025-05-30,Addis Ababa,Online,Electronics,Phone Charger,2,17.626398354161523,0.02,34.54774077415659,14,20.547740774156587
BM-12033,2025-05-30,Dubai,Store,Home,Vacuum Cleaner,2,151.9220551112813,0.08,279.5365814047576,160,119.53658140475761
BM-12034,2025-05-30,Dubai,Store,Beauty,Shampoo,1,10.753130465281806,0.02,10.53806785597617,4,6.53806785597617
BM-12035,2025-05-30,Nairobi,Online,Home,Vacuum Cleaner,1,158.8413721125989,0.08,146.13406234359098,80,66.13406234359098
BM-12036,2025-05-30,Hawassa,Store,Electronics,Wireless Earbuds,1,43.737367082903376,0.05,41.55049872875821,25,16.550498728758207
BM-12037,2025-05-30,Hawassa,Online,Electronics,Laptop,1,1204.0534530925263,0.1,1083.6481077832736,500,583.6481077832736
BM-12038,2025-05-30,Dubai,Online,Beauty,Hair Dryer,1,39.4353535337881,0.05,37.46358585709869,20,17.463585857098693
BM-12039,2025-05-30,Dubai,Store,Fashion,T-Shirt,1,19.53786715896423,0.02,19.147109815784944,8,11.147109815784944
BM-12040,2025-05-30,Addis Ababa,Online,Beauty,Shampoo,2,11.213687814033893,0.02,21.97882811550643,8,13.978828115506431
BM-12041,2025-05-30,Addis Ababa,Store,Fashion,Jacket,2,88.7299003721836,0.05,168.58681070714883,90,78.58681070714883
BM-12042,2025-05-30,Hawassa,Online,Home,Vacuum Cleaner,4,151.10461066435428,0.08,556.0649672448238,320,236.06496724482383
BM-12043,2025-05-31,Bahir Dar,Online,Home,Water Bottle,1,12.691211305162906,0.02,12.437387079059647,4,8.437387079059647
BM-12044,2025-05-31,Dubai,Store,Home,Water Bottle,1,11.785508001009138,0.02,11.549797840988955,4,7.549797840988955
BM-12045,2025-05-31,Nairobi,Store,Beauty,Perfume,2,53.61123534088564,0.05,101.86134714768272,56,45.86134714768272
BM-12046,2025-05-31,Addis Ababa,Online,Fashion,Sneakers,1,66.3001115610384,0.05,62.98510598298648,37,25.985105982986482
BM-12047,2025-05-31,Hawassa,Online,Beauty,Makeup Kit,1,72.15785548093986,0.05,68.54996270689286,35,33.549962706892856
BM-12048,2025-05-31,Nairobi,Store,Beauty,Face Cream,1,23.31329962954097,0.02,22.84703363695015,10,12.847033636950151
BM-12049,2025-05-31,Addis Ababa,Store,Fashion,Sneakers,1,65.19439390079332,0.05,61.934674205753645,37,24.934674205753645
BM-12050,2025-05-31,Bahir Dar,Online,Home,Vacuum Cleaner,1,148.34244269823972,0.08,136.47504728238056,80,56.47504728238056
BM-12051,2025-05-31,Addis Ababa,Store,Electronics,Bluetooth Speaker,2,60.273284551325304,0.05,114.51924064751807,70,44.519240647518075
BM-12052,2025-05-31,Nairobi,Online,Beauty,Hair Dryer,1,40.76735255465508,0.05,38.72898492692233,20,18.72898492692233
BM-12053,2025-05-31,Bahir Dar,Store,Electronics,Wireless Earbuds,1,44.87106109612464,0.05,42.62750804131841,25,17.627508041318407
BM-12054,2025-05-31,Addis Ababa,Online,Beauty,Face Cream,1,22.955185758937112,0.02,22.49608204375837,10,12.49608204375837
BM-12055,2025-05-31,Addis Ababa,Online,Electronics,Laptop,2,1185.8552693549473,0.1,2134.539484838905,1000,1134.539484838905
BM-12056,2025-05-31,Addis Ababa,Store,Beauty,Face Cream,1,23.96422342056575,0.02,23.484938952154437,10,13.484938952154437
BM-12057,2025-05-31,Nairobi,Online,Beauty,Perfume,1,54.71714165636197,0.05,51.98128457354387,28,23.981284573543867
BM-12058,2025-05-31,Dubai,Online,Fashion,T-Shirt,1,19.94882013300512,0.02,19.549843730345017,8,11.549843730345017
BM-12059,2025-05-31,Dubai,Online,Home,Desk Lamp,2,30.664538514495515,0.05,58.26262317754148,28,30.262623177541478
BM-12060,2025-05-31,Addis Ababa,Store,Beauty,Makeup Kit,1,74.71756561989811,0.05,70.9816873389032,35,35.9816873389032
BM-12061,2025-05-31,Dubai,Online,Electronics,Smart Watch,3,81.05549598399881,0.05,231.0081635543966,144,87.00816355439659
BM-12062,2025-05-31,Dubai,Online,Fashion,Hoodie,4,40.79837599734761,0.05,155.03382878992093,80,75.03382878992093
BM-12063,2025-05-31,Addis Ababa,Online,Fashion,Jacket,1,88.19528552310913,0.05,83.78552124695368,45,38.78552124695368
BM-12064,2025-05-31,Dubai,Store,Fashion,Jacket,2,87.2366106497613,0.05,165.74956023454646,90,75.74956023454646
BM-12065,2025-06-01,Hawassa,Store,Home,Desk Lamp,1,30.015193349510206,0.05,28.514433682034696,14,14.514433682034696
BM-12066,2025-06-01,Bahir Dar,Online,Electronics,Wireless Earbuds,2,45.008414602232676,0.05,85.51598774424208,50,35.51598774424208
BM-12067,2025-06-01,Addis Ababa,Online,Beauty,Face Cream,1,24.016135237035108,0.02,23.535812532294404,10,13.535812532294404
BM-12068,2025-06-01,Addis Ababa,Online,Electronics,Laptop,2,1202.3804365215515,0.1,2164.284785738793,1000,1164.2847857387928
BM-12069,2025-06-01,Hawassa,Online,Home,Water Bottle,1,12.05859242551367,0.02,11.817420577003396,4,7.817420577003396
BM-12070,2025-06-01,Nairobi,Online,Home,Vacuum Cleaner,2,149.24117340095444,0.08,274.6037590577562,160,114.60375905775618
BM-12071,2025-06-01,Addis Ababa,Online,Home,Desk Lamp,4,30.022903728436376,0.05,114.08703416805822,56,58.087034168058224
BM-12072,2025-06-01,Bahir Dar,Online,Home,Coffee Maker,1,89.19667653895539,0.05,84.73684271200761,45,39.736842712007615
BM-12073,2025-06-01,Dubai,Online,Electronics,Bluetooth Speaker,2,59.752979966331985,0.05,113.53066193603077,70,43.53066193603077
BM-12074,2025-06-01,Nairobi,Store,Beauty,Face Cream,2,24.340102801193563,0.02,47.70660149033938,20,27.70660149033938
BM-12075,2025-06-01,Dubai,Store,Beauty,Face Cream,1,24.318398955316482,0.02,23.832030976210152,10,13.832030976210152
BM-12076,2025-06-01,Addis Ababa,Online,Electronics,Smart Watch,1,79.13423625363806,0.05,75.17752444095616,48,27.177524440956162
BM-12077,2025-06-01,Bahir Dar,Store,Home,Vacuum Cleaner,1,156.68806826320073,0.08,144.15302280214468,80,64.15302280214468
BM-12078,2025-06-01,Dubai,Store,Electronics,Wireless Earbuds,1,44.61528161546984,0.05,42.38451753469634,25,17.384517534696343
BM-12079,2025-06-01,Nairobi,Online,Beauty,Makeup Kit,1,70.27984466880565,0.05,66.76585243536536,35,31.76585243536536
BM-12080,2025-06-01,Addis Ababa,Store,Beauty,Shampoo,2,11.154442406456141,0.02,21.862707116654036,8,13.862707116654036
BM-12081,2025-06-01,Bahir Dar,Online,Electronics,Laptop,1,1217.5212122776597,0.1,1095.7690910498939,500,595.7690910498939
BM-12082,2025-06-01,Bahir Dar,Store,Beauty,Face Cream,2,24.397324283532182,0.02,47.818755595723076,20,27.818755595723076
BM-12083,2025-06-01,Bahir Dar,Online,Electronics,Phone Charger,1,18.357622664537992,0.02,17.99047021124723,7,10.990470211247231
BM-12084,2025-06-02,Dubai,Online,Beauty,Face Cream,2,23.60757297901224,0.02,46.27084303886399,20,26.270843038863987
BM-12085,2025-06-02,Dubai,Store,Electronics,Smartphone,2,618.7837867119844,0.1,1113.8108160815718,700,413.81081608157183
BM-12086,2025-06-02,Addis Ababa,Store,Beauty,Makeup Kit,2,69.39047654149002,0.05,131.841905428831,70,61.84190542883101
BM-12087,2025-06-02,Dubai,Online,Electronics,Smartphone,3,619.5736652676649,0.1,1672.8488962226952,1050,622.8488962226952
BM-12088,2025-06-02,Bahir Dar,Online,Home,Storage Box,2,15.202674069010524,0.02,29.797241175260627,12,17.797241175260627
BM-12089,2025-06-02,Dubai,Online,Home,Desk Lamp,1,29.468973537781128,0.05,27.995524860892072,14,13.995524860892072
BM-12090,2025-06-02,Dubai,Store,Home,Vacuum Cleaner,1,148.19896864265843,0.08,136.34305115124576,80,56.34305115124576
BM-12091,2025-06-02,Bahir Dar,Store,Home,Vacuum Cleaner,1,146.34216554858497,0.08,134.63479230469818,80,54.63479230469818
BM-12092,2025-06-02,Addis Ababa,Online,Electronics,Smartphone,2,572.570573844939,0.1,1030.62703292089,700,330.6270329208901
BM-12093,2025-06-02,Bahir Dar,Store,Home,Desk Lamp,3,28.295862149673113,0.05,80.64320712656837,42,38.64320712656837
BM-12094,2025-06-03,Dubai,Store,Home,Vacuum Cleaner,1,156.08565467761574,0.08,143.59880230340647,80,63.59880230340647
BM-12095,2025-06-03,Addis Ababa,Store,Beauty,Hair Dryer,2,38.78022753212355,0.05,73.68243231103473,40,33.68243231103473
BM-12096,2025-06-03,Addis Ababa,Store,Electronics,Wireless Earbuds,1,44.98194642290623,0.05,42.73284910176092,25,17.73284910176092
BM-12097,2025-06-03,Dubai,Store,Home,Coffee Maker,2,94.92069563762585,0.05,180.34932171148913,90,90.34932171148913
BM-12098,2025-06-03,Addis Ababa,Online,Fashion,Sneakers,1,62.79374842924009,0.05,59.65406100777808,37,22.654061007778083
BM-12099,2025-06-03,Addis Ababa,Store,Home,Coffee Maker,2,88.98471691143628,0.05,169.07096213172892,90,79.07096213172892
BM-12100,2025-06-03,Hawassa,Store,Electronics,Bluetooth Speaker,2,61.184334381295365,0.05,116.25023532446119,70,46.25023532446119
BM-12101,2025-06-03,Bahir Dar,Store,Beauty,Perfume,1,55.73843348337094,0.05,52.951511809202394,28,24.951511809202394
BM-12102,2025-06-04,Bahir Dar,Online,Beauty,Perfume,1,52.84070127687906,0.05,50.198666213035104,28,22.198666213035104
BM-12103,2025-06-04,Bahir Dar,Online,Fashion,T-Shirt,2,19.812684852461224,0.02,38.832862310824,16,22.832862310823998
BM-12104,2025-06-04,Nairobi,Online,Electronics,Bluetooth Speaker,1,59.1964990931519,0.05,56.2366741384943,35,21.2366741384943
BM-12105,2025-06-04,Hawassa,Store,Home,Desk Lamp,1,28.764367017110292,0.05,27.326148666254777,14,13.326148666254777
BM-12106,2025-06-04,Addis Ababa,Online,Home,Water Bottle,2,12.17907996941992,0.02,23.870996740063042,8,15.870996740063042
BM-12107,2025-06-04,Addis Ababa,Store,Electronics,Bluetooth Speaker,1,58.472659854598426,0.05,55.549026861868505,35,20.549026861868505
BM-12108,2025-06-04,Nairobi,Online,Electronics,Tablet,1,205.22485649473353,0.08,188.80686797515486,120,68.80686797515486
BM-12109,2025-06-04,Bahir Dar,Store,Beauty,Perfume,1,54.07719477639805,0.05,51.373335037578144,28,23.373335037578144
BM-12110,2025-06-04,Bahir Dar,Online,Home,Coffee Maker,1,91.39503873171054,0.05,86.82528679512501,45,41.82528679512501
BM-12111,2025-06-04,Addis Ababa,Online,Fashion,Hoodie,3,42.21203747139455,0.05,120.30430679347447,60,60.30430679347447
BM-12112,2025-06-04,Dubai,Store,Beauty,Face Cream,1,24.430039804623256,0.02,23.94143900853079,10,13.94143900853079
BM-12113,2025-06-04,Addis Ababa,Store,Beauty,Face Cream,2,23.86003907492846,0.02,46.765676586859776,20,26.765676586859776
BM-12114,2025-06-04,Dubai,Store,Beauty,Makeup Kit,1,71.81247654330686,0.05,68.22185271614151,35,33.22185271614151
BM-12115,2025-06-05,Dubai,Online,Home,Vacuum Cleaner,2,151.74624263354383,0.08,279.21308644572065,160,119.21308644572065
BM-12116,2025-06-05,Bahir Dar,Online,Home,Vacuum Cleaner,1,149.62838028049455,0.08,137.65810985805498,80,57.658109858054985
BM-12117,2025-06-05,Addis Ababa,Online,Home,Water Bottle,1,12.09265516749113,0.02,11.850802064141305,4,7.850802064141305
BM-12118,2025-06-05,Dubai,Store,Home,Coffee Maker,4,88.78235936957809,0.05,337.3729656043967,180,157.3729656043967
BM-12119,2025-06-05,Nairobi,Store,Electronics,Smartphone,1,588.1830166705998,0.1,529.3647150035399,350,179.3647150035399
BM-12120,2025-06-05,Dubai,Store,Fashion,Hoodie,1,43.45415228452751,0.05,41.281444670301134,20,21.281444670301134
BM-12121,2025-06-05,Addis Ababa,Store,Fashion,Hoodie,3,41.805246025300534,0.05,119.14495117210652,60,59.144951172106516
BM-12122,2025-06-05,Bahir Dar,Online,Beauty,Makeup Kit,1,73.69517632979267,0.05,70.01041751330304,35,35.01041751330304
BM-12123,2025-06-05,Nairobi,Online,Home,Desk Lamp,1,29.7915932196328,0.05,28.30201355865116,14,14.302013558651161
BM-12124,2025-06-06,Bahir Dar,Store,Fashion,Sneakers,2,66.32661090566975,0.05,126.02056072077252,74,52.02056072077252
BM-12125,2025-06-06,Bahir Dar,Store,Home,Vacuum Cleaner,2,144.11460414729652,0.08,265.1708716310256,160,105.17087163102559
BM-12126,2025-06-06,Bahir Dar,Store,Electronics,Wireless Earbuds,1,46.17678637412028,0.05,43.86794705541427,25,18.86794705541427
BM-12127,2025-06-06,Dubai,Online,Home,Storage Box,1,15.171855454983804,0.02,14.868418345884129,6,8.868418345884129
BM-12128,2025-06-06,Nairobi,Online,Electronics,Wireless Earbuds,3,43.87404978526929,0.05,125.04104188801749,75,50.04104188801749
BM-12129,2025-06-06,Addis Ababa,Store,Home,Coffee Maker,2,90.30329010932658,0.05,171.5762512077205,90,81.5762512077205
BM-12130,2025-06-06,Addis Ababa,Online,Home,Water Bottle,2,11.952239719311889,0.02,23.4263898498513,8,15.4263898498513
BM-12131,2025-06-06,Hawassa,Online,Beauty,Face Cream,2,23.933418731201865,0.02,46.90950071315565,20,26.90950071315565
BM-12132,2025-06-06,Hawassa,Store,Beauty,Shampoo,1,11.200820664444635,0.02,10.976804251155741,4,6.976804251155741
BM-12133,2025-06-06,Addis Ababa,Online,Fashion,T-Shirt,1,19.33694492306964,0.02,18.95020602460825,8,10.95020602460825
BM-12134,2025-06-06,Addis Ababa,Store,Electronics,Tablet,1,195.37632881249948,0.08,179.74622250749954,120,59.74622250749954
BM-12135,2025-06-06,Nairobi,Online,Fashion,Jeans,1,49.2877369695965,0.05,46.823350121116675,25,21.823350121116675
BM-12136,2025-06-06,Addis Ababa,Online,Home,Vacuum Cleaner,2,147.90228127633804,0.08,272.140197548462,160,112.14019754846203
BM-12137,2025-06-06,Dubai,Online,Electronics,Smartphone,1,615.8539767187319,0.1,554.2685790468588,350,204.2685790468588
BM-12138,2025-06-06,Dubai,Online,Beauty,Face Cream,2,23.726938072883186,0.02,46.50479862285104,20,26.50479862285104
BM-12139,2025-06-06,Nairobi,Online,Fashion,T-Shirt,1,20.290452682764887,0.02,19.88464362910959,8,11.88464362910959
BM-12140,2025-06-07,Nairobi,Store,Electronics,Smartphone,2,587.3556020123116,0.1,1057.240083622161,700,357.2400836221609
BM-12141,2025-06-07,Addis Ababa,Store,Home,Water Bottle,1,12.148407940063578,0.02,11.905439781262306,4,7.905439781262306
BM-12142,2025-06-07,Dubai,Online,Fashion,Jeans,1,50.3748154302176,0.05,47.85607465870672,25,22.856074658706717
BM-12143,2025-06-07,Bahir Dar,Online,Fashion,Hoodie,2,40.811270399624,0.05,77.54141375928559,40,37.54141375928559
BM-12144,2025-06-07,Dubai,Online,Home,Storage Box,2,15.364922202394215,0.02,30.115247516692662,12,18.115247516692662
BM-12145,2025-06-07,Dubai,Online,Fashion,Sneakers,1,62.18102312110866,0.05,59.07197196505322,37,22.071971965053223
BM-12146,2025-06-07,Hawassa,Online,Beauty,Shampoo,1,10.657538235011213,0.02,10.44438747031099,4,6.444387470310989
BM-12147,2025-06-07,Hawassa,Online,Electronics,Smartphone,2,598.1047948330869,0.1,1076.5886306995565,700,376.58863069955646
BM-12148,2025-06-07,Bahir Dar,Online,Electronics,Wireless Earbuds,1,46.08691653487352,0.05,43.78257070812984,25,18.78257070812984
BM-12149,2025-06-07,Bahir Dar,Online,Electronics,Smart Watch,2,82.10801728012186,0.05,156.0052328322315,96,60.00523283223151
BM-12150,2025-06-07,Addis Ababa,Online,Beauty,Face Cream,2,24.009901054448655,0.02,47.05940606671936,20,27.05940606671936
BM-12151,2025-06-07,Nairobi,Store,Fashion,T-Shirt,3,20.703719556958614,0.02,60.86893549745832,24,36.86893549745832
BM-12152,2025-06-07,Addis Ababa,Online,Electronics,Phone Charger,2,18.12917408173773,0.02,35.53318120020595,14,21.533181200205952
BM-12153,2025-06-07,Addis Ababa,Online,Home,Water Bottle,1,11.497076039261927,0.02,11.267134518476688,4,7.267134518476688
BM-12154,2025-06-07,Bahir Dar,Store,Home,Vacuum Cleaner,1,153.1160500476248,0.08,140.86676604381483,80,60.866766043814835
BM-12155,2025-06-07,Hawassa,Store,Fashion,Sneakers,2,65.49109687831749,0.05,124.43308406880323,74,50.433084068803225
BM-12156,2025-06-08,Dubai,Store,Home,Vacuum Cleaner,2,150.08598881462854,0.08,276.15821941891653,160,116.15821941891653
BM-12157,2025-06-08,Addis Ababa,Online,Fashion,T-Shirt,1,19.65708615959663,0.02,19.2639444364047,8,11.2639444364047
BM-12158,2025-06-08,Addis Ababa,Store,Fashion,Jeans,3,47.54191691138182,0.05,135.4944631974382,75,60.49446319743819
BM-12159,2025-06-08,Addis Ababa,Store,Beauty,Makeup Kit,1,69.34782546512383,0.05,65.88043419186764,35,30.880434191867636
BM-12160,2025-06-08,Nairobi,Store,Fashion,Jeans,1,50.89945228949742,0.05,48.354479675022546,25,23.354479675022546
BM-12161,2025-06-08,Hawassa,Store,Fashion,Jacket,1,87.28138296129138,0.05,82.91731381322681,45,37.91731381322681
BM-12162,2025-06-08,Dubai,Store,Home,Vacuum Cleaner,1,155.6897444327139,0.08,143.2345648780968,80,63.23456487809679
BM-12163,2025-06-08,Hawassa,Store,Beauty,Makeup Kit,2,71.31305228130462,0.05,135.49479933447878,70,65.49479933447878
BM-12164,2025-06-08,Addis Ababa,Online,Home,Vacuum Cleaner,1,153.7291048865121,0.08,141.43077649559112,80,61.43077649559112
BM-12165,2025-06-08,Addis Ababa,Online,Fashion,Jacket,2,91.23267190006574,0.05,173.3420766101249,90,83.3420766101249
BM-12166,2025-06-08,Dubai,Store,Beauty,Perfume,2,55.471888727412626,0.05,105.39658858208398,56,49.39658858208398
BM-12167,2025-06-08,Addis Ababa,Online,Beauty,Makeup Kit,1,68.37586940076238,0.05,64.95707593072426,35,29.95707593072426
BM-12168,2025-06-08,Addis Ababa,Online,Beauty,Hair Dryer,1,39.03474948126846,0.05,37.083012007205035,20,17.083012007205035
BM-12169,2025-06-08,Addis Ababa,Online,Electronics,Phone Charger,1,17.49432057046609,0.02,17.144434159056768,7,10.144434159056768
BM-12170,2025-06-08,Dubai,Store,Electronics,Tablet,1,199.34109088522538,0.08,183.39380361440737,120,63.393803614407375
BM-12171,2025-06-08,Bahir Dar,Online,Beauty,Perfume,1,52.98620317368102,0.05,50.33689301499697,28,22.336893014996967
BM-12172,2025-06-08,Bahir Dar,Online,Fashion,T-Shirt,1,20.12635098540343,0.02,19.723823965695363,8,11.723823965695363
BM-12173,2025-06-08,Addis Ababa,Store,Beauty,Makeup Kit,4,67.64713020754994,0.05,257.0590947886897,140,117.05909478868972
BM-12174,2025-06-09,Dubai,Store,Fashion,Jeans,1,49.92113880914549,0.05,47.42508186868821,25,22.42508186868821
BM-12175,2025-06-09,Dubai,Online,Beauty,Makeup Kit,1,71.90568529792372,0.05,68.31040103302753,35,33.31040103302753
BM-12176,2025-06-09,Dubai,Store,Beauty,Perfume,1,55.49651354405099,0.05,52.72168786684844,28,24.72168786684844
BM-12177,2025-06-09,Nairobi,Online,Fashion,Jacket,2,92.0699749024908,0.05,174.93295231473252,90,84.93295231473252
BM-12178,2025-06-09,Dubai,Online,Beauty,Hair Dryer,1,41.49550116138393,0.05,39.42072610331473,20,19.420726103314728
BM-12179,2025-06-09,Bahir Dar,Online,Fashion,Jacket,1,86.99564818647453,0.05,82.64586577715079,45,37.64586577715079
BM-12180,2025-06-09,Hawassa,Online,Home,Water Bottle,1,12.429339904508772,0.02,12.180753106418598,4,8.180753106418598
BM-12181,2025-06-09,Bahir Dar,Store,Electronics,Laptop,1,1255.2154773672773,0.1,1129.6939296305497,500,629.6939296305497
BM-12182,2025-06-09,Addis Ababa,Online,Fashion,Sneakers,1,65.11715405136461,0.05,61.86129634879637,37,24.861296348796373
BM-12183,2025-06-09,Nairobi,Online,Electronics,Smartphone,1,586.0746631376458,0.1,527.4671968238812,350,177.46719682388118
BM-12184,2025-06-09,Dubai,Online,Electronics,Smart Watch,3,78.96430819771493,0.05,225.04827836348753,144,81.04827836348753
BM-12185,2025-06-09,Addis Ababa,Store,Electronics,Smart Watch,1,79.28158661669572,0.05,75.31750728586093,48,27.317507285860927
BM-12186,2025-06-09,Hawassa,Online,Beauty,Perfume,1,54.8018155426964,0.05,52.06172476556158,28,24.06172476556158
BM-12187,2025-06-09,Addis Ababa,Online,Electronics,Smartphone,1,584.10895084512,0.1,525.6980557606081,350,175.6980557606081
BM-12188,2025-06-09,Nairobi,Store,Beauty,Perfume,1,54.985610907823116,0.05,52.23633036243196,28,24.236330362431957
BM-12189,2025-06-09,Hawassa,Store,Fashion,T-Shirt,2,19.575149595449908,0.02,38.36729320708182,16,22.367293207081822
BM-12190,2025-06-10,Addis Ababa,Store,Fashion,Sneakers,1,64.30650797621612,0.05,61.09118257740531,37,24.091182577405313
BM-12191,2025-06-10,Addis Ababa,Store,Beauty,Hair Dryer,1,40.79001109861183,0.05,38.75051054368124,20,18.750510543681237
BM-12192,2025-06-10,Addis Ababa,Store,Home,Water Bottle,1,12.445786966342753,0.02,12.196871227015897,4,8.196871227015897
BM-12193,2025-06-10,Bahir Dar,Online,Electronics,Smartphone,3,604.6050543543823,0.1,1632.4336467568323,1050,582.4336467568323
BM-12194,2025-06-10,Dubai,Online,Fashion,Jeans,1,49.907659040573634,0.05,47.41227608854495,25,22.41227608854495
BM-12195,2025-06-10,Dubai,Online,Home,Vacuum Cleaner,2,152.44224864379007,0.08,280.49373750457374,160,120.49373750457374
BM-12196,2025-06-10,Nairobi,Online,Home,Coffee Maker,3,88.46265170657132,0.05,252.11855736372826,135,117.11855736372826
BM-12197,2025-06-10,Addis Ababa,Online,Fashion,T-Shirt,1,18.561074924329805,0.02,18.189853425843207,8,10.189853425843207
BM-12198,2025-06-10,Addis Ababa,Store,Beauty,Hair Dryer,1,39.7843885050506,0.05,37.79516907979807,20,17.79516907979807
BM-12199,2025-06-10,Bahir Dar,Online,Beauty,Shampoo,3,11.434788388064767,0.02,33.61827786091042,12,21.618277860910418
BM-12200,2025-06-10,Nairobi,Online,Beauty,Face Cream,1,24.428619190064417,0.02,23.94004680626313,10,13.94004680626313
BM-12201,2025-06-10,Addis Ababa,Online,Electronics,Laptop,2,1148.6936353103492,0.1,2067.6485435586287,1000,1067.6485435586287
BM-12202,2025-06-10,Addis Ababa,Store,Electronics,Tablet,1,200.70262823426788,0.08,184.64641797552645,120,64.64641797552645
BM-12203,2025-06-11,Bahir Dar,Online,Beauty,Shampoo,1,10.928665203361815,0.02,10.710091899294579,4,6.710091899294579
BM-12204,2025-06-11,Addis Ababa,Store,Home,Storage Box,1,14.699863289590544,0.02,14.405866023798733,6,8.405866023798733
BM-12205,2025-06-11,Bahir Dar,Store,Fashion,Jacket,1,90.16398782935046,0.05,85.65578843788293,45,40.65578843788293
BM-12206,2025-06-11,Bahir Dar,Store,Home,Vacuum Cleaner,1,156.54504382050928,0.08,144.02144031486856,80,64.02144031486856
BM-12207,2025-06-11,Nairobi,Store,Beauty,Perfume,1,56.678526358202184,0.05,53.84460004029207,28,25.84460004029207
BM-12208,2025-06-11,Dubai,Store,Beauty,Perfume,1,54.548033890438035,0.05,51.82063219591613,28,23.820632195916133
BM-12209,2025-06-11,Dubai,Online,Fashion,T-Shirt,1,19.793575125898876,0.02,19.3977036233809,8,11.397703623380899
BM-12210,2025-06-11,Nairobi,Store,Fashion,Hoodie,1,42.771057302895535,0.05,40.632504437750754,20,20.632504437750754
BM-12211,2025-06-11,Addis Ababa,Online,Home,Vacuum Cleaner,2,148.78627126877385,0.08,273.7667391345439,160,113.76673913454391
BM-12212,2025-06-11,Nairobi,Online,Electronics,Wireless Earbuds,2,47.558458159108206,0.05,90.36107050230558,50,40.36107050230558
BM-12213,2025-06-11,Nairobi,Store,Home,Desk Lamp,1,30.03110440226379,0.05,28.5295491821506,14,14.5295491821506
BM-12214,2025-06-11,Addis Ababa,Online,Beauty,Face Cream,2,23.858232818710086,0.02,46.762136324671765,20,26.762136324671765
BM-12215,2025-06-11,Dubai,Online,Home,Desk Lamp,1,30.03397122324381,0.05,28.532272662081617,14,14.532272662081617
BM-12216,2025-06-11,Addis Ababa,Online,Beauty,Makeup Kit,1,69.675363803168,0.05,66.1915956130096,35,31.191595613009596
BM-12217,2025-06-12,Nairobi,Store,Electronics,Phone Charger,1,17.546393278528335,0.02,17.195465412957766,7,10.195465412957766
BM-12218,2025-06-12,Bahir Dar,Store,Electronics,Smart Watch,4,82.06033101697079,0.05,311.829257864489,192,119.82925786448902
BM-12219,2025-06-12,Nairobi,Online,Electronics,Smart Watch,1,80.10586814810708,0.05,76.10057474070172,48,28.100574740701717
BM-12220,2025-06-12,Nairobi,Store,Fashion,T-Shirt,1,19.99338548089418,0.02,19.593517771276296,8,11.593517771276296
BM-12221,2025-06-12,Addis Ababa,Online,Beauty,Face Cream,1,25.124607821928084,0.02,24.62211566548952,10,14.62211566548952
BM-12222,2025-06-12,Addis Ababa,Online,Home,Water Bottle,2,12.527894751484261,0.02,24.554673712909153,8,16.554673712909153
BM-12223,2025-06-12,Dubai,Online,Home,Vacuum Cleaner,1,156.16056625443176,0.08,143.66772095407723,80,63.667720954077225
BM-12224,2025-06-12,Addis Ababa,Online,Electronics,Laptop,3,1181.0365412118092,0.1,3188.798661271885,1500,1688.798661271885
BM-12225,2025-06-12,Addis Ababa,Online,Fashion,Hoodie,1,41.513261328151536,0.05,39.43759826174396,20,19.437598261743958
BM-12226,2025-06-13,Addis Ababa,Online,Home,Storage Box,1,15.367319100332697,0.02,15.059972718326042,6,9.059972718326042
BM-12227,2025-06-13,Dubai,Online,Beauty,Shampoo,1,11.0082860330442,0.02,10.788120312383317,4,6.788120312383317
BM-12228,2025-06-13,Addis Ababa,Store,Beauty,Face Cream,2,24.01594056681453,0.02,47.07124351095648,20,27.071243510956478
BM-12229,2025-06-13,Dubai,Online,Beauty,Shampoo,4,11.391550182909711,0.02,44.65487671700607,16,28.65487671700607
BM-12230,2025-06-13,Dubai,Online,Home,Coffee Maker,1,91.30895618179716,0.05,86.7435083727073,45,41.743508372707296
BM-12231,2025-06-13,Nairobi,Store,Fashion,Jacket,2,90.0390285405755,0.05,171.07415422709343,90,81.07415422709343
BM-12232,2025-06-13,Bahir Dar,Store,Electronics,Tablet,4,201.56086809425764,0.08,741.7439945868682,480,261.7439945868682
BM-12233,2025-06-13,Addis Ababa,Online,Home,Water Bottle,1,11.998636992961965,0.02,11.758664253102726,4,7.758664253102726
BM-12234,2025-06-13,Addis Ababa,Online,Beauty,Perfume,1,54.22680852601555,0.05,51.515468099714774,28,23.515468099714774
BM-12235,2025-06-14,Addis Ababa,Online,Electronics,Phone Charger,1,18.343489128976124,0.02,17.9766193463966,7,10.9766193463966
BM-12236,2025-06-14,Addis Ababa,Online,Home,Storage Box,1,16.136189395827053,0.02,15.813465607910512,6,9.813465607910512
BM-12237,2025-06-14,Hawassa,Store,Electronics,Bluetooth Speaker,1,58.558883830263674,0.05,55.63093963875049,35,20.63093963875049
BM-12238,2025-06-14,Addis Ababa,Online,Beauty,Hair Dryer,1,39.6892105170278,0.05,37.70474999117641,20,17.704749991176413
BM-12239,2025-06-14,Addis Ababa,Store,Electronics,Smart Watch,1,80.36612471394457,0.05,76.34781847824733,48,28.347818478247333
BM-12240,2025-06-14,Nairobi,Online,Home,Desk Lamp,1,29.682207399476308,0.05,28.19809702950249,14,14.198097029502492
BM-12241,2025-06-14,Hawassa,Online,Electronics,Laptop,1,1178.1592801554068,0.1,1060.343352139866,500,560.343352139866
BM-12242,2025-06-14,Dubai,Online,Fashion,Sneakers,1,64.89440590589047,0.05,61.64968561059594,37,24.649685610595938
BM-12243,2025-06-14,Addis Ababa,Store,Beauty,Perfume,3,56.59224044729693,0.05,161.28788527479622,84,77.28788527479622
BM-12244,2025-06-14,Dubai,Store,Beauty,Perfume,3,54.14328002880929,0.05,154.30834808210648,84,70.30834808210648
BM-12245,2025-06-14,Bahir Dar,Online,Home,Desk Lamp,2,29.90911839646796,0.05,56.82732495328912,28,28.82732495328912
BM-12246,2025-06-14,Addis Ababa,Online,Fashion,Sneakers,1,63.64499587467774,0.05,60.46274608094385,37,23.46274608094385
BM-12247,2025-06-14,Addis Ababa,Store,Electronics,Smartphone,1,578.7820152308395,0.1,520.9038137077556,350,170.9038137077556
BM-12248,2025-06-14,Addis Ababa,Online,Home,Desk Lamp,1,29.769428781812575,0.05,28.280957342721944,14,14.280957342721944
BM-12249,2025-06-14,Addis Ababa,Online,Home,Desk Lamp,2,29.818040715139464,0.05,56.65427735876498,28,28.65427735876498
BM-12250,2025-06-14,Bahir Dar,Store,Home,Water Bottle,2,11.87458474078291,0.02,23.274186091934503,8,15.274186091934503
BM-12251,2025-06-14,Hawassa,Store,Beauty,Hair Dryer,2,39.7173951485223,0.05,75.46305078219237,40,35.46305078219237
BM-12252,2025-06-14,Dubai,Online,Beauty,Perfume,1,55.59037344904076,0.05,52.81085477658872,28,24.81085477658872
BM-12253,2025-06-14,Addis Ababa,Online,Home,Vacuum Cleaner,1,150.38661012191176,0.08,138.35568131215882,80,58.35568131215882
BM-12254,2025-06-15,Nairobi,Store,Electronics,Laptop,1,1211.9079098401687,0.1,1090.717118856152,500,590.717118856152
BM-12255,2025-06-15,Nairobi,Online,Fashion,Sneakers,2,64.30832118761398,0.05,122.18581025646657,74,48.18581025646657
BM-12256,2025-06-15,Nairobi,Store,Fashion,Jeans,1,48.856031637033354,0.05,46.413230055181685,25,21.413230055181685
BM-12257,2025-06-15,Addis Ababa,Online,Beauty,Face Cream,1,24.154365549054525,0.02,23.671278238073434,10,13.671278238073434
BM-12258,2025-06-15,Dubai,Online,Home,Vacuum Cleaner,2,151.22569405427748,0.08,278.2552770598706,160,118.2552770598706
BM-12259,2025-06-15,Addis Ababa,Online,Home,Storage Box,2,15.236307532285618,0.02,29.86316276327981,12,17.86316276327981
BM-12260,2025-06-15,Addis Ababa,Store,Fashion,Hoodie,1,42.346483296785884,0.05,40.22915913194659,20,20.229159131946588
BM-12261,2025-06-15,Bahir Dar,Store,Beauty,Shampoo,2,10.844974097875703,0.02,21.25614923183638,8,13.256149231836378
BM-12262,2025-06-15,Addis Ababa,Online,Beauty,Shampoo,1,10.683389887662974,0.02,10.469722089909714,4,6.469722089909714
BM-12263,2025-06-15,Dubai,Store,Electronics,Smartphone,1,591.0694135730263,0.1,531.9624722157237,350,181.96247221572366
BM-12264,2025-06-16,Dubai,Store,Home,Vacuum Cleaner,2,148.39043455397987,0.08,273.03839957932297,160,113.03839957932297
BM-12265,2025-06-16,Addis Ababa,Online,Beauty,Shampoo,1,10.607256922959413,0.02,10.395111784500225,4,6.395111784500225
BM-12266,2025-06-16,Bahir Dar,Store,Beauty,Shampoo,1,11.175197577579473,0.02,10.951693626027883,4,6.9516936260278825
BM-12267,2025-06-16,Addis Ababa,Store,Electronics,Laptop,2,1252.6702179069696,0.1,2254.8063922325455,1000,1254.8063922325455
BM-12268,2025-06-16,Bahir Dar,Online,Beauty,Makeup Kit,1,72.14244952625546,0.05,68.53532704994268,35,33.53532704994268
BM-12269,2025-06-16,Addis Ababa,Online,Home,Desk Lamp,1,30.340809979438923,0.05,28.823769480466975,14,14.823769480466975
BM-12270,2025-06-16,Hawassa,Online,Fashion,Sneakers,1,65.17088156234924,0.05,61.91233748423177,37,24.91233748423177
BM-12271,2025-06-16,Dubai,Store,Fashion,Sneakers,1,64.1044920622909,0.05,60.89926745917635,37,23.89926745917635
BM-12272,2025-06-16,Addis Ababa,Store,Home,Coffee Maker,1,86.90561652022048,0.05,82.56033569420944,45,37.56033569420944
BM-12273,2025-06-16,Dubai,Online,Beauty,Makeup Kit,1,66.22543394808696,0.05,62.91416225068261,35,27.914162250682608
BM-12274,2025-06-16,Dubai,Online,Home,Coffee Maker,1,89.12536533551703,0.05,84.66909706874118,45,39.66909706874118
BM-12275,2025-06-16,Bahir Dar,Online,Home,Water Bottle,1,12.118843075302234,0.02,11.876466213796188,4,7.8764662137961885
BM-12276,2025-06-16,Nairobi,Store,Fashion,Sneakers,2,64.17737734215125,0.05,121.93701695008735,74,47.937016950087354
BM-12277,2025-06-16,Addis Ababa,Store,Beauty,Perfume,1,55.611213471478536,0.05,52.830652797904605,28,24.830652797904605
BM-12278,2025-06-17,Bahir Dar,Store,Electronics,Wireless Earbuds,1,45.884233097024996,0.05,43.59002144217374,25,18.590021442173743
BM-12279,2025-06-17,Bahir Dar,Online,Beauty,Hair Dryer,1,39.87895235733769,0.05,37.8850047394708,20,17.8850047394708
BM-12280,2025-06-17,Addis Ababa,Store,Beauty,Makeup Kit,1,72.33691972097522,0.05,68.72007373492646,35,33.72007373492646
BM-12281,2025-06-17,Addis Ababa,Store,Home,Desk Lamp,3,29.86874297672129,0.05,85.12591748365567,42,43.12591748365567
BM-12282,2025-06-17,Nairobi,Store,Fashion,Sneakers,1,62.35241544526444,0.05,59.23479467300122,37,22.23479467300122
BM-12283,2025-06-17,Addis Ababa,Online,Home,Coffee Maker,1,92.94237155693219,0.05,88.29525297908557,45,43.295252979085575
BM-12284,2025-06-17,Dubai,Store,Fashion,Sneakers,1,66.84051940100115,0.05,63.498493430951086,37,26.498493430951086
BM-12285,2025-06-17,Bahir Dar,Store,Electronics,Laptop,4,1162.6625120195565,0.1,4185.585043270404,2000,2185.5850432704037
BM-12286,2025-06-17,Nairobi,Online,Beauty,Face Cream,1,24.56855374044872,0.02,24.077182665639747,10,14.077182665639747
BM-12287,2025-06-17,Dubai,Store,Home,Water Bottle,2,11.598670522141056,0.02,22.73339422339647,8,14.73339422339647
BM-12288,2025-06-17,Addis Ababa,Online,Electronics,Smartphone,2,635.626772194124,0.1,1144.1281899494231,700,444.12818994942313
BM-12289,2025-06-17,Nairobi,Online,Beauty,Perfume,1,55.2779871833586,0.05,52.51408782419067,28,24.514087824190668
BM-12290,2025-06-17,Nairobi,Online,Beauty,Shampoo,1,10.818970417577821,0.02,10.602591009226265,4,6.6025910092262645
BM-12291,2025-06-17,Hawassa,Online,Electronics,Laptop,1,1193.558373941974,0.1,1074.2025365477766,500,574.2025365477766
BM-12292,2025-06-18,Addis Ababa,Online,Electronics,Phone Charger,1,17.604210594008094,0.02,17.252126382127933,7,10.252126382127933
BM-12293,2025-06-18,Bahir Dar,Online,Fashion,Hoodie,1,42.336645463544265,0.05,40.21981319036705,20,20.21981319036705
BM-12294,2025-06-18,Addis Ababa,Store,Fashion,Jacket,1,89.35356288973475,0.05,84.885884745248,45,39.885884745248006
BM-12295,2025-06-18,Bahir Dar,Online,Home,Water Bottle,1,12.196434325731424,0.02,11.952505639216795,4,7.952505639216795
BM-12296,2025-06-18,Nairobi,Store,Home,Water Bottle,4,11.8154659473224,0.02,46.316626513503806,16,30.316626513503806
BM-12297,2025-06-18,Dubai,Online,Electronics,Wireless Earbuds,1,44.736875783883036,0.05,42.50003199468888,25,17.500031994688882
BM-12298,2025-06-18,Hawassa,Store,Fashion,T-Shirt,2,19.67056326105553,0.02,38.55430399166884,16,22.55430399166884
BM-12299,2025-06-18,Dubai,Online,Beauty,Perfume,1,51.97194000752371,0.05,49.373343007147525,28,21.373343007147525
BM-12300,2025-06-18,Bahir Dar,Online,Electronics,Phone Charger,1,17.614502075267286,0.02,17.26221203376194,7,10.26221203376194
BM-12301,2025-06-18,Addis Ababa,Store,Fashion,Jeans,1,48.82191427884804,0.05,46.38081856490564,25,21.38081856490564
BM-12302,2025-06-18,Hawassa,Store,Fashion,Jacket,2,90.31823396824308,0.05,171.60464453966185,90,81.60464453966185
BM-12303,2025-06-18,Nairobi,Store,Home,Desk Lamp,1,30.06989818478691,0.05,28.566403275547565,14,14.566403275547565
BM-12304,2025-06-18,Nairobi,Online,Home,Coffee Maker,3,87.68342496823418,0.05,249.8977611594674,135,114.8977611594674
BM-12305,2025-06-18,Addis Ababa,Online,Fashion,T-Shirt,1,20.231087811375104,0.02,19.826466055147602,8,11.826466055147602
BM-12306,2025-06-18,Dubai,Online,Fashion,Hoodie,3,42.08807856523681,0.05,119.95102391092492,60,59.95102391092492
BM-12307,2025-06-19,Bahir Dar,Store,Beauty,Perfume,3,53.42580000225346,0.05,152.26353000642237,84,68.26353000642237
BM-12308,2025-06-19,Nairobi,Online,Beauty,Face Cream,1,24.947017841342095,0.02,24.448077484515252,10,14.448077484515252
BM-12309,2025-06-19,Addis Ababa,Store,Electronics,Laptop,1,1207.9600849606547,0.1,1087.1640764645892,500,587.1640764645892
BM-12310,2025-06-19,Bahir Dar,Online,Beauty,Makeup Kit,1,71.21649924815644,0.05,67.65567428574862,35,32.65567428574862
BM-12311,2025-06-19,Addis Ababa,Online,Fashion,Jeans,1,49.94502408778631,0.05,47.44777288339699,25,22.447772883396993
BM-12312,2025-06-19,Nairobi,Store,Electronics,Tablet,1,203.9702923226356,0.08,187.65266893682477,120,67.65266893682477
BM-12313,2025-06-19,Bahir Dar,Store,Beauty,Face Cream,1,23.24643248673884,0.02,22.781503837004063,10,12.781503837004063
BM-12314,2025-06-19,Hawassa,Online,Beauty,Shampoo,2,10.84354903556432,0.02,21.25335610970607,8,13.253356109706068
BM-12315,2025-06-19,Addis Ababa,Online,Electronics,Tablet,1,206.0739223827476,0.08,189.5880085921278,120,69.5880085921278
BM-12316,2025-06-19,Addis Ababa,Store,Fashion,Sneakers,2,63.506153357220825,0.05,120.66169137871957,74,46.66169137871957
BM-12317,2025-06-20,Bahir Dar,Online,Home,Storage Box,1,14.58148548180009,0.02,14.289855772164088,6,8.289855772164088
BM-12318,2025-06-20,Hawassa,Online,Beauty,Face Cream,1,23.722391226969258,0.02,23.247943402429872,10,13.247943402429872
BM-12319,2025-06-20,Addis Ababa,Online,Fashion,Jacket,3,89.46603434010024,0.05,254.97819786928565,135,119.97819786928565
BM-12320,2025-06-20,Dubai,Online,Home,Vacuum Cleaner,2,153.4167219151663,0.08,282.286768323906,160,122.28676832390602
BM-12321,2025-06-20,Addis Ababa,Online,Beauty,Perfume,2,53.109117301476125,0.05,100.90732287280463,56,44.90732287280463
BM-12322,2025-06-20,Addis Ababa,Online,Fashion,Hoodie,1,42.896823201261974,0.05,40.75198204119887,20,20.751982041198872
BM-12323,2025-06-20,Nairobi,Online,Fashion,T-Shirt,1,20.512439616413324,0.02,20.102190824085056,8,12.102190824085056
BM-12324,2025-06-20,Addis Ababa,Store,Beauty,Makeup Kit,1,70.13245027314045,0.05,66.62582775948343,35,31.62582775948343
BM-12325,2025-06-20,Addis Ababa,Online,Electronics,Tablet,1,199.8062249498884,0.08,183.82172695389733,120,63.821726953897326
BM-12326,2025-06-20,Dubai,Store,Electronics,Wireless Earbuds,1,45.346349064072356,0.05,43.07903161086874,25,18.07903161086874
BM-12327,2025-06-20,Addis Ababa,Store,Beauty,Perfume,1,55.08040920670516,0.05,52.3263887463699,28,24.3263887463699
BM-12328,2025-06-20,Nairobi,Online,Fashion,T-Shirt,2,19.99498707400661,0.02,39.19017466505295,16,23.19017466505295
BM-12329,2025-06-20,Addis Ababa,Online,Electronics,Wireless Earbuds,2,46.218197247090416,0.05,87.81457476947179,50,37.81457476947179
BM-12330,2025-06-20,Nairobi,Store,Fashion,Sneakers,2,65.61761195450372,0.05,124.67346271355706,74,50.67346271355706
BM-12331,2025-06-20,Dubai,Online,Home,Water Bottle,2,12.564862102939735,0.02,24.62712972176188,8,16.62712972176188
BM-12332,2025-06-20,Hawassa,Store,Fashion,Jeans,4,52.28123114527102,0.05,198.66867835202987,100,98.66867835202987
BM-12333,2025-06-21,Addis Ababa,Online,Home,Coffee Maker,2,91.21469218757235,0.05,173.30791515638745,90,83.30791515638745
BM-12334,2025-06-21,Nairobi,Store,Fashion,T-Shirt,1,19.896813785835484,0.02,19.498877510118774,8,11.498877510118774
BM-12335,2025-06-21,Addis Ababa,Online,Beauty,Makeup Kit,1,72.00850832018406,0.05,68.40808290417486,35,33.40808290417486
BM-12336,2025-06-21,Dubai,Online,Home,Desk Lamp,1,30.95756611118475,0.05,29.409687805625513,14,15.409687805625513
BM-12337,2025-06-21,Nairobi,Online,Electronics,Bluetooth Speaker,1,60.85522904992457,0.05,57.81246759742834,35,22.812467597428338
BM-12338,2025-06-21,Dubai,Online,Beauty,Makeup Kit,2,69.92674639288617,0.05,132.86081814648372,70,62.86081814648372
BM-12339,2025-06-21,Addis Ababa,Online,Beauty,Perfume,2,55.27994038584047,0.05,105.03188673309688,56,49.03188673309688
BM-12340,2025-06-21,Bahir Dar,Online,Home,Coffee Maker,1,87.9434142917099,0.05,83.5462435771244,45,38.5462435771244
BM-12341,2025-06-21,Dubai,Online,Electronics,Tablet,1,203.19561178826686,0.08,186.9399628452055,120,66.93996284520551
BM-12342,2025-06-21,Bahir Dar,Online,Home,Water Bottle,4,12.223583134830633,0.02,47.91644588853608,16,31.91644588853608
BM-12343,2025-06-21,Addis Ababa,Online,Beauty,Makeup Kit,1,68.5168799075072,0.05,65.09103591213184,35,30.091035912131844
BM-12344,2025-06-21,Addis Ababa,Online,Fashion,Jacket,2,92.19537595462857,0.05,175.17121431379428,90,85.17121431379428
BM-12345,2025-06-21,Addis Ababa,Store,Electronics,Tablet,2,196.64634546991297,0.08,361.8292756646399,240,121.82927566463991
BM-12346,2025-06-21,Hawassa,Online,Home,Water Bottle,2,12.173302688660097,0.02,23.85967326977379,8,15.85967326977379
BM-12347,2025-06-21,Bahir Dar,Online,Fashion,Jacket,4,87.79328348022385,0.05,333.6144772248506,180,153.6144772248506
BM-12348,2025-06-21,Addis Ababa,Online,Home,Storage Box,1,14.838264195778594,0.02,14.541498911863021,6,8.541498911863021
BM-12349,2025-06-21,Addis Ababa,Online,Home,Vacuum Cleaner,1,145.05333204253492,0.08,133.44906547913214,80,53.449065479132145
BM-12350,2025-06-22,Dubai,Store,Home,Storage Box,1,14.566305449812656,0.02,14.274979340816403,6,8.274979340816403
BM-12351,2025-06-22,Bahir Dar,Store,Home,Desk Lamp,2,30.132733323064112,0.05,57.25219331382181,28,29.252193313821813
BM-12352,2025-06-22,Bahir Dar,Store,Home,Desk Lamp,4,30.536776755494287,0.05,116.03975167087829,56,60.03975167087829
BM-12353,2025-06-22,Nairobi,Store,Home,Coffee Maker,1,83.53166415047541,0.05,79.35508094295163,45,34.35508094295163
BM-12354,2025-06-22,Dubai,Store,Beauty,Hair Dryer,1,38.580282616823574,0.05,36.65126848598239,20,16.651268485982392
BM-12355,2025-06-22,Dubai,Online,Beauty,Perfume,2,54.13771290904389,0.05,102.86165452718339,56,46.86165452718339
BM-12356,2025-06-22,Bahir Dar,Store,Fashion,Sneakers,3,65.29271034618445,0.05,186.0842244866257,111,75.08422448662569
BM-12357,2025-06-22,Dubai,Online,Fashion,Sneakers,2,63.8131322940617,0.05,121.24495135871723,74,47.24495135871723
BM-12358,2025-06-22,Addis Ababa,Online,Home,Water Bottle,1,12.029480118033147,0.02,11.788890515672485,4,7.788890515672485
BM-12359,2025-06-22,Dubai,Online,Electronics,Bluetooth Speaker,1,61.22194277042448,0.05,58.16084563190325,35,23.16084563190325
BM-12360,2025-06-22,Nairobi,Online,Fashion,Sneakers,2,64.77793743832264,0.05,123.07808113281301,74,49.07808113281301
BM-12361,2025-06-22,Addis Ababa,Store,Beauty,Face Cream,1,24.561956279313264,0.02,24.070717153727,10,14.070717153727
BM-12362,2025-06-23,Nairobi,Online,Beauty,Shampoo,1,10.479366616614278,0.02,10.269779284281993,4,6.269779284281993
BM-12363,2025-06-23,Addis Ababa,Store,Beauty,Perfume,1,55.78637276528998,0.05,52.99705412702548,28,24.99705412702548
BM-12364,2025-06-23,Addis Ababa,Online,Electronics,Phone Charger,1,17.670673425463985,0.02,17.317259956954704,7,10.317259956954704
BM-12365,2025-06-23,Addis Ababa,Online,Beauty,Shampoo,3,10.931616604670477,0.02,32.1389528177312,12,20.1389528177312
BM-12366,2025-06-23,Addis Ababa,Online,Electronics,Smart Watch,1,81.04845657146089,0.05,76.99603374288785,48,28.996033742887846
BM-12367,2025-06-23,Addis Ababa,Store,Fashion,Jacket,2,89.17417101165626,0.05,169.4309249221469,90,79.43092492214689
BM-12368,2025-06-23,Addis Ababa,Online,Fashion,Hoodie,1,42.52395094216179,0.05,40.3977533950537,20,20.397753395053698
BM-12369,2025-06-23,Dubai,Online,Home,Coffee Maker,2,90.62695590396925,0.05,172.19121621754155,90,82.19121621754155
BM-12370,2025-06-23,Addis Ababa,Store,Home,Coffee Maker,1,90.07974389183924,0.05,85.57575669724727,45,40.57575669724727
BM-12371,2025-06-23,Addis Ababa,Store,Electronics,Laptop,1,1245.3965616434816,0.1,1120.8569054791335,500,620.8569054791335
BM-12372,2025-06-23,Hawassa,Store,Fashion,T-Shirt,1,20.654072046753026,0.02,20.240990605817966,8,12.240990605817966
BM-12373,2025-06-23,Dubai,Online,Fashion,Sneakers,1,65.4044154997455,0.05,62.13419472475822,37,25.134194724758217
BM-12374,2025-06-23,Bahir Dar,Online,Beauty,Face Cream,2,22.907149821979303,0.02,44.89801365107943,20,24.89801365107943
BM-12375,2025-06-23,Dubai,Store,Fashion,Hoodie,1,40.830217475039944,0.05,38.78870660128795,20,18.78870660128795
BM-12376,2025-06-23,Dubai,Online,Electronics,Smart Watch,1,81.7973647649624,0.05,77.70749652671427,48,29.707496526714266
BM-12377,2025-06-24,Bahir Dar,Online,Fashion,Jacket,1,92.18289967156957,0.05,87.57375468799108,45,42.573754687991084
BM-12378,2025-06-24,Dubai,Online,Fashion,Jeans,2,48.25116557411684,0.05,91.67721459082199,50,41.67721459082199
BM-12379,2025-06-24,Addis Ababa,Online,Electronics,Bluetooth Speaker,1,59.66925238855297,0.05,56.68578976912532,35,21.68578976912532
BM-12380,2025-06-24,Bahir Dar,Online,Fashion,Jacket,1,87.4406035798234,0.05,83.06857340083224,45,38.068573400832236
BM-12381,2025-06-24,Nairobi,Store,Beauty,Perfume,1,56.83161099815083,0.05,53.99003044824328,28,25.99003044824328
BM-12382,2025-06-24,Hawassa,Online,Fashion,T-Shirt,1,20.16384184351397,0.02,19.76056500664369,8,11.760565006643692
BM-12383,2025-06-24,Dubai,Online,Home,Coffee Maker,2,88.68282700090607,0.05,168.49737130172153,90,78.49737130172153
BM-12384,2025-06-24,Hawassa,Online,Fashion,T-Shirt,4,20.388351116854892,0.02,79.92233637807118,32,47.92233637807118
BM-12385,2025-06-24,Addis Ababa,Store,Fashion,Sneakers,3,64.96808668594555,0.05,185.15904705494484,111,74.15904705494484
BM-12386,2025-06-24,Addis Ababa,Online,Home,Coffee Maker,2,90.02100761522205,0.05,171.0399144689219,90,81.03991446892189
BM-12387,2025-06-24,Addis Ababa,Online,Beauty,Makeup Kit,1,74.46724084476277,0.05,70.74387880252463,35,35.743878802524634
BM-12388,2025-06-24,Addis Ababa,Store,Fashion,Hoodie,1,41.92898793376018,0.05,39.832538537072175,20,19.832538537072175
BM-12389,2025-06-24,Dubai,Store,Home,Water Bottle,1,11.857933403607486,0.02,11.620774735535337,4,7.620774735535337
BM-12390,2025-06-24,Addis Ababa,Online,Fashion,T-Shirt,2,19.392455170553482,0.02,38.00921213428482,16,22.009212134284823
BM-12391,2025-06-24,Nairobi,Online,Fashion,T-Shirt,1,20.23701716528716,0.02,19.832276821981417,8,11.832276821981417
BM-12392,2025-06-25,Nairobi,Online,Beauty,Makeup Kit,1,69.80911883929336,0.05,66.3186628973287,35,31.318662897328693
BM-12393,2025-06-25,Hawassa,Store,Fashion,Hoodie,1,42.16407765311512,0.05,40.055873770459364,20,20.055873770459364
BM-12394,2025-06-25,Addis Ababa,Store,Electronics,Laptop,1,1187.117707725284,0.1,1068.4059369527556,500,568.4059369527556
BM-12395,2025-06-25,Bahir Dar,Store,Electronics,Tablet,1,205.99678402640856,0.08,189.51704130429587,120,69.51704130429587
BM-12396,2025-06-25,Bahir Dar,Store,Electronics,Tablet,1,200.042749966844,0.08,184.0393299694965,120,64.03932996949649
BM-12397,2025-06-25,Addis Ababa,Online,Home,Storage Box,2,14.365087878642978,0.02,28.155572242140234,12,16.155572242140234
BM-12398,2025-06-25,Addis Ababa,Online,Fashion,T-Shirt,1,19.89902568419724,0.02,19.501045170513297,8,11.501045170513297
BM-12399,2025-06-25,Dubai,Store,Fashion,T-Shirt,3,20.230878902461605,0.02,59.478783973237114,24,35.478783973237114
BM-12400,2025-06-26,Hawassa,Online,Electronics,Phone Charger,2,17.30735348361343,0.02,33.92241282788232,14,19.92241282788232
BM-12401,2025-06-26,Addis Ababa,Online,Beauty,Face Cream,1,23.014718850220227,0.02,22.55442447321582,10,12.554424473215821
BM-12402,2025-06-26,Dubai,Online,Fashion,T-Shirt,4,20.113059802572803,0.02,78.84319442608539,32,46.84319442608539
BM-12403,2025-06-26,Hawassa,Online,Home,Vacuum Cleaner,1,148.29391032066022,0.08,136.4303974950074,80,56.43039749500741
BM-12404,2025-06-26,Dubai,Online,Beauty,Perfume,3,54.30987994313553,0.05,154.78315783793627,84,70.78315783793627
BM-12405,2025-06-26,Dubai,Online,Home,Desk Lamp,3,30.076238436690982,0.05,85.7172795445693,42,43.717279544569294
BM-12406,2025-06-26,Addis Ababa,Store,Beauty,Face Cream,1,23.797712257267676,0.02,23.321758012122324,10,13.321758012122324
BM-12407,2025-06-26,Addis Ababa,Online,Electronics,Phone Charger,1,17.967134164592476,0.02,17.607791481300627,7,10.607791481300627
BM-12408,2025-06-26,Nairobi,Store,Electronics,Tablet,1,197.94465263556592,0.08,182.10908042472064,120,62.109080424720645
BM-12409,2025-06-26,Dubai,Store,Electronics,Smart Watch,2,78.19950004419698,0.05,148.57905008397427,96,52.579050083974266
BM-12410,2025-06-26,Bahir Dar,Online,Beauty,Face Cream,1,23.915578567989414,0.02,23.437266996629624,10,13.437266996629624
BM-12411,2025-06-26,Addis Ababa,Online,Home,Desk Lamp,3,29.485314773985415,0.05,84.03314710585843,42,42.03314710585843
BM-12412,2025-06-26,Nairobi,Online,Fashion,Sneakers,4,64.2477227158663,0.05,244.14134632029194,148,96.14134632029194
BM-12413,2025-06-26,Addis Ababa,Online,Home,Desk Lamp,2,30.392973607705535,0.05,57.746649854640516,28,29.746649854640516
BM-12414,2025-06-27,Dubai,Store,Fashion,Sneakers,3,67.50865343817327,0.05,192.3996622987938,111,81.3996622987938
BM-12415,2025-06-27,Bahir Dar,Store,Fashion,T-Shirt,1,20.26673575630696,0.02,19.86140104118082,8,11.86140104118082
BM-12416,2025-06-27,Nairobi,Online,Fashion,Hoodie,4,42.17111022739124,0.05,160.2502188640867,80,80.25021886408669
BM-12417,2025-06-27,Dubai,Online,Electronics,Tablet,2,193.1084913197346,0.08,355.3196240283117,240,115.3196240283117
BM-12418,2025-06-27,Addis Ababa,Online,Fashion,Jeans,1,50.812148539257066,0.05,48.27154111229421,25,23.27154111229421
BM-12419,2025-06-27,Bahir Dar,Store,Beauty,Makeup Kit,1,70.58869346485054,0.05,67.059258791608,35,32.059258791608
BM-12420,2025-06-27,Dubai,Online,Beauty,Face Cream,1,23.91342497813758,0.02,23.43515647857483,10,13.435156478574829
BM-12421,2025-06-27,Addis Ababa,Online,Fashion,Sneakers,1,67.47019957738341,0.05,64.09668959851423,37,27.09668959851423
BM-12422,2025-06-27,Bahir Dar,Online,Fashion,T-Shirt,1,20.15276550437821,0.02,19.749710194290646,8,11.749710194290646
BM-12423,2025-06-27,Dubai,Store,Beauty,Shampoo,1,10.690362345936853,0.02,10.476555099018116,4,6.476555099018116
BM-12424,2025-06-27,Addis Ababa,Store,Fashion,Jeans,1,49.838864654915625,0.05,47.34692142216984,25,22.346921422169842
BM-12425,2025-06-27,Addis Ababa,Online,Fashion,Jacket,1,90.13553138910379,0.05,85.62875481964859,45,40.62875481964859
BM-12426,2025-06-27,Nairobi,Store,Electronics,Laptop,3,1156.4246484897924,0.1,3122.3465509224397,1500,1622.3465509224397
BM-12427,2025-06-27,Bahir Dar,Store,Fashion,Hoodie,2,42.30949680515806,0.05,80.38804392980032,40,40.38804392980032
BM-12428,2025-06-27,Addis Ababa,Online,Beauty,Face Cream,1,23.924574324168766,0.02,23.446082837685392,10,13.446082837685392
BM-12429,2025-06-28,Addis Ababa,Store,Fashion,Sneakers,2,64.96847372323779,0.05,123.4401000741518,74,49.4401000741518
BM-12430,2025-06-28,Dubai,Online,Beauty,Makeup Kit,1,69.38690066713328,0.05,65.91755563377662,35,30.917555633776615
BM-12431,2025-06-28,Bahir Dar,Online,Electronics,Tablet,2,204.50679291373447,0.08,376.29249896127146,240,136.29249896127146
BM-12432,2025-06-28,Dubai,Online,Electronics,Tablet,2,207.94649347268916,0.08,382.6215479897481,240,142.62154798974808
BM-12433,2025-06-28,Dubai,Online,Beauty,Shampoo,1,10.845036873235166,0.02,10.628136135770463,4,6.628136135770463
BM-12434,2025-06-28,Nairobi,Store,Fashion,Hoodie,1,41.940182423140456,0.05,39.843173301983434,20,19.843173301983434
BM-12435,2025-06-28,Addis Ababa,Online,Electronics,Phone Charger,1,17.172963381621837,0.02,16.8295041139894,7,9.829504113989401
BM-12436,2025-06-28,Bahir Dar,Store,Fashion,Jeans,2,46.28200054655288,0.05,87.93580103845046,50,37.935801038450464
BM-12437,2025-06-28,Bahir Dar,Online,Fashion,Sneakers,1,64.56618315048932,0.05,61.33787399296485,37,24.33787399296485
BM-12438,2025-06-28,Dubai,Online,Fashion,Jacket,1,87.89619538324901,0.05,83.50138561408656,45,38.50138561408656
BM-12439,2025-06-28,Bahir Dar,Store,Fashion,Sneakers,3,68.48390564963371,0.05,195.17913110145608,111,84.17913110145608
BM-12440,2025-06-28,Dubai,Store,Electronics,Wireless Earbuds,1,45.882095114906555,0.05,43.587990359161225,25,18.587990359161225
BM-12441,2025-06-28,Dubai,Online,Electronics,Smartphone,3,624.3604114702105,0.1,1685.7731109695683,1050,635.7731109695683
BM-12442,2025-06-28,Addis Ababa,Online,Home,Coffee Maker,1,88.9537047948653,0.05,84.50601955512204,45,39.50601955512204
BM-12443,2025-06-28,Bahir Dar,Online,Electronics,Smart Watch,1,76.7924556894866,0.05,72.95283290501227,48,24.952832905012272
BM-12444,2025-06-28,Addis Ababa,Online,Electronics,Laptop,1,1211.654607983975,0.1,1090.4891471855776,500,590.4891471855776
BM-12445,2025-06-28,Nairobi,Store,Fashion,Hoodie,1,41.18507999529289,0.05,39.12582599552824,20,19.12582599552824
BM-12446,2025-06-28,Addis Ababa,Online,Fashion,Hoodie,1,42.033121912534654,0.05,39.93146581690792,20,19.931465816907917
BM-12447,2025-06-28,Dubai,Store,Electronics,Phone Charger,1,18.93487492436053,0.02,18.55617742587332,7,11.556177425873319
BM-12448,2025-06-28,Hawassa,Store,Electronics,Laptop,2,1208.5170177938976,0.1,2175.3306320290158,1000,1175.3306320290158
BM-12449,2025-06-28,Dubai,Store,Fashion,Sneakers,1,65.46799960264494,0.05,62.19459962251269,37,25.19459962251269
BM-12450,2025-06-28,Nairobi,Store,Electronics,Laptop,3,1191.7595571313614,0.1,3217.7508042546756,1500,1717.7508042546756
BM-12451,2025-06-29,Addis Ababa,Online,Beauty,Face Cream,2,23.869254889010268,0.02,46.78373958246012,20,26.78373958246012
BM-12452,2025-06-29,Addis Ababa,Store,Beauty,Perfume,1,53.913042278526355,0.05,51.21739016460003,28,23.217390164600033
BM-12453,2025-06-29,Addis Ababa,Store,Electronics,Smartphone,4,608.855573160832,0.1,2191.880063378995,1400,791.8800633789951
BM-12454,2025-06-29,Dubai,Online,Electronics,Wireless Earbuds,4,46.17608356724003,0.05,175.4691175555121,100,75.4691175555121
BM-12455,2025-06-29,Bahir Dar,Store,Beauty,Face Cream,1,23.665890424906117,0.02,23.192572616407993,10,13.192572616407993
BM-12456,2025-06-29,Addis Ababa,Store,Home,Water Bottle,1,12.381620366003162,0.02,12.133987958683099,4,8.133987958683099
BM-12457,2025-06-29,Addis Ababa,Store,Home,Vacuum Cleaner,2,145.13088011588803,0.08,267.040819413234,160,107.04081941323398
BM-12458,2025-06-29,Bahir Dar,Online,Fashion,Jeans,2,49.224600709347925,0.05,93.52674134776105,50,43.526741347761046
BM-12459,2025-06-29,Bahir Dar,Online,Beauty,Perfume,2,54.87496519664855,0.05,104.26243387363225,56,48.26243387363225
BM-12460,2025-06-29,Bahir Dar,Online,Beauty,Face Cream,1,23.36838949673008,0.02,22.90102170679548,10,12.901021706795479
BM-12461,2025-06-29,Nairobi,Online,Home,Desk Lamp,1,30.69006713574887,0.05,29.155563778961426,14,15.155563778961426
BM-12462,2025-06-29,Nairobi,Store,Fashion,Hoodie,1,43.57560337657271,0.05,41.39682320774407,20,21.39682320774407
BM-12463,2025-06-29,Bahir Dar,Store,Electronics,Tablet,4,193.62118022624765,0.08,712.5259432325913,480,232.52594323259132
BM-12464,2025-06-29,Nairobi,Online,Beauty,Face Cream,2,25.3449149334818,0.02,49.67603326962433,20,29.676033269624327
BM-12465,2025-06-29,Addis Ababa,Online,Fashion,Sneakers,3,62.5507438399489,0.05,178.26961994385437,111,67.26961994385437
BM-12466,2025-06-29,Bahir Dar,Online,Fashion,Sneakers,2,64.54356437894985,0.05,122.63277232000472,74,48.63277232000472
BM-12467,2025-06-29,Nairobi,Online,Home,Storage Box,1,14.650272982401466,0.02,14.357267522753437,6,8.357267522753437
BM-12468,2025-06-29,Addis Ababa,Store,Electronics,Smart Watch,3,78.42466359515254,0.05,223.51029124618472,144,79.51029124618472
BM-12469,2025-06-30,Addis Ababa,Online,Fashion,Hoodie,2,42.09005476614523,0.05,79.97110405567594,40,39.97110405567594
BM-12470,2025-06-30,Dubai,Online,Beauty,Face Cream,1,22.769620337786076,0.02,22.314227931030356,10,12.314227931030356
BM-12471,2025-06-30,Dubai,Store,Fashion,Sneakers,1,64.33336893499808,0.05,61.11670048824817,37,24.11670048824817
BM-12472,2025-06-30,Nairobi,Online,Electronics,Bluetooth Speaker,2,59.261115064067134,0.05,112.59611862172756,70,42.596118621727555
BM-12473,2025-06-30,Dubai,Online,Electronics,Laptop,1,1182.1075977476721,0.1,1063.896837972905,500,563.8968379729049
BM-12474,2025-06-30,Addis Ababa,Online,Fashion,T-Shirt,1,20.615964162103936,0.02,20.203644878861855,8,12.203644878861855
BM-12475,2025-06-30,Dubai,Online,Home,Storage Box,2,15.24734902897286,0.02,29.884804096786805,12,17.884804096786805
BM-12476,2025-06-30,Bahir Dar,Online,Beauty,Perfume,1,54.90176622700779,0.05,52.1566779156574,28,24.156677915657397
BM-12477,2025-06-30,Dubai,Store,Fashion,Sneakers,1,65.86738644502007,0.05,62.574017122769064,37,25.574017122769064
BM-12478,2025-06-30,Addis Ababa,Online,Electronics,Bluetooth Speaker,3,60.50270992392369,0.05,172.4327232831825,105,67.4327232831825
BM-12479,2025-06-30,Addis Ababa,Store,Fashion,Jeans,1,49.71487630332095,0.05,47.229132488154896,25,22.229132488154896
BM-12480,2025-06-30,Dubai,Online,Fashion,T-Shirt,1,20.10576626970776,0.02,19.703650944313605,8,11.703650944313605
BM-12481,2025-06-30,Bahir Dar,Store,Beauty,Shampoo,1,10.939162946070953,0.02,10.720379687149533,4,6.720379687149533
BM-12482,2025-06-30,Dubai,Store,Beauty,Face Cream,2,24.22627406476213,0.02,47.48349716693377,20,27.483497166933773
BM-12483,2025-06-30,Addis Ababa,Store,Electronics,Phone Charger,1,17.70477786431982,0.02,17.350682307033424,7,10.350682307033424
BM-12484,2025-06-30,Addis Ababa,Online,Home,Storage Box,2,14.356388285047082,0.02,28.13852103869228,12,16.13852103869228
BM-12485,2025-06-30,Bahir Dar,Store,Beauty,Perfume,2,55.1830916720642,0.05,104.84787417692198,56,48.84787417692198
BM-12486,2025-07-01,Hawassa,Online,Beauty,Shampoo,2,11.46590471800972,0.02,22.473173247299048,8,14.473173247299048
BM-12487,2025-07-01,Bahir Dar,Store,Fashion,Jeans,1,51.527970328332664,0.05,48.951571811916025,25,23.951571811916025
BM-12488,2025-07-01,Nairobi,Store,Beauty,Face Cream,1,24.00966304388236,0.02,23.52946978300471,10,13.52946978300471
BM-12489,2025-07-01,Addis Ababa,Online,Electronics,Phone Charger,2,17.83672325971493,0.02,34.95997758904126,14,20.95997758904126
BM-12490,2025-07-01,Dubai,Online,Beauty,Makeup Kit,1,68.55751920438601,0.05,65.1296432441667,35,30.1296432441667
BM-12491,2025-07-01,Bahir Dar,Store,Home,Storage Box,4,15.259976941722071,0.02,59.819109611550516,24,35.819109611550516
BM-12492,2025-07-01,Dubai,Online,Home,Water Bottle,3,11.594350782884678,0.02,34.08739130168096,12,22.08739130168096
BM-12493,2025-07-01,Nairobi,Store,Beauty,Shampoo,2,10.79838478178244,0.02,21.16483417229358,8,13.164834172293581
BM-12494,2025-07-01,Addis Ababa,Store,Beauty,Perfume,1,56.248868073736205,0.05,53.43642467004939,28,25.43642467004939
BM-12495,2025-07-01,Dubai,Online,Fashion,Sneakers,1,63.073095777871295,0.05,59.919440988977726,37,22.919440988977726
BM-12496,2025-07-01,Addis Ababa,Online,Fashion,Hoodie,1,42.19428784973357,0.05,40.08457345724689,20,20.08457345724689
BM-12497,2025-07-01,Bahir Dar,Online,Electronics,Smart Watch,1,80.36793853326768,0.05,76.34954160660429,48,28.34954160660429
BM-12498,2025-07-01,Addis Ababa,Store,Home,Vacuum Cleaner,1,152.11518324466337,0.08,139.9459685850903,80,59.9459685850903
BM-12499,2025-07-02,Dubai,Store,Beauty,Shampoo,3,10.744619934971361,0.02,31.5891826088158,12,19.5891826088158
BM-12500,2025-07-02,Nairobi,Online,Electronics,Wireless Earbuds,1,46.066175726165845,0.05,43.76286693985755,25,18.762866939857552
BM-12501,2025-07-02,Addis Ababa,Store,Electronics,Phone Charger,1,17.70836342465988,0.02,17.35419615616668,7,10.35419615616668
BM-12502,2025-07-02,Nairobi,Online,Beauty,Hair Dryer,1,41.18453924551438,0.05,39.12531228323866,20,19.125312283238657
BM-12503,2025-07-02,Addis Ababa,Online,Home,Water Bottle,4,12.214388366876866,0.02,47.880402398157315,16,31.880402398157315
BM-12504,2025-07-02,Addis Ababa,Online,Fashion,T-Shirt,1,19.24888629171038,0.02,18.863908565876173,8,10.863908565876173
BM-12505,2025-07-02,Hawassa,Online,Electronics,Laptop,1,1220.3071879469344,0.1,1098.276469152241,500,598.2764691522409
BM-12506,2025-07-02,Nairobi,Store,Fashion,Jeans,2,51.00181494865886,0.05,96.90344840245183,50,46.90344840245183
BM-12507,2025-07-02,Nairobi,Store,Fashion,Jacket,1,92.66386302875662,0.05,88.03066987731879,45,43.030669877318786
BM-12508,2025-07-02,Addis Ababa,Online,Fashion,Sneakers,2,62.2004774276367,0.05,118.18090711250973,74,44.18090711250973
BM-12509,2025-07-02,Nairobi,Online,Home,Storage Box,2,14.201194365693329,0.02,27.834340956758926,12,15.834340956758926
BM-12510,2025-07-02,Nairobi,Online,Home,Vacuum Cleaner,1,150.63795606434235,0.08,138.58691957919496,80,58.586919579194955
BM-12511,2025-07-03,Addis Ababa,Store,Fashion,Hoodie,1,41.089026087441034,0.05,39.03457478306898,20,19.034574783068983
BM-12512,2025-07-03,Nairobi,Online,Electronics,Wireless Earbuds,1,47.035904939366404,0.05,44.68410969239808,25,19.68410969239808
BM-12513,2025-07-03,Addis Ababa,Store,Beauty,Makeup Kit,3,69.00772032860726,0.05,196.6720029365307,105,91.6720029365307
BM-12514,2025-07-03,Hawassa,Online,Electronics,Laptop,4,1220.5656577941847,0.1,4394.036368059065,2000,2394.0363680590654
BM-12515,2025-07-03,Addis Ababa,Store,Fashion,Jeans,3,50.28242836761132,0.05,143.30492084769224,75,68.30492084769224
BM-12516,2025-07-03,Addis Ababa,Online,Beauty,Hair Dryer,1,41.984695457291075,0.05,39.88546068442652,20,19.88546068442652
BM-12517,2025-07-03,Dubai,Online,Electronics,Phone Charger,3,17.981396281640205,0.02,52.8653050680222,21,31.865305068022202
BM-12518,2025-07-03,Addis Ababa,Online,Home,Coffee Maker,2,96.03984736529175,0.05,182.4757099940543,90,92.47570999405431
BM-12519,2025-07-03,Dubai,Store,Fashion,Sneakers,2,66.19224581352994,0.05,125.76526704570688,74,51.76526704570688
BM-12520,2025-07-04,Dubai,Online,Home,Water Bottle,1,12.088859100609902,0.02,11.847081918597704,4,7.847081918597704
BM-12521,2025-07-04,Addis Ababa,Online,Electronics,Tablet,1,204.21025334447424,0.08,187.8734330769163,120,67.87343307691631
BM-12522,2025-07-04,Dubai,Store,Fashion,Jeans,1,50.391176670612445,0.05,47.87161783708182,25,22.87161783708182
BM-12523,2025-07-04,Dubai,Store,Electronics,Tablet,2,194.64524880687532,0.08,358.1472578046506,240,118.14725780465062
BM-12524,2025-07-04,Bahir Dar,Online,Electronics,Bluetooth Speaker,2,60.39020311140203,0.05,114.74138591166385,70,44.741385911663855
BM-12525,2025-07-04,Addis Ababa,Online,Home,Storage Box,1,14.377023036460075,0.02,14.089482575730873,6,8.089482575730873
BM-12526,2025-07-04,Dubai,Store,Fashion,Hoodie,3,42.95171092085512,0.05,122.41237612443707,60,62.412376124437074
BM-12527,2025-07-04,Addis Ababa,Store,Fashion,Hoodie,2,40.455964002366024,0.05,76.86633160449544,40,36.86633160449544
BM-12528,2025-07-04,Hawassa,Online,Beauty,Face Cream,3,23.481087611917214,0.02,69.03439757903661,30,39.03439757903661
BM-12529,2025-07-04,Addis Ababa,Online,Electronics,Tablet,2,202.709920875028,0.08,372.9862544100515,240,132.98625441005152
BM-12530,2025-07-04,Addis Ababa,Online,Fashion,Sneakers,3,63.19221439663647,0.05,180.09781103041394,111,69.09781103041394
BM-12531,2025-07-04,Nairobi,Store,Home,Storage Box,1,14.909586785261194,0.02,14.61139504955597,6,8.61139504955597
BM-12532,2025-07-04,Nairobi,Online,Electronics,Smartphone,3,604.9773232016505,0.1,1633.4387726444563,1050,583.4387726444563
BM-12533,2025-07-04,Addis Ababa,Online,Beauty,Perfume,1,54.244843631790125,0.05,51.532601450200616,28,23.532601450200616
BM-12534,2025-07-04,Dubai,Store,Home,Vacuum Cleaner,3,153.24511109747587,0.08,422.95650662903347,240,182.95650662903347
BM-12535,2025-07-04,Addis Ababa,Online,Electronics,Smartphone,1,587.6507966875155,0.1,528.8857170187639,350,178.8857170187639
BM-12536,2025-07-05,Dubai,Store,Fashion,Sneakers,2,65.8608320890972,0.05,125.13558096928467,74,51.135580969284675
BM-12537,2025-07-05,Addis Ababa,Online,Home,Desk Lamp,1,30.07849902416293,0.05,28.574574072954782,14,14.574574072954782
BM-12538,2025-07-05,Bahir Dar,Online,Beauty,Hair Dryer,1,41.09029275510011,0.05,39.0357781173451,20,19.035778117345103
BM-12539,2025-07-05,Addis Ababa,Store,Beauty,Face Cream,2,24.045121445900836,0.02,47.12843803396564,20,27.128438033965637
BM-12540,2025-07-05,Addis Ababa,Online,Electronics,Phone Charger,1,18.115587919308208,0.02,17.753276160922045,7,10.753276160922045
BM-12541,2025-07-05,Bahir Dar,Online,Electronics,Smartphone,1,595.9211137464196,0.1,536.3290023717776,350,186.32900237177762
BM-12542,2025-07-05,Nairobi,Online,Beauty,Perfume,1,56.65298901821749,0.05,53.82033956730661,28,25.82033956730661
BM-12543,2025-07-05,Addis Ababa,Online,Fashion,Sneakers,3,68.45162607754077,0.05,195.08713432099117,111,84.08713432099117
BM-12544,2025-07-05,Bahir Dar,Online,Beauty,Hair Dryer,1,41.42697416366437,0.05,39.355625455481146,20,19.355625455481146
BM-12545,2025-07-05,Addis Ababa,Store,Beauty,Face Cream,2,24.592086292060973,0.02,48.20048913243951,20,28.200489132439508
BM-12546,2025-07-05,Nairobi,Store,Electronics,Wireless Earbuds,1,46.93252894514685,0.05,44.585902497889506,25,19.585902497889506
BM-12547,2025-07-05,Bahir Dar,Store,Beauty,Perfume,1,55.245172954343005,0.05,52.48291430662585,28,24.48291430662585
BM-12548,2025-07-05,Addis Ababa,Online,Beauty,Shampoo,1,11.027335695194985,0.02,10.806788981291085,4,6.806788981291085
BM-12549,2025-07-05,Dubai,Store,Home,Coffee Maker,1,91.99383964421237,0.05,87.39414766200174,45,42.39414766200174
BM-12550,2025-07-05,Bahir Dar,Online,Beauty,Hair Dryer,2,39.645704570895994,0.05,75.32683868470238,40,35.32683868470238
BM-12551,2025-07-05,Nairobi,Online,Home,Desk Lamp,3,31.286610179760185,0.05,89.16683901231652,42,47.166839012316515
BM-12552,2025-07-06,Dubai,Store,Electronics,Bluetooth Speaker,1,60.90013433289391,0.05,57.85512761624921,35,22.855127616249213
BM-12553,2025-07-06,Addis Ababa,Store,Fashion,T-Shirt,1,19.78338611403987,0.02,19.387718391759073,8,11.387718391759073
BM-12554,2025-07-06,Dubai,Store,Beauty,Hair Dryer,2,39.737072756144386,0.05,75.50043823667433,40,35.50043823667433
BM-12555,2025-07-06,Dubai,Online,Home,Storage Box,1,14.877999774349297,0.02,14.58043977886231,6,8.58043977886231
BM-12556,2025-07-06,Addis Ababa,Online,Fashion,Sneakers,1,64.91765156895484,0.05,61.67176899050709,37,24.67176899050709
BM-12557,2025-07-06,Dubai,Store,Beauty,Shampoo,1,10.936759808589068,0.02,10.718024612417286,4,6.718024612417286
BM-12558,2025-07-06,Bahir Dar,Store,Beauty,Makeup Kit,1,72.62074073815248,0.05,68.98970370124485,35,33.98970370124485
BM-12559,2025-07-06,Addis Ababa,Online,Beauty,Hair Dryer,2,41.348374891089286,0.05,78.56191229306964,40,38.56191229306964
BM-12560,2025-07-06,Bahir Dar,Store,Home,Vacuum Cleaner,1,149.06593402186118,0.08,137.1406593001123,80,57.140659300112304
BM-12561,2025-07-06,Dubai,Online,Home,Coffee Maker,1,88.96077164894193,0.05,84.51273306649483,45,39.51273306649483
BM-12562,2025-07-06,Nairobi,Store,Electronics,Wireless Earbuds,1,43.11467800583652,0.05,40.95894410554469,25,15.958944105544688
BM-12563,2025-07-06,Addis Ababa,Store,Beauty,Hair Dryer,2,39.625483027030526,0.05,75.288417751358,40,35.288417751358
BM-12564,2025-07-06,Dubai,Online,Home,Vacuum Cleaner,1,152.7598620139604,0.08,140.53907305284358,80,60.53907305284358
BM-12565,2025-07-06,Dubai,Store,Electronics,Smart Watch,1,79.79498657817463,0.05,75.8052372492659,48,27.8052372492659
BM-12566,2025-07-06,Bahir Dar,Online,Beauty,Makeup Kit,1,68.67540360746715,0.05,65.24163342709379,35,30.241633427093788
BM-12567,2025-07-07,Dubai,Store,Beauty,Perfume,1,55.969622948208865,0.05,53.17114180079842,28,25.171141800798416
BM-12568,2025-07-07,Hawassa,Online,Fashion,Hoodie,1,43.70566061745597,0.05,41.520377586583166,20,21.520377586583166
BM-12569,2025-07-07,Dubai,Online,Beauty,Shampoo,1,10.655953208981037,0.02,10.442834144801417,4,6.442834144801417
BM-12570,2025-07-07,Dubai,Online,Home,Storage Box,3,14.677629070198492,0.02,43.15222946638357,18,25.152229466383567
BM-12571,2025-07-07,Dubai,Online,Fashion,T-Shirt,1,19.062107941961422,0.02,18.680865783122194,8,10.680865783122194
BM-12572,2025-07-07,Addis Ababa,Online,Beauty,Shampoo,1,11.51392912261654,0.02,11.28365054016421,4,7.28365054016421
BM-12573,2025-07-07,Dubai,Online,Fashion,T-Shirt,2,19.85769835625743,0.02,38.92108877826456,16,22.92108877826456
BM-12574,2025-07-07,Addis Ababa,Store,Fashion,Jacket,4,86.48684499844674,0.05,328.6500109940976,180,148.6500109940976
BM-12575,2025-07-07,Dubai,Store,Home,Coffee Maker,2,86.47607976542892,0.05,164.30455155431494,90,74.30455155431494
BM-12576,2025-07-07,Addis Ababa,Online,Home,Desk Lamp,1,29.320653047579263,0.05,27.8546203952003,14,13.8546203952003
BM-12577,2025-07-07,Dubai,Online,Fashion,Hoodie,1,41.39007671915547,0.05,39.3205728831977,20,19.3205728831977
BM-12578,2025-07-07,Dubai,Store,Electronics,Tablet,1,196.9497431540119,0.08,181.19376370169095,120,61.193763701690955
BM-12579,2025-07-07,Bahir Dar,Online,Beauty,Shampoo,1,11.067322932358387,0.02,10.845976473711218,4,6.845976473711218
BM-12580,2025-07-08,Addis Ababa,Online,Fashion,T-Shirt,1,20.228719508061538,0.02,19.824145117900308,8,11.824145117900308
BM-12581,2025-07-08,Nairobi,Store,Fashion,Jeans,1,49.74516169795476,0.05,47.25790361305702,25,22.257903613057017
BM-12582,2025-07-08,Dubai,Online,Beauty,Hair Dryer,1,39.40604485225211,0.05,37.435742609639505,20,17.435742609639505
BM-12583,2025-07-08,Bahir Dar,Store,Home,Desk Lamp,1,30.056242223934625,0.05,28.553430112737892,14,14.553430112737892
BM-12584,2025-07-08,Bahir Dar,Online,Fashion,Sneakers,2,67.3952625614488,0.05,128.0509988667527,74,54.05099886675271
BM-12585,2025-07-08,Bahir Dar,Online,Home,Water Bottle,1,11.763871241715211,0.02,11.528593816880907,4,7.528593816880907
BM-12586,2025-07-08,Nairobi,Online,Fashion,Jacket,1,89.04177284932598,0.05,84.58968420685967,45,39.58968420685967
BM-12587,2025-07-08,Bahir Dar,Online,Electronics,Tablet,2,206.7009128344561,0.08,380.32967961539924,240,140.32967961539924
BM-12588,2025-07-08,Addis Ababa,Online,Fashion,Jeans,1,49.26403309953037,0.05,46.80083144455385,25,21.80083144455385
BM-12589,2025-07-09,Dubai,Store,Home,Coffee Maker,1,91.68552713685732,0.05,87.10125078001445,45,42.10125078001445
BM-12590,2025-07-09,Hawassa,Store,Fashion,T-Shirt,1,20.12707271384514,0.02,19.724531259568238,8,11.724531259568238
BM-12591,2025-07-09,Dubai,Online,Beauty,Face Cream,2,23.931150754985865,0.02,46.905055479772294,20,26.905055479772294
BM-12592,2025-07-09,Dubai,Online,Fashion,Jeans,2,47.70408278897332,0.05,90.6377572990493,50,40.6377572990493
BM-12593,2025-07-09,Addis Ababa,Store,Fashion,Jacket,1,91.48126379042613,0.05,86.90720060090482,45,41.907200600904815
BM-12594,2025-07-09,Nairobi,Online,Home,Vacuum Cleaner,1,147.98421461788894,0.08,136.14547744845783,80,56.145477448457825
BM-12595,2025-07-09,Dubai,Online,Fashion,T-Shirt,4,20.245329797706994,0.02,79.36169280701141,32,47.36169280701141
BM-12596,2025-07-09,Nairobi,Store,Electronics,Laptop,2,1204.8528718870773,0.1,2168.7351693967394,1000,1168.7351693967394
BM-12597,2025-07-09,Bahir Dar,Online,Home,Coffee Maker,1,92.32746611901085,0.05,87.7110928130603,45,42.711092813060304
BM-12598,2025-07-09,Addis Ababa,Online,Electronics,Wireless Earbuds,1,45.8115889202542,0.05,43.52100947424149,25,18.521009474241488
BM-12599,2025-07-09,Dubai,Online,Electronics,Bluetooth Speaker,1,58.421711698010476,0.05,55.50062611310995,35,20.500626113109952
BM-12600,2025-07-09,Dubai,Online,Beauty,Hair Dryer,1,41.90346029982115,0.05,39.80828728483009,20,19.808287284830087
BM-12601,2025-07-10,Hawassa,Online,Electronics,Wireless Earbuds,1,46.75234133701883,0.05,44.41472427016788,25,19.41472427016788
BM-12602,2025-07-10,Dubai,Online,Fashion,T-Shirt,1,20.639077463681353,0.02,20.226295914407725,8,12.226295914407725
BM-12603,2025-07-10,Nairobi,Online,Beauty,Makeup Kit,1,68.28749630348632,0.05,64.87312148831201,35,29.87312148831201
BM-12604,2025-07-10,Dubai,Online,Electronics,Smart Watch,1,78.5725248416248,0.05,74.64389859954356,48,26.64389859954356
BM-12605,2025-07-10,Dubai,Store,Beauty,Hair Dryer,2,40.114792530236556,0.05,76.21810580744945,40,36.21810580744945
BM-12606,2025-07-10,Dubai,Online,Beauty,Face Cream,1,23.941781854586868,0.02,23.46294621749513,10,13.46294621749513
BM-12607,2025-07-10,Bahir Dar,Store,Electronics,Smartphone,3,595.2365484791079,0.1,1607.1386808935913,1050,557.1386808935913
BM-12608,2025-07-10,Bahir Dar,Online,Home,Coffee Maker,1,90.30494129220675,0.05,85.78969422759641,45,40.789694227596414
BM-12609,2025-07-11,Dubai,Online,Beauty,Hair Dryer,1,38.96773071534617,0.05,37.01934417957886,20,17.01934417957886
BM-12610,2025-07-11,Dubai,Online,Beauty,Makeup Kit,2,65.85613786699291,0.05,125.12666194728652,70,55.12666194728652
BM-12611,2025-07-11,Nairobi,Online,Beauty,Makeup Kit,1,68.8505243612592,0.05,65.40799814319624,35,30.407998143196238
BM-12612,2025-07-11,Nairobi,Online,Fashion,Sneakers,2,64.245115411748,0.05,122.0657192823212,74,48.0657192823212
BM-12613,2025-07-11,Addis Ababa,Online,Fashion,T-Shirt,2,19.351280484280284,0.02,37.92850974918936,16,21.92850974918936
BM-12614,2025-07-11,Addis Ababa,Store,Home,Storage Box,4,14.94029610471021,0.02,58.56596073046402,24,34.56596073046402
BM-12615,2025-07-11,Addis Ababa,Store,Electronics,Smartphone,1,600.8685286474041,0.1,540.7816757826637,350,190.78167578266368
BM-12616,2025-07-11,Nairobi,Online,Fashion,T-Shirt,1,18.491104772892196,0.02,18.12128267743435,8,10.121282677434351
BM-12617,2025-07-11,Bahir Dar,Online,Home,Water Bottle,2,11.865808557899559,0.02,23.256984773483136,8,15.256984773483136
BM-12618,2025-07-11,Addis Ababa,Online,Fashion,T-Shirt,1,19.4515826569547,0.02,19.062551003815603,8,11.062551003815603
BM-12619,2025-07-11,Bahir Dar,Online,Beauty,Makeup Kit,1,68.83172327351919,0.05,65.39013710984322,35,30.390137109843224
BM-12620,2025-07-12,Hawassa,Online,Fashion,Jacket,1,91.92481333302409,0.05,87.32857266637288,45,42.32857266637288
BM-12621,2025-07-12,Addis Ababa,Online,Beauty,Hair Dryer,1,40.96187414132256,0.05,38.91378043425643,20,18.91378043425643
BM-12622,2025-07-12,Nairobi,Store,Home,Coffee Maker,1,92.67532561989043,0.05,88.04155933889591,45,43.04155933889591
BM-12623,2025-07-12,Nairobi,Online,Electronics,Smartphone,1,603.002336326328,0.1,542.7021026936952,350,192.70210269369522
BM-12624,2025-07-12,Addis Ababa,Online,Home,Desk Lamp,1,28.95862239895847,0.05,27.510691279010548,14,13.510691279010548
BM-12625,2025-07-12,Hawassa,Store,Home,Vacuum Cleaner,2,151.22591109605747,0.08,278.25567641674576,160,118.25567641674576
BM-12626,2025-07-12,Addis Ababa,Online,Electronics,Bluetooth Speaker,1,61.62653006200178,0.05,58.54520355890168,35,23.545203558901683
BM-12627,2025-07-12,Addis Ababa,Store,Fashion,Hoodie,1,42.83203346332246,0.05,40.69043179015634,20,20.69043179015634
BM-12628,2025-07-12,Addis Ababa,Store,Home,Desk Lamp,1,30.761857081639402,0.05,29.22376422755743,14,15.223764227557432
BM-12629,2025-07-12,Bahir Dar,Store,Fashion,T-Shirt,1,20.099181132180103,0.02,19.6971975095365,8,11.697197509536501
BM-12630,2025-07-12,Addis Ababa,Online,Electronics,Bluetooth Speaker,1,59.35812255313585,0.05,56.39021642547905,35,21.390216425479053
BM-12631,2025-07-12,Dubai,Online,Beauty,Perfume,1,53.872250245881595,0.05,51.178637733587514,28,23.178637733587514
BM-12632,2025-07-12,Addis Ababa,Online,Electronics,Tablet,1,194.14352927504984,0.08,178.61204693304586,120,58.61204693304586
BM-12633,2025-07-12,Addis Ababa,Store,Home,Desk Lamp,1,30.640284560345822,0.05,29.10827033232853,14,15.10827033232853
BM-12634,2025-07-12,Nairobi,Store,Fashion,Jacket,2,95.390791640292,0.05,181.24250411655478,90,91.24250411655478
BM-12635,2025-07-12,Bahir Dar,Online,Beauty,Hair Dryer,2,41.79800247010221,0.05,79.4162046931942,40,39.4162046931942
BM-12636,2025-07-12,Addis Ababa,Online,Home,Storage Box,1,14.706214916984715,0.02,14.41209061864502,6,8.41209061864502
BM-12637,2025-07-13,Addis Ababa,Online,Electronics,Phone Charger,4,18.023690619571113,0.02,70.65286722871876,28,42.65286722871876
BM-12638,2025-07-13,Addis Ababa,Online,Home,Storage Box,2,15.084593177514888,0.02,29.56580262792918,12,17.56580262792918
BM-12639,2025-07-13,Bahir Dar,Online,Fashion,T-Shirt,2,20.340792934519712,0.02,39.86795415165864,16,23.867954151658637
BM-12640,2025-07-13,Addis Ababa,Online,Beauty,Makeup Kit,2,73.27361869948037,0.05,139.21987552901268,70,69.21987552901268
BM-12641,2025-07-13,Dubai,Online,Fashion,Hoodie,1,42.297946954570094,0.05,40.183049606841585,20,20.183049606841585
BM-12642,2025-07-13,Bahir Dar,Store,Beauty,Hair Dryer,1,38.95073941547121,0.05,37.00320244469765,20,17.00320244469765
BM-12643,2025-07-13,Dubai,Store,Fashion,Jeans,1,49.66357443845248,0.05,47.18039571652985,25,22.18039571652985
BM-12644,2025-07-13,Dubai,Store,Beauty,Shampoo,1,11.377008958996655,0.02,11.149468779816722,4,7.149468779816722
BM-12645,2025-07-13,Dubai,Online,Home,Desk Lamp,1,30.44778679242151,0.05,28.925397452800432,14,14.925397452800432
BM-12646,2025-07-13,Nairobi,Online,Home,Desk Lamp,2,31.01934970136472,0.05,58.936764432592966,28,30.936764432592966
BM-12647,2025-07-13,Dubai,Online,Fashion,Hoodie,1,41.95792243172552,0.05,39.86002631013924,20,19.86002631013924
BM-12648,2025-07-13,Hawassa,Online,Home,Water Bottle,1,12.164261233463952,0.02,11.920976008794673,4,7.920976008794673
BM-12649,2025-07-13,Dubai,Online,Home,Water Bottle,1,12.206103287433713,0.02,11.961981221685038,4,7.961981221685038
BM-12650,2025-07-13,Addis Ababa,Store,Home,Coffee Maker,4,91.24625825720767,0.05,346.7357813773891,180,166.73578137738912
BM-12651,2025-07-13,Addis Ababa,Online,Fashion,Jacket,1,87.11959386206155,0.05,82.76361416895847,45,37.76361416895847
BM-12652,2025-07-13,Dubai,Store,Fashion,T-Shirt,2,20.40035991517055,0.02,39.98470543373428,16,23.984705433734277
BM-12653,2025-07-13,Addis Ababa,Store,Electronics,Phone Charger,1,17.523476576516394,0.02,17.173007044986065,7,10.173007044986065
BM-12654,2025-07-14,Dubai,Online,Electronics,Wireless Earbuds,2,46.23177191015793,0.05,87.84036662930006,50,37.840366629300064
BM-12655,2025-07-14,Dubai,Online,Home,Coffee Maker,1,91.11809591027969,0.05,86.56219111476571,45,41.56219111476571
BM-12656,2025-07-14,Addis Ababa,Store,Fashion,Hoodie,1,43.02952622476346,0.05,40.87804991352528,20,20.87804991352528
BM-12657,2025-07-14,Addis Ababa,Online,Electronics,Smart Watch,1,84.52272964958414,0.05,80.29659316710493,48,32.29659316710493
BM-12658,2025-07-14,Addis Ababa,Online,Electronics,Bluetooth Speaker,2,58.89769723976022,0.05,111.90562475554441,70,41.90562475554441
BM-12659,2025-07-14,Nairobi,Store,Fashion,Hoodie,1,41.48815427945836,0.05,39.41374656548544,20,19.41374656548544
BM-12660,2025-07-14,Addis Ababa,Online,Fashion,Hoodie,1,41.76988174823337,0.05,39.6813876608217,20,19.6813876608217
BM-12661,2025-07-14,Dubai,Store,Home,Vacuum Cleaner,1,150.54349594528762,0.08,138.50001626966463,80,58.50001626966463
BM-12662,2025-07-14,Dubai,Store,Beauty,Hair Dryer,2,39.2368538172805,0.05,74.55002225283295,40,34.550022252832946
BM-12663,2025-07-14,Addis Ababa,Store,Electronics,Bluetooth Speaker,1,60.54142307152301,0.05,57.51435191794686,35,22.51435191794686
BM-12664,2025-07-14,Addis Ababa,Online,Home,Coffee Maker,1,88.40364104453,0.05,83.9834589923035,45,38.9834589923035
BM-12665,2025-07-14,Addis Ababa,Store,Beauty,Face Cream,1,24.400773543176946,0.02,23.912758072313405,10,13.912758072313405
BM-12666,2025-07-15,Dubai,Online,Home,Storage Box,1,14.996642872585419,0.02,14.69671001513371,6,8.69671001513371
BM-12667,2025-07-15,Dubai,Online,Electronics,Laptop,1,1177.1166999315064,0.1,1059.405029938356,500,559.4050299383559
BM-12668,2025-07-15,Addis Ababa,Online,Fashion,Jeans,2,49.51895835311961,0.05,94.08602087092726,50,44.08602087092726
BM-12669,2025-07-15,Dubai,Store,Beauty,Face Cream,2,25.203277503233593,0.02,49.39842390633784,20,29.39842390633784
BM-12670,2025-07-15,Bahir Dar,Online,Electronics,Laptop,1,1225.823594095477,0.1,1103.2412346859292,500,603.2412346859292
BM-12671,2025-07-15,Addis Ababa,Store,Electronics,Tablet,2,197.94064195653152,0.08,364.210781200018,240,124.210781200018
BM-12672,2025-07-15,Addis Ababa,Online,Electronics,Wireless Earbuds,4,45.83856072244862,0.05,174.18653074530474,100,74.18653074530474
BM-12673,2025-07-15,Addis Ababa,Online,Fashion,Jacket,4,92.26658194401064,0.05,350.6130113872404,180,170.61301138724042
BM-12674,2025-07-15,Hawassa,Store,Beauty,Face Cream,2,24.50904063372228,0.02,48.03771964209567,20,28.037719642095666
BM-12675,2025-07-15,Bahir Dar,Store,Beauty,Face Cream,1,23.096670017969934,0.02,22.634736617610535,10,12.634736617610535
BM-12676,2025-07-15,Dubai,Store,Electronics,Wireless Earbuds,1,44.17856292840114,0.05,41.969634781981085,25,16.969634781981085
BM-12677,2025-07-15,Dubai,Store,Beauty,Makeup Kit,1,69.18990797384997,0.05,65.73041257515747,35,30.730412575157473
BM-12678,2025-07-15,Nairobi,Online,Electronics,Phone Charger,1,17.693706728637178,0.02,17.339832594064433,7,10.339832594064433
BM-12679,2025-07-15,Bahir Dar,Online,Beauty,Hair Dryer,1,39.1091258598136,0.05,37.15366956682292,20,17.15366956682292
BM-12680,2025-07-16,Dubai,Store,Home,Storage Box,2,15.059953770488374,0.02,29.517509390157212,12,17.517509390157212
BM-12681,2025-07-16,Dubai,Online,Home,Water Bottle,2,12.08587105936925,0.02,23.68830727636373,8,15.68830727636373
BM-12682,2025-07-16,Addis Ababa,Store,Home,Water Bottle,2,12.76155166949528,0.02,25.012641272210747,8,17.012641272210747
BM-12683,2025-07-16,Addis Ababa,Online,Fashion,Sneakers,2,66.73662799860014,0.05,126.79959319734026,74,52.79959319734026
BM-12684,2025-07-16,Addis Ababa,Store,Home,Storage Box,1,15.166649198429782,0.02,14.863316214461186,6,8.863316214461186
BM-12685,2025-07-16,Dubai,Store,Electronics,Smartphone,1,605.5436271058837,0.1,544.9892643952953,350,194.98926439529532
BM-12686,2025-07-16,Addis Ababa,Store,Home,Storage Box,3,14.995928888999465,0.02,44.08803093365843,18,26.08803093365843
BM-12687,2025-07-16,Dubai,Store,Fashion,Sneakers,2,61.82317611558107,0.05,117.46403461960402,74,43.46403461960402
BM-12688,2025-07-16,Nairobi,Online,Electronics,Smart Watch,1,84.21055019372133,0.05,80.00002268403526,48,32.00002268403526
BM-12689,2025-07-17,Bahir Dar,Store,Electronics,Smartphone,1,596.6212171122512,0.1,536.959095401026,350,186.95909540102605
BM-12690,2025-07-17,Addis Ababa,Online,Beauty,Face Cream,2,23.295035946416327,0.02,45.658270454976,20,25.658270454975998
BM-12691,2025-07-17,Nairobi,Online,Home,Coffee Maker,1,89.78219715417717,0.05,85.2930872964683,45,40.2930872964683
BM-12692,2025-07-17,Dubai,Store,Home,Desk Lamp,1,30.165088759633026,0.05,28.656834321651374,14,14.656834321651374
BM-12693,2025-07-17,Addis Ababa,Online,Beauty,Face Cream,1,23.605087962247474,0.02,23.132986203002524,10,13.132986203002524
BM-12694,2025-07-17,Hawassa,Online,Electronics,Phone Charger,1,18.419732148813583,0.02,18.05133750583731,7,11.05133750583731
BM-12695,2025-07-17,Dubai,Store,Beauty,Makeup Kit,1,66.83566473792852,0.05,63.49388150103209,35,28.493881501032092
BM-12696,2025-07-17,Dubai,Store,Electronics,Phone Charger,2,18.17215680964084,0.02,35.617427346896044,14,21.617427346896044
BM-12697,2025-07-17,Bahir Dar,Online,Home,Vacuum Cleaner,2,149.90475973780843,0.08,275.8247579175675,160,115.82475791756752
BM-12698,2025-07-17,Dubai,Online,Electronics,Smart Watch,1,77.70512616849656,0.05,73.81986986007173,48,25.819869860071734
BM-12699,2025-07-17,Addis Ababa,Online,Electronics,Tablet,1,193.9562914761967,0.08,178.43978815810098,120,58.43978815810098
BM-12700,2025-07-17,Dubai,Online,Home,Vacuum Cleaner,1,150.60554786367143,0.08,138.55710403457772,80,58.55710403457772
BM-12701,2025-07-17,Nairobi,Online,Home,Storage Box,1,15.036184305959187,0.02,14.735460619840003,6,8.735460619840003
BM-12702,2025-07-17,Addis Ababa,Online,Fashion,Hoodie,1,42.95762764992704,0.05,40.80974626743069,20,20.80974626743069
BM-12703,2025-07-17,Addis Ababa,Online,Fashion,Hoodie,1,43.1175886705404,0.05,40.96170923701338,20,20.96170923701338
BM-12704,2025-07-17,Addis Ababa,Online,Fashion,Sneakers,1,65.61956699664235,0.05,62.33858864681023,37,25.33858864681023
BM-12705,2025-07-17,Dubai,Store,Beauty,Hair Dryer,1,41.5024519182629,0.05,39.42732932234975,20,19.42732932234975
BM-12706,2025-07-18,Addis Ababa,Store,Home,Desk Lamp,1,29.749200447114557,0.05,28.261740424758827,14,14.261740424758827
BM-12707,2025-07-18,Nairobi,Store,Fashion,T-Shirt,1,19.005550025352406,0.02,18.625439024845356,8,10.625439024845356
BM-12708,2025-07-18,Nairobi,Online,Electronics,Wireless Earbuds,4,43.14549999626853,0.05,163.9528999858204,100,63.95289998582041
BM-12709,2025-07-18,Dubai,Store,Beauty,Face Cream,2,23.606490546696865,0.02,46.26872147152585,20,26.26872147152585
BM-12710,2025-07-18,Dubai,Store,Beauty,Shampoo,2,10.930639538978992,0.02,21.424053496398823,8,13.424053496398823
BM-12711,2025-07-18,Dubai,Store,Beauty,Face Cream,1,23.367225473199746,0.02,22.89988096373575,10,12.89988096373575
BM-12712,2025-07-18,Dubai,Online,Fashion,Jacket,3,87.04791927623027,0.05,248.08656993725626,135,113.08656993725626
BM-12713,2025-07-18,Bahir Dar,Online,Fashion,Jeans,2,49.46582330663149,0.05,93.98506428259984,50,43.985064282599836
BM-12714,2025-07-18,Dubai,Online,Fashion,Sneakers,3,65.73908408541014,0.05,187.3563896434189,111,76.35638964341891
BM-12715,2025-07-18,Addis Ababa,Online,Home,Desk Lamp,1,30.201622627871604,0.05,28.691541496478024,14,14.691541496478024
BM-12716,2025-07-18,Dubai,Online,Home,Storage Box,2,15.155208371105363,0.02,29.70420840736651,12,17.70420840736651
BM-12717,2025-07-18,Dubai,Online,Fashion,Jeans,3,50.257757658510116,0.05,143.23460932675383,75,68.23460932675383
BM-12718,2025-07-18,Bahir Dar,Online,Home,Vacuum Cleaner,1,147.19104984631338,0.08,135.41576585860832,80,55.415765858608324
BM-12719,2025-07-19,Addis Ababa,Store,Fashion,Hoodie,4,42.60645618433855,0.05,161.90453350048648,80,81.90453350048648
BM-12720,2025-07-19,Addis Ababa,Store,Home,Water Bottle,1,12.475816659628922,0.02,12.226300326436343,4,8.226300326436343
BM-12721,2025-07-19,Nairobi,Online,Fashion,Jacket,3,90.29263399811964,0.05,257.33400689464094,135,122.33400689464094
BM-12722,2025-07-19,Addis Ababa,Store,Home,Water Bottle,1,11.927234350794508,0.02,11.688689663778618,4,7.688689663778618
BM-12723,2025-07-19,Dubai,Store,Fashion,T-Shirt,2,19.617458651820094,0.02,38.45021895756739,16,22.450218957567387
BM-12724,2025-07-19,Dubai,Store,Home,Water Bottle,1,12.09613372943545,0.02,11.854211054846742,4,7.854211054846742
BM-12725,2025-07-19,Nairobi,Online,Electronics,Phone Charger,2,18.5508499013638,0.02,36.35966580667305,14,22.35966580667305
BM-12726,2025-07-19,Addis Ababa,Store,Electronics,Laptop,1,1216.3523596344423,0.1,1094.717123670998,500,594.717123670998
BM-12727,2025-07-19,Bahir Dar,Online,Beauty,Shampoo,3,10.897244798443648,0.02,32.03789970742432,12,20.037899707424323
BM-12728,2025-07-19,Dubai,Online,Beauty,Makeup Kit,1,70.358472908214,0.05,66.8405492628033,35,31.840549262803293
BM-12729,2025-07-19,Bahir Dar,Store,Fashion,Jacket,1,89.27398229071713,0.05,84.81028317618127,45,39.81028317618127
BM-12730,2025-07-19,Dubai,Online,Electronics,Phone Charger,2,17.76737851552927,0.02,34.82406189043737,14,20.82406189043737
BM-12731,2025-07-19,Nairobi,Online,Beauty,Hair Dryer,2,37.886442293796286,0.05,71.98424035821294,40,31.984240358212944
BM-12732,2025-07-19,Addis Ababa,Online,Fashion,Hoodie,1,41.97453075947962,0.05,39.87580422150564,20,19.87580422150564
BM-12733,2025-07-19,Addis Ababa,Online,Beauty,Perfume,1,57.34844939093976,0.05,54.481026921392775,28,26.481026921392775
BM-12734,2025-07-19,Bahir Dar,Online,Home,Desk Lamp,1,29.935787670814147,0.05,28.43899828727344,14,14.438998287273439
BM-12735,2025-07-19,Addis Ababa,Online,Beauty,Face Cream,1,23.580103545181167,0.02,23.108501474277542,10,13.108501474277542
BM-12736,2025-07-19,Bahir Dar,Online,Beauty,Shampoo,2,11.039816669091167,0.02,21.638040671418686,8,13.638040671418686
BM-12737,2025-07-20,Addis Ababa,Online,Home,Water Bottle,3,12.10826755891772,0.02,35.5983066232181,12,23.5983066232181
BM-12738,2025-07-20,Nairobi,Online,Beauty,Hair Dryer,2,42.1805295610432,0.05,80.14300616598207,40,40.14300616598207
BM-12739,2025-07-20,Dubai,Store,Home,Water Bottle,1,12.008836610239285,0.02,11.7686598780345,4,7.7686598780345
BM-12740,2025-07-20,Bahir Dar,Store,Home,Water Bottle,2,12.06152402386324,0.02,23.64058708677195,8,15.640587086771951
BM-12741,2025-07-20,Nairobi,Online,Beauty,Perfume,1,55.414543154209305,0.05,52.64381599649884,28,24.643815996498837
BM-12742,2025-07-20,Addis Ababa,Store,Beauty,Perfume,1,54.292633305672155,0.05,51.57800164038854,28,23.578001640388543
BM-12743,2025-07-20,Hawassa,Online,Home,Water Bottle,1,11.833313562116928,0.02,11.59664729087459,4,7.596647290874589
BM-12744,2025-07-20,Nairobi,Online,Fashion,Sneakers,1,67.22526605742678,0.05,63.864002754555436,37,26.864002754555436
BM-12745,2025-07-20,Dubai,Online,Home,Desk Lamp,1,29.55842562901712,0.05,28.08050434756626,14,14.080504347566261
BM-12746,2025-07-20,Dubai,Store,Beauty,Face Cream,2,24.022250166689908,0.02,47.08361032671222,20,27.08361032671222
BM-12747,2025-07-20,Addis Ababa,Store,Beauty,Makeup Kit,1,69.29688580900672,0.05,65.83204151855638,35,30.83204151855638
BM-12748,2025-07-20,Dubai,Online,Fashion,Hoodie,2,43.15583493511627,0.05,81.99608637672091,40,41.99608637672091
BM-12749,2025-07-20,Addis Ababa,Store,Fashion,Sneakers,1,66.52053629928524,0.05,63.194509484320974,37,26.194509484320974
BM-12750,2025-07-20,Nairobi,Online,Beauty,Hair Dryer,2,37.5401464200058,0.05,71.32627819801101,40,31.32627819801101
BM-12751,2025-07-20,Addis Ababa,Store,Beauty,Face Cream,2,23.21398742305263,0.02,45.49941534918315,20,25.499415349183153
BM-12752,2025-07-20,Bahir Dar,Store,Electronics,Laptop,3,1213.5723635414395,0.1,3276.6453815618866,1500,1776.6453815618866
BM-12753,2025-07-21,Dubai,Store,Beauty,Hair Dryer,2,38.30370548739282,0.05,72.77704042604636,40,32.777040426046355
BM-12754,2025-07-21,Bahir Dar,Online,Beauty,Face Cream,3,24.684540671045166,0.02,72.57254957287279,30,42.57254957287279
BM-12755,2025-07-21,Nairobi,Online,Fashion,Jacket,3,91.49485025912962,0.05,260.7603232385194,135,125.76032323851939
BM-12756,2025-07-21,Addis Ababa,Online,Electronics,Laptop,2,1205.5318121276587,0.1,2169.9572618297857,1000,1169.9572618297857
BM-12757,2025-07-21,Hawassa,Store,Beauty,Face Cream,2,23.892096427859155,0.02,46.828508998603944,20,26.828508998603944
BM-12758,2025-07-21,Bahir Dar,Store,Home,Coffee Maker,1,89.58782902822747,0.05,85.1084375768161,45,40.1084375768161
BM-12759,2025-07-21,Hawassa,Store,Home,Coffee Maker,1,87.66035077413211,0.05,83.2773332354255,45,38.2773332354255
BM-12760,2025-07-21,Dubai,Online,Fashion,Hoodie,2,41.98774596100437,0.05,79.77671732590831,40,39.77671732590831
BM-12761,2025-07-21,Dubai,Online,Beauty,Shampoo,1,11.109714728779323,0.02,10.887520434203736,4,6.887520434203736
BM-12762,2025-07-21,Nairobi,Online,Home,Water Bottle,1,12.414831273425332,0.02,12.166534647956825,4,8.166534647956825
BM-12763,2025-07-21,Hawassa,Store,Electronics,Wireless Earbuds,2,46.72760915347175,0.05,88.78245739159631,50,38.78245739159631
BM-12764,2025-07-21,Bahir Dar,Store,Home,Vacuum Cleaner,3,154.49901519616023,0.08,426.4172819414022,240,186.41728194140222
BM-12765,2025-07-22,Dubai,Store,Beauty,Perfume,1,55.34229664460841,0.05,52.575181812377984,28,24.575181812377984
BM-12766,2025-07-22,Dubai,Online,Home,Vacuum Cleaner,1,151.51769661079942,0.08,139.39628088193547,80,59.39628088193547
BM-12767,2025-07-22,Nairobi,Store,Fashion,Jacket,1,94.15069746200795,0.05,89.44316258890755,45,44.443162588907555
BM-12768,2025-07-22,Dubai,Store,Home,Desk Lamp,2,29.277956281954552,0.05,55.62811693571365,28,27.62811693571365
BM-12769,2025-07-22,Bahir Dar,Online,Home,Vacuum Cleaner,3,148.1266417813006,0.08,408.8295313163897,240,168.8295313163897
BM-12770,2025-07-22,Bahir Dar,Store,Fashion,T-Shirt,2,20.50786009348962,0.02,40.19540578323965,16,24.19540578323965
BM-12771,2025-07-22,Dubai,Online,Fashion,Hoodie,4,41.200413808426745,0.05,156.56157247202162,80,76.56157247202162
BM-12772,2025-07-22,Bahir Dar,Online,Home,Vacuum Cleaner,2,146.8261655068695,0.08,270.1601445326399,160,110.16014453263989
BM-12773,2025-07-22,Addis Ababa,Online,Home,Desk Lamp,1,29.983273574937137,0.05,28.48410989619028,14,14.48410989619028
BM-12774,2025-07-22,Dubai,Online,Electronics,Phone Charger,1,18.01345374363042,0.02,17.653184668757813,7,10.653184668757813
BM-12775,2025-07-22,Nairobi,Store,Electronics,Phone Charger,4,18.03512619641809,0.02,70.69769468995891,28,42.69769468995891
BM-12776,2025-07-22,Dubai,Online,Fashion,Sneakers,2,67.82773362761733,0.05,128.87269389247294,74,54.87269389247294
BM-12777,2025-07-22,Dubai,Online,Fashion,T-Shirt,1,20.92597951008916,0.02,20.507459919887378,8,12.507459919887378
BM-12778,2025-07-22,Dubai,Store,Home,Water Bottle,1,12.114426995112616,0.02,11.872138455210363,4,7.872138455210363
BM-12779,2025-07-22,Dubai,Online,Home,Water Bottle,1,12.41383265189461,0.02,12.165555998856718,4,8.165555998856718
BM-12780,2025-07-23,Nairobi,Online,Home,Water Bottle,1,11.866256340675521,0.02,11.62893121386201,4,7.6289312138620105
BM-12781,2025-07-23,Bahir Dar,Online,Fashion,Hoodie,2,42.273584716129754,0.05,80.31981096064654,40,40.319810960646535
BM-12782,2025-07-23,Hawassa,Store,Beauty,Face Cream,1,24.3255159543089,0.02,23.839005635222723,10,13.839005635222723
BM-12783,2025-07-23,Dubai,Store,Electronics,Phone Charger,2,18.445639671370483,0.02,36.15345375588615,14,22.153453755886147
BM-12784,2025-07-23,Addis Ababa,Online,Beauty,Hair Dryer,1,42.330710689450264,0.05,40.214175154977745,20,20.214175154977745
BM-12785,2025-07-23,Nairobi,Online,Electronics,Wireless Earbuds,2,45.284406823457196,0.05,86.04037296456868,50,36.040372964568675
BM-12786,2025-07-23,Dubai,Store,Beauty,Perfume,1,54.54810952815193,0.05,51.820704051744336,28,23.820704051744336
BM-12787,2025-07-23,Bahir Dar,Online,Home,Coffee Maker,1,86.26889528315101,0.05,81.95545051899346,45,36.95545051899346
BM-12788,2025-07-23,Dubai,Store,Home,Coffee Maker,3,93.53861274540823,0.05,266.58504632441344,135,131.58504632441344
BM-12789,2025-07-23,Addis Ababa,Store,Fashion,Sneakers,1,61.42964972424175,0.05,58.35816723802966,37,21.358167238029658
BM-12790,2025-07-23,Bahir Dar,Online,Home,Water Bottle,1,11.918927377380488,0.02,11.680548829832878,4,7.680548829832878
BM-12791,2025-07-24,Bahir Dar,Online,Beauty,Face Cream,3,23.82661877824998,0.02,70.05025920805494,30,40.05025920805494
BM-12792,2025-07-24,Dubai,Store,Home,Water Bottle,3,11.659090873060354,0.02,34.27772716679744,12,22.27772716679744
BM-12793,2025-07-24,Hawassa,Online,Home,Water Bottle,2,12.577481042931069,0.02,24.651862844144894,8,16.651862844144894
BM-12794,2025-07-24,Addis Ababa,Online,Fashion,Sneakers,2,66.74868243341679,0.05,126.82249662349189,74,52.82249662349189
BM-12795,2025-07-24,Bahir Dar,Store,Fashion,Jacket,2,88.17723990778086,0.05,167.53675582478363,90,77.53675582478363
BM-12796,2025-07-24,Addis Ababa,Online,Fashion,T-Shirt,2,19.807093719453583,0.02,38.82190369012902,16,22.82190369012902
BM-12797,2025-07-24,Addis Ababa,Online,Home,Coffee Maker,2,93.45983760179357,0.05,177.57369144340777,90,87.57369144340777
BM-12798,2025-07-24,Bahir Dar,Online,Fashion,Jeans,1,51.167562867640214,0.05,48.6091847242582,25,23.6091847242582
BM-12799,2025-07-24,Bahir Dar,Store,Beauty,Shampoo,1,10.68938114958121,0.02,10.475593526589586,4,6.475593526589586
BM-12800,2025-07-24,Addis Ababa,Online,Home,Water Bottle,3,12.030628305922406,0.02,35.37004721941187,12,23.370047219411873
BM-12801,2025-07-24,Bahir Dar,Store,Beauty,Face Cream,1,24.19257085233867,0.02,23.708719435291894,10,13.708719435291894
BM-12802,2025-07-24,Nairobi,Store,Beauty,Perfume,3,56.22558227861169,0.05,160.24290949404332,84,76.24290949404332
BM-12803,2025-07-24,Dubai,Online,Fashion,T-Shirt,1,20.14138987214419,0.02,19.738562074701306,8,11.738562074701306
BM-12804,2025-07-24,Bahir Dar,Store,Electronics,Smartphone,1,607.6830902119175,0.1,546.9147811907258,350,196.91478119072576
BM-12805,2025-07-24,Addis Ababa,Store,Home,Coffee Maker,1,91.41930210020507,0.05,86.84833699519481,45,41.84833699519481
BM-12806,2025-07-24,Addis Ababa,Online,Fashion,Hoodie,1,40.49881102308593,0.05,38.473870471931626,20,18.473870471931626
BM-12807,2025-07-25,Addis Ababa,Store,Beauty,Makeup Kit,1,71.52260877094632,0.05,67.946478332399,35,32.946478332398996
BM-12808,2025-07-25,Hawassa,Store,Fashion,Hoodie,1,41.28021786810387,0.05,39.21620697469867,20,19.21620697469867
BM-12809,2025-07-25,Addis Ababa,Store,Home,Vacuum Cleaner,1,146.90460692929207,0.08,135.15223837494872,80,55.15223837494872
BM-12810,2025-07-25,Dubai,Online,Beauty,Shampoo,1,10.533621310607918,0.02,10.32294888439576,4,6.32294888439576
BM-12811,2025-07-25,Addis Ababa,Store,Home,Desk Lamp,1,31.428992398091125,0.05,29.857542778186566,14,15.857542778186566
BM-12812,2025-07-25,Dubai,Store,Beauty,Hair Dryer,1,42.59106216791237,0.05,40.46150905951675,20,20.46150905951675
BM-12813,2025-07-25,Addis Ababa,Store,Beauty,Perfume,2,56.102868077050644,0.05,106.59544934639622,56,50.59544934639622
BM-12814,2025-07-25,Nairobi,Online,Beauty,Makeup Kit,2,72.4682314450786,0.05,137.68963974564934,70,67.68963974564934
BM-12815,2025-07-25,Hawassa,Online,Fashion,Jacket,2,89.67567564267974,0.05,170.38378372109148,90,80.38378372109148
BM-12816,2025-07-25,Nairobi,Online,Beauty,Makeup Kit,2,71.16645356304926,0.05,135.2162617697936,70,65.21626176979359
BM-12817,2025-07-25,Nairobi,Online,Beauty,Perfume,1,56.995519218646734,0.05,54.14574325771439,28,26.145743257714393
BM-12818,2025-07-25,Addis Ababa,Online,Beauty,Face Cream,1,23.310514927479346,0.02,22.84430462892976,10,12.844304628929759
BM-12819,2025-07-25,Bahir Dar,Online,Home,Coffee Maker,1,86.76974108633571,0.05,82.43125403201893,45,37.43125403201893
BM-12820,2025-07-25,Addis Ababa,Online,Electronics,Smartphone,1,617.7336025511548,0.1,555.9602422960394,350,205.96024229603938
BM-12821,2025-07-25,Addis Ababa,Store,Home,Coffee Maker,2,90.02093157747106,0.05,171.039769997195,90,81.03976999719501
BM-12822,2025-07-25,Dubai,Online,Fashion,Sneakers,1,66.30665663726886,0.05,62.991323805405415,37,25.991323805405415
BM-12823,2025-07-25,Dubai,Store,Fashion,T-Shirt,1,19.846884817263714,0.02,19.449947120918438,8,11.449947120918438
BM-12824,2025-07-26,Dubai,Online,Home,Vacuum Cleaner,2,156.00828660512238,0.08,287.0552473534252,160,127.05524735342522
BM-12825,2025-07-26,Dubai,Store,Beauty,Makeup Kit,3,70.49367100380924,0.05,200.9069623608563,105,95.90696236085631
BM-12826,2025-07-26,Addis Ababa,Online,Electronics,Phone Charger,1,18.575667897742402,0.02,18.204154539787552,7,11.204154539787552
BM-12827,2025-07-26,Addis Ababa,Online,Electronics,Bluetooth Speaker,1,59.63561312758018,0.05,56.65383247120117,35,21.65383247120117
BM-12828,2025-07-26,Dubai,Store,Home,Water Bottle,2,12.38715943356588,0.02,24.278832489789124,8,16.278832489789124
BM-12829,2025-07-26,Addis Ababa,Online,Fashion,Hoodie,1,42.25239515233112,0.05,40.13977539471456,20,20.13977539471456
BM-12830,2025-07-26,Bahir Dar,Online,Fashion,T-Shirt,3,20.53512186351856,0.02,60.37325827874457,24,36.37325827874457
BM-12831,2025-07-26,Hawassa,Store,Electronics,Laptop,1,1180.2623459705012,0.1,1062.2361113734512,500,562.2361113734512
BM-12832,2025-07-26,Dubai,Online,Fashion,T-Shirt,4,20.009494884172693,0.02,78.43721994595695,32,46.437219945956954
BM-12833,2025-07-26,Addis Ababa,Store,Beauty,Face Cream,4,24.49892817004491,0.02,96.03579842657604,40,56.03579842657604
BM-12834,2025-07-26,Bahir Dar,Store,Electronics,Smartphone,3,607.2563156664758,0.1,1639.5920522994845,1050,589.5920522994845
BM-12835,2025-07-26,Addis Ababa,Online,Beauty,Shampoo,3,11.681835949342577,0.02,34.34459769106718,12,22.34459769106718
BM-12836,2025-07-26,Dubai,Online,Beauty,Shampoo,2,10.903923495982081,0.02,21.37169005212488,8,13.37169005212488
BM-12837,2025-07-27,Nairobi,Online,Beauty,Makeup Kit,1,70.93946080713437,0.05,67.39248776677765,35,32.39248776677765
BM-12838,2025-07-27,Nairobi,Online,Home,Water Bottle,1,12.145336029136484,0.02,11.902429308553755,4,7.902429308553755
BM-12839,2025-07-27,Addis Ababa,Store,Fashion,Sneakers,3,63.854938371844206,0.05,181.98657435975596,111,70.98657435975596
BM-12840,2025-07-27,Addis Ababa,Online,Fashion,T-Shirt,1,19.481300447266577,0.02,19.091674438321245,8,11.091674438321245
BM-12841,2025-07-27,Bahir Dar,Online,Beauty,Hair Dryer,2,40.704774502605034,0.05,77.33907155494956,40,37.339071554949555
BM-12842,2025-07-27,Addis Ababa,Online,Beauty,Makeup Kit,1,72.2686366452943,0.05,68.65520481302957,35,33.65520481302957
BM-12843,2025-07-27,Dubai,Store,Electronics,Wireless Earbuds,2,44.584815391460126,0.05,84.71114924377423,50,34.71114924377423
BM-12844,2025-07-27,Bahir Dar,Online,Home,Vacuum Cleaner,1,147.8097257284265,0.08,135.9849476701524,80,55.984947670152394
BM-12845,2025-07-27,Dubai,Online,Fashion,Sneakers,3,62.703430425082686,0.05,178.70477671148566,111,67.70477671148566
BM-12846,2025-07-27,Addis Ababa,Store,Home,Desk Lamp,1,30.765965822953095,0.05,29.22766753180544,14,15.22766753180544
BM-12847,2025-07-27,Bahir Dar,Online,Home,Coffee Maker,3,89.3282237722776,0.05,254.5854377509911,135,119.5854377509911
BM-12848,2025-07-27,Addis Ababa,Store,Beauty,Makeup Kit,1,72.53717070314917,0.05,68.9103121679917,35,33.910312167991705
BM-12849,2025-07-27,Addis Ababa,Store,Electronics,Wireless Earbuds,1,43.0567711450852,0.05,40.90393258783094,25,15.903932587830937
BM-12850,2025-07-27,Bahir Dar,Store,Fashion,Jeans,2,48.6204489903463,0.05,92.37885308165797,50,42.378853081657965
BM-12851,2025-07-27,Addis Ababa,Online,Home,Desk Lamp,1,28.691849904461986,0.05,27.257257409238886,14,13.257257409238886
BM-12852,2025-07-27,Nairobi,Store,Electronics,Smart Watch,1,82.92980073815046,0.05,78.78331070124294,48,30.78331070124294
BM-12853,2025-07-27,Nairobi,Online,Beauty,Makeup Kit,1,70.70384810299393,0.05,67.16865569784423,35,32.16865569784423
BM-12854,2025-07-27,Addis Ababa,Online,Fashion,Hoodie,1,40.61253612795689,0.05,38.581909321559046,20,18.581909321559046
BM-12855,2025-07-27,Bahir Dar,Online,Fashion,T-Shirt,1,19.81752976813351,0.02,19.42117917277084,8,11.421179172770842
BM-12856,2025-07-28,Nairobi,Store,Beauty,Hair Dryer,1,39.817026516239544,0.05,37.82617519042756,20,17.826175190427563
BM-12857,2025-07-28,Addis Ababa,Store,Electronics,Bluetooth Speaker,1,58.60091253946646,0.05,55.67086691249313,35,20.670866912493132
BM-12858,2025-07-28,Nairobi,Store,Home,Coffee Maker,1,90.87147612223177,0.05,86.32790231612017,45,41.32790231612017
BM-12859,2025-07-28,Hawassa,Online,Home,Storage Box,1,15.060136374633675,0.02,14.758933647141001,6,8.758933647141001
BM-12860,2025-07-28,Bahir Dar,Online,Beauty,Perfume,3,50.56568518578378,0.05,144.11220277948377,84,60.112202779483766
BM-12861,2025-07-28,Bahir Dar,Online,Home,Coffee Maker,2,89.51135401200577,0.05,170.07157262281095,90,80.07157262281095
BM-12862,2025-07-28,Hawassa,Store,Beauty,Makeup Kit,3,71.62163036725376,0.05,204.1216465466732,105,99.12164654667319
BM-12863,2025-07-28,Dubai,Online,Fashion,Jeans,1,51.146463606539584,0.05,48.5891404262126,25,23.5891404262126
BM-12864,2025-07-28,Addis Ababa,Online,Fashion,Jeans,2,51.79222994313222,0.05,98.40523689195122,50,48.40523689195122
BM-12865,2025-07-28,Hawassa,Store,Electronics,Tablet,4,200.16714027173737,0.08,736.6150761999935,480,256.6150761999935
BM-12866,2025-07-28,Addis Ababa,Store,Beauty,Shampoo,1,10.690524517263503,0.02,10.476714026918232,4,6.476714026918232
BM-12867,2025-07-28,Dubai,Store,Electronics,Smart Watch,3,83.18263096596408,0.05,237.07049825299762,144,93.07049825299762
BM-12868,2025-07-29,Hawassa,Store,Fashion,Jacket,2,89.25332757508315,0.05,169.58132239265797,90,79.58132239265797
BM-12869,2025-07-29,Dubai,Online,Fashion,Jacket,1,91.85169425927525,0.05,87.25910954631148,45,42.25910954631148
BM-12870,2025-07-29,Addis Ababa,Online,Home,Desk Lamp,1,29.41589712864316,0.05,27.945102272211,14,13.945102272210999
BM-12871,2025-07-29,Addis Ababa,Store,Beauty,Hair Dryer,2,40.675951960949035,0.05,77.28430872580316,40,37.28430872580316
BM-12872,2025-07-29,Bahir Dar,Store,Home,Desk Lamp,1,30.136458321382456,0.05,28.629635405313334,14,14.629635405313334
BM-12873,2025-07-29,Nairobi,Online,Electronics,Laptop,2,1193.02009520836,0.1,2147.436171375048,1000,1147.4361713750482
BM-12874,2025-07-29,Addis Ababa,Online,Electronics,Smart Watch,4,76.8010155988182,0.05,291.84385927550915,192,99.84385927550915
BM-12875,2025-07-29,Nairobi,Online,Electronics,Smart Watch,1,84.87278927606958,0.05,80.62914981226609,48,32.62914981226609
BM-12876,2025-07-29,Addis Ababa,Online,Fashion,T-Shirt,1,19.8201253909062,0.02,19.423722883088075,8,11.423722883088075
BM-12877,2025-07-29,Nairobi,Online,Home,Vacuum Cleaner,2,152.01478504483558,0.08,279.70720448249745,160,119.70720448249745
BM-12878,2025-07-30,Bahir Dar,Store,Fashion,T-Shirt,3,20.76749160056973,0.02,61.05642530567501,24,37.05642530567501
BM-12879,2025-07-30,Addis Ababa,Online,Home,Storage Box,2,14.612301118997301,0.02,28.64011019323471,12,16.64011019323471
BM-12880,2025-07-30,Dubai,Store,Electronics,Bluetooth Speaker,2,62.19122034114481,0.05,118.16331864817514,70,48.163318648175135
BM-12881,2025-07-30,Dubai,Store,Fashion,Jacket,2,93.06963664583007,0.05,176.83230962707714,90,86.83230962707714
BM-12882,2025-07-30,Addis Ababa,Online,Beauty,Makeup Kit,1,72.2176220615104,0.05,68.60674095843487,35,33.60674095843487
BM-12883,2025-07-30,Nairobi,Online,Beauty,Perfume,1,53.26510875049693,0.05,50.60185331297208,28,22.601853312972082
BM-12884,2025-07-30,Hawassa,Store,Beauty,Perfume,2,54.62318851139894,0.05,103.78405817165799,56,47.78405817165799
BM-12885,2025-07-30,Dubai,Store,Electronics,Smartphone,1,602.0518763412343,0.1,541.846688707111,350,191.84668870711096
BM-12886,2025-07-30,Bahir Dar,Store,Beauty,Makeup Kit,1,71.15210775024138,0.05,67.59450236272932,35,32.594502362729315
BM-12887,2025-07-30,Dubai,Online,Home,Coffee Maker,2,94.61057858065509,0.05,179.76009930324466,90,89.76009930324466
BM-12888,2025-07-30,Nairobi,Store,Electronics,Tablet,2,193.59726711206315,0.08,356.2189714861962,240,116.21897148619621
BM-12889,2025-07-31,Bahir Dar,Store,Electronics,Smart Watch,3,78.9422591248597,0.05,224.98543850585014,144,80.98543850585014
BM-12890,2025-07-31,Dubai,Store,Beauty,Makeup Kit,1,73.39447526429835,0.05,69.72475150108343,35,34.72475150108343
BM-12891,2025-07-31,Addis Ababa,Online,Beauty,Face Cream,1,24.943911244055563,0.02,24.445033019174453,10,14.445033019174453
BM-12892,2025-07-31,Bahir Dar,Online,Beauty,Shampoo,2,10.656934891333329,0.02,20.887592387013324,8,12.887592387013324
BM-12893,2025-07-31,Bahir Dar,Online,Electronics,Wireless Earbuds,1,44.85786119677737,0.05,42.6149681369385,25,17.6149681369385
BM-12894,2025-07-31,Dubai,Online,Electronics,Smart Watch,1,81.41436804654805,0.05,77.34364964422065,48,29.343649644220648
BM-12895,2025-07-31,Nairobi,Online,Fashion,Jacket,1,88.39542487264703,0.05,83.97565362901467,45,38.97565362901467
BM-12896,2025-07-31,Hawassa,Store,Beauty,Makeup Kit,3,68.7849834680134,0.05,196.03720288383818,105,91.03720288383818
BM-12897,2025-07-31,Dubai,Store,Home,Storage Box,3,14.232505095826241,0.02,41.843564981729145,18,23.843564981729145
BM-12898,2025-07-31,Nairobi,Online,Electronics,Smartphone,3,621.8735849996648,0.1,1679.058679499095,1050,629.058679499095
BM-12899,2025-07-31,Bahir Dar,Online,Beauty,Makeup Kit,2,69.21488778250136,0.05,131.5082867867526,70,61.50828678675259
BM-12900,2025-07-31,Dubai,Online,Electronics,Tablet,4,198.4327650526945,0.08,730.2325753939158,480,250.2325753939158
BM-12901,2025-07-31,Addis Ababa,Online,Fashion,T-Shirt,1,19.465539406545354,0.02,19.076228618414447,8,11.076228618414447
BM-12902,2025-07-31,Bahir Dar,Online,Fashion,Jeans,1,52.72486163535246,0.05,50.08861855358484,25,25.088618553584837
BM-12903,2025-07-31,Nairobi,Online,Electronics,Bluetooth Speaker,1,59.31881075424325,0.05,56.35287021653109,35,21.352870216531088
BM-12904,2025-07-31,Nairobi,Store,Beauty,Shampoo,3,10.69767368910661,0.02,31.451160645973435,12,19.451160645973435
BM-12905,2025-08-01,Hawassa,Online,Electronics,Laptop,1,1265.6755823341825,0.1,1139.1080241007644,500,639.1080241007644
BM-12906,2025-08-01,Nairobi,Store,Fashion,Hoodie,1,41.783687457354326,0.05,39.694503084486605,20,19.694503084486605
BM-12907,2025-08-01,Addis Ababa,Store,Fashion,Hoodie,2,41.90524213523593,0.05,79.61996005694826,40,39.61996005694826
BM-12908,2025-08-01,Dubai,Store,Home,Water Bottle,1,11.898497552984587,0.02,11.660527601924896,4,7.660527601924896
BM-12909,2025-08-01,Hawassa,Store,Fashion,Jacket,1,87.6022948474729,0.05,83.22218010509926,45,38.222180105099255
BM-12910,2025-08-01,Bahir Dar,Store,Beauty,Makeup Kit,1,72.56908142507811,0.05,68.9406273538242,35,33.9406273538242
BM-12911,2025-08-01,Addis Ababa,Online,Electronics,Tablet,1,199.24921481254344,0.08,183.30927762753998,120,63.309277627539984
BM-12912,2025-08-01,Addis Ababa,Online,Beauty,Hair Dryer,1,40.32058119308428,0.05,38.304552133430064,20,18.304552133430064
BM-12913,2025-08-02,Addis Ababa,Online,Beauty,Makeup Kit,1,68.2399493371838,0.05,64.82795187032461,35,29.82795187032461
BM-12914,2025-08-02,Bahir Dar,Online,Electronics,Smartphone,1,585.5072615064278,0.1,526.956535355785,350,176.95653535578504
BM-12915,2025-08-02,Addis Ababa,Online,Fashion,Hoodie,1,40.9914686217272,0.05,38.941895190640835,20,18.941895190640835
BM-12916,2025-08-02,Addis Ababa,Online,Beauty,Hair Dryer,1,39.257354660480715,0.05,37.294486927456674,20,17.294486927456674
BM-12917,2025-08-02,Dubai,Store,Fashion,Sneakers,3,67.28949001957233,0.05,191.77504655578113,111,80.77504655578113
BM-12918,2025-08-02,Dubai,Store,Beauty,Face Cream,3,24.65531179730065,0.02,72.4866166840639,30,42.486616684063904
BM-12919,2025-08-02,Dubai,Online,Beauty,Makeup Kit,1,71.91791647897077,0.05,68.32202065502223,35,33.32202065502223
BM-12920,2025-08-02,Dubai,Store,Home,Desk Lamp,1,29.375963267694534,0.05,27.907165104309804,14,13.907165104309804
BM-12921,2025-08-02,Addis Ababa,Store,Fashion,Jacket,1,88.54609193795189,0.05,84.11878734105429,45,39.118787341054286
BM-12922,2025-08-02,Addis Ababa,Online,Fashion,Sneakers,3,64.84462717435557,0.05,184.80718744691336,111,73.80718744691336
BM-12923,2025-08-02,Dubai,Online,Home,Water Bottle,3,12.073980942594762,0.02,35.4975039712286,12,23.497503971228603
BM-12924,2025-08-02,Dubai,Store,Beauty,Perfume,1,54.534833076020035,0.05,51.80809142221903,28,23.80809142221903
BM-12925,2025-08-02,Bahir Dar,Online,Fashion,Jacket,1,93.20716332520307,0.05,88.54680515894292,45,43.54680515894292
BM-12926,2025-08-02,Bahir Dar,Online,Beauty,Makeup Kit,3,70.929238236823,0.05,202.14832897494554,105,97.14832897494554
BM-12927,2025-08-02,Addis Ababa,Online,Fashion,T-Shirt,1,19.703568635360163,0.02,19.30949726265296,8,11.309497262652961
BM-12928,2025-08-02,Addis Ababa,Online,Fashion,Sneakers,1,66.32860553478534,0.05,63.01217525804607,37,26.01217525804607
BM-12929,2025-08-03,Dubai,Store,Electronics,Smartphone,1,604.7832879636824,0.1,544.3049591673141,350,194.3049591673141
BM-12930,2025-08-03,Dubai,Store,Home,Coffee Maker,1,87.82937872820686,0.05,83.43790979179651,45,38.437909791796514
BM-12931,2025-08-03,Addis Ababa,Store,Fashion,T-Shirt,1,20.133959562175075,0.02,19.731280370931575,8,11.731280370931575
BM-12932,2025-08-03,Addis Ababa,Online,Electronics,Smart Watch,1,79.22726008052123,0.05,75.26589707649516,48,27.265897076495165
BM-12933,2025-08-03,Dubai,Store,Home,Vacuum Cleaner,1,147.82410255177214,0.08,135.99817434763037,80,55.99817434763037
BM-12934,2025-08-03,Nairobi,Store,Electronics,Phone Charger,1,17.580436529224073,0.02,17.228827798639593,7,10.228827798639593
BM-12935,2025-08-03,Addis Ababa,Store,Beauty,Makeup Kit,1,69.71785731801792,0.05,66.23196445211703,35,31.231964452117026
BM-12936,2025-08-03,Nairobi,Online,Home,Water Bottle,1,12.136337586883036,0.02,11.893610835145374,4,7.893610835145374
BM-12937,2025-08-03,Hawassa,Online,Electronics,Smart Watch,2,82.66208793357666,0.05,157.05796707379565,96,61.05796707379565
BM-12938,2025-08-03,Bahir Dar,Online,Beauty,Makeup Kit,2,71.24326156322304,0.05,135.3621969701238,70,65.36219697012379
BM-12939,2025-08-03,Bahir Dar,Online,Electronics,Wireless Earbuds,1,44.23379586213717,0.05,42.02210606903031,25,17.022106069030308
BM-12940,2025-08-03,Nairobi,Store,Electronics,Smart Watch,1,81.5864529631118,0.05,77.5071303149562,48,29.5071303149562
BM-12941,2025-08-03,Addis Ababa,Online,Electronics,Phone Charger,1,18.154019441147394,0.02,17.790939052324447,7,10.790939052324447
BM-12942,2025-08-03,Addis Ababa,Store,Electronics,Wireless Earbuds,1,44.3618102255757,0.05,42.143719714296914,25,17.143719714296914
BM-12943,2025-08-03,Dubai,Store,Fashion,T-Shirt,2,19.376706252978572,0.02,37.978344255838,16,21.978344255838003
BM-12944,2025-08-03,Nairobi,Online,Electronics,Smart Watch,1,81.25880322412414,0.05,77.19586306291792,48,29.195863062917923
BM-12945,2025-08-04,Addis Ababa,Online,Beauty,Hair Dryer,1,40.39457089154616,0.05,38.37484234696885,20,18.374842346968848
BM-12946,2025-08-04,Addis Ababa,Online,Fashion,Jacket,1,90.72664289785538,0.05,86.19031075296262,45,41.19031075296262
BM-12947,2025-08-04,Dubai,Store,Beauty,Face Cream,2,24.388789838216436,0.02,47.802028082904215,20,27.802028082904215
BM-12948,2025-08-04,Dubai,Online,Electronics,Bluetooth Speaker,1,59.24896196422591,0.05,56.286513866014616,35,21.286513866014616
BM-12949,2025-08-04,Nairobi,Store,Home,Water Bottle,2,12.250980360133976,0.02,24.011921505862592,8,16.011921505862592
BM-12950,2025-08-04,Dubai,Online,Electronics,Tablet,1,208.1526094828296,0.08,191.50040072420325,120,71.50040072420325
BM-12951,2025-08-04,Addis Ababa,Online,Beauty,Shampoo,3,11.18316875233554,0.02,32.87851613186648,12,20.878516131866483
BM-12952,2025-08-04,Nairobi,Store,Beauty,Face Cream,4,24.147323030863934,0.02,94.65750628098662,40,54.657506280986624
BM-12953,2025-08-04,Nairobi,Store,Electronics,Phone Charger,2,18.457045228146573,0.02,36.17580864716728,14,22.17580864716728
BM-12954,2025-08-04,Nairobi,Online,Fashion,Sneakers,2,62.63878043093176,0.05,119.01368281877033,74,45.013682818770334
BM-12955,2025-08-04,Addis Ababa,Store,Fashion,Sneakers,3,63.99327895400847,0.05,182.3808450189241,111,71.3808450189241
BM-12956,2025-08-05,Bahir Dar,Online,Beauty,Makeup Kit,3,68.93395562980199,0.05,196.46177354493565,105,91.46177354493565
BM-12957,2025-08-05,Addis Ababa,Online,Fashion,Jacket,2,91.06659375175437,0.05,173.0265281283333,90,83.0265281283333
BM-12958,2025-08-05,Addis Ababa,Store,Home,Water Bottle,2,11.710228652512468,0.02,22.952048158924438,8,14.952048158924438
BM-12959,2025-08-05,Bahir Dar,Online,Home,Storage Box,1,15.123928529866221,0.02,14.821449959268897,6,8.821449959268897
BM-12960,2025-08-05,Dubai,Online,Home,Coffee Maker,1,89.42234866555307,0.05,84.95123123227542,45,39.95123123227542
BM-12961,2025-08-05,Bahir Dar,Online,Electronics,Laptop,1,1175.529411295099,0.1,1057.976470165589,500,557.976470165589
BM-12962,2025-08-05,Addis Ababa,Online,Electronics,Smartphone,1,627.6645625980719,0.1,564.8981063382647,350,214.8981063382647
BM-12963,2025-08-05,Nairobi,Store,Beauty,Hair Dryer,3,39.86898956544661,0.05,113.62662026152283,60,53.62662026152283
BM-12964,2025-08-05,Nairobi,Store,Beauty,Perfume,1,52.610592177712974,0.05,49.98006256882732,28,21.98006256882732
BM-12965,2025-08-05,Addis Ababa,Store,Fashion,Hoodie,1,40.95937199967411,0.05,38.91140339969041,20,18.911403399690407
BM-12966,2025-08-05,Dubai,Store,Beauty,Face Cream,3,24.23048035550668,0.02,71.23761224518964,30,41.23761224518964
BM-12967,2025-08-06,Dubai,Store,Beauty,Perfume,2,56.49412149626622,0.05,107.33883084290581,56,51.33883084290581
BM-12968,2025-08-06,Nairobi,Store,Electronics,Smartphone,1,592.9740800485764,0.1,533.6766720437188,350,183.67667204371878
BM-12969,2025-08-06,Dubai,Store,Home,Coffee Maker,2,89.53141762550749,0.05,170.10969348846422,90,80.10969348846422
BM-12970,2025-08-06,Bahir Dar,Online,Fashion,Jacket,2,92.86885376596311,0.05,176.4508221553299,90,86.45082215532989
BM-12971,2025-08-06,Addis Ababa,Online,Home,Storage Box,4,15.206240233735192,0.02,59.608461716241955,24,35.608461716241955
BM-12972,2025-08-06,Addis Ababa,Online,Electronics,Bluetooth Speaker,2,61.0254262748264,0.05,115.94830992217015,70,45.948309922170154
BM-12973,2025-08-06,Dubai,Online,Fashion,T-Shirt,3,19.720682105473664,0.02,57.97880539009257,24,33.97880539009257
BM-12974,2025-08-06,Dubai,Online,Home,Vacuum Cleaner,1,155.06033136319482,0.08,142.65550485413925,80,62.65550485413925
BM-12975,2025-08-07,Addis Ababa,Store,Home,Water Bottle,1,12.063205714040716,0.02,11.821941599759901,4,7.821941599759901
BM-12976,2025-08-07,Dubai,Online,Fashion,Jacket,2,89.06143140311568,0.05,169.21671966591978,90,79.21671966591978
BM-12977,2025-08-07,Dubai,Store,Electronics,Wireless Earbuds,1,45.41979653263397,0.05,43.14880670600227,25,18.14880670600227
BM-12978,2025-08-07,Addis Ababa,Store,Fashion,Jacket,2,88.20536926867457,0.05,167.59020161048167,90,77.59020161048167
BM-12979,2025-08-07,Dubai,Store,Fashion,Hoodie,2,42.34260536578151,0.05,80.45095019498487,40,40.45095019498487
BM-12980,2025-08-07,Bahir Dar,Online,Home,Storage Box,1,15.206840236078774,0.02,14.902703431357198,6,8.902703431357198
BM-12981,2025-08-07,Addis Ababa,Online,Home,Vacuum Cleaner,4,150.7802830367786,0.08,554.8714415753452,320,234.87144157534522
BM-12982,2025-08-07,Dubai,Online,Home,Desk Lamp,3,29.05523377001198,0.05,82.80741624453414,42,40.80741624453414
BM-12983,2025-08-07,Dubai,Online,Electronics,Wireless Earbuds,1,46.31235772645619,0.05,43.99673984013338,25,18.99673984013338
BM-12984,2025-08-07,Dubai,Store,Fashion,Sneakers,1,63.600590438678836,0.05,60.42056091674489,37,23.42056091674489
BM-12985,2025-08-07,Dubai,Online,Beauty,Makeup Kit,2,70.0107963893349,0.05,133.0205131397363,70,63.020513139736295
BM-12986,2025-08-07,Dubai,Online,Electronics,Bluetooth Speaker,1,60.085235170539065,0.05,57.080973412012106,35,22.080973412012106
BM-12987,2025-08-07,Dubai,Online,Electronics,Bluetooth Speaker,1,60.77410280651206,0.05,57.73539766618646,35,22.735397666186458
BM-12988,2025-08-07,Hawassa,Online,Beauty,Face Cream,4,23.550850277825003,0.02,92.31933308907401,40,52.31933308907401
BM-12989,2025-08-07,Dubai,Store,Beauty,Shampoo,2,11.439298284167714,0.02,22.42102463696872,8,14.42102463696872
BM-12990,2025-08-08,Addis Ababa,Online,Electronics,Phone Charger,1,17.973483919801982,0.02,17.614014241405943,7,10.614014241405943
BM-12991,2025-08-08,Dubai,Online,Beauty,Shampoo,2,10.350989407367667,0.02,20.287939238440625,8,12.287939238440625
BM-12992,2025-08-08,Nairobi,Online,Electronics,Smart Watch,2,77.09737551835781,0.05,146.48501348487983,96,50.48501348487983
BM-12993,2025-08-08,Addis Ababa,Store,Fashion,Jeans,1,48.5122236323072,0.05,46.08661245069184,25,21.086612450691838
BM-12994,2025-08-08,Addis Ababa,Online,Beauty,Shampoo,1,10.823335761179775,0.02,10.606869045956179,4,6.606869045956179
BM-12995,2025-08-08,Hawassa,Online,Electronics,Laptop,2,1212.2733059739012,0.1,2182.091950753022,1000,1182.091950753022
BM-12996,2025-08-08,Addis Ababa,Online,Home,Desk Lamp,2,29.012088645302434,0.05,55.12296842607462,28,27.12296842607462
BM-12997,2025-08-08,Dubai,Store,Home,Storage Box,1,14.768658338205631,0.02,14.473285171441518,6,8.473285171441518
BM-12998,2025-08-08,Dubai,Online,Beauty,Hair Dryer,1,39.85517892199035,0.05,37.86241997589083,20,17.86241997589083
BM-12999,2025-08-08,Addis Ababa,Store,Beauty,Shampoo,2,10.83798180366243,0.02,21.242444335178362,8,13.242444335178362
BM-13000,2025-08-08,Nairobi,Store,Home,Vacuum Cleaner,2,146.58816965535166,0.08,269.72223216584706,160,109.72223216584706
BM-13001,2025-08-08,Addis Ababa,Online,Electronics,Smart Watch,2,79.48096628567387,0.05,151.01383594278036,96,55.01383594278036
BM-13002,2025-08-08,Dubai,Online,Beauty,Perfume,2,54.995970664490265,0.05,104.4923442625315,56,48.4923442625315
BM-13003,2025-08-08,Dubai,Online,Home,Vacuum Cleaner,2,149.9632094182296,0.08,275.9323053295425,160,115.93230532954249
BM-13004,2025-08-08,Bahir Dar,Store,Fashion,Hoodie,2,42.05487247431672,0.05,79.90425770120176,40,39.90425770120176
BM-13005,2025-08-08,Addis Ababa,Store,Fashion,Jacket,1,89.87318752225742,0.05,85.37952814614455,45,40.37952814614455
BM-13006,2025-08-08,Addis Ababa,Store,Fashion,Jeans,2,49.24546286169405,0.05,93.56637943721869,50,43.566379437218686
BM-13007,2025-08-09,Hawassa,Store,Electronics,Wireless Earbuds,3,45.37375349514279,0.05,129.31519746115694,75,54.31519746115694
BM-13008,2025-08-09,Nairobi,Online,Beauty,Shampoo,1,10.743455140985121,0.02,10.528586038165418,4,6.528586038165418
BM-13009,2025-08-09,Addis Ababa,Store,Beauty,Hair Dryer,1,40.819890771329014,0.05,38.77889623276256,20,18.778896232762563
BM-13010,2025-08-09,Addis Ababa,Store,Electronics,Smart Watch,1,80.47258439719334,0.05,76.44895517733367,48,28.448955177333673
BM-13011,2025-08-09,Addis Ababa,Online,Electronics,Tablet,1,197.7007614117682,0.08,181.88470049882676,120,61.88470049882676
BM-13012,2025-08-09,Addis Ababa,Store,Home,Desk Lamp,1,29.213326570276614,0.05,27.752660241762783,14,13.752660241762783
BM-13013,2025-08-09,Bahir Dar,Online,Electronics,Wireless Earbuds,2,46.25258550960057,0.05,87.87991246824109,50,37.87991246824109
BM-13014,2025-08-09,Bahir Dar,Online,Electronics,Laptop,3,1158.3535999036399,0.1,3127.5547197398278,1500,1627.5547197398278
BM-13015,2025-08-09,Addis Ababa,Store,Fashion,Jacket,2,92.17078478182086,0.05,175.12449108545962,90,85.12449108545962
BM-13016,2025-08-09,Nairobi,Online,Electronics,Smart Watch,2,80.5693521305968,0.05,153.0817690481339,96,57.08176904813391
BM-13017,2025-08-09,Addis Ababa,Online,Fashion,Jeans,1,50.44513061553852,0.05,47.92287408476159,25,22.922874084761588
BM-13018,2025-08-09,Addis Ababa,Online,Beauty,Face Cream,1,23.81066778700349,0.02,23.334454431263417,10,13.334454431263417
BM-13019,2025-08-09,Nairobi,Online,Fashion,Jacket,1,93.66609413880593,0.05,88.98278943186563,45,43.982789431865626
BM-13020,2025-08-09,Dubai,Store,Electronics,Laptop,2,1193.2370295199985,0.1,2147.8266531359973,1000,1147.8266531359973
BM-13021,2025-08-09,Dubai,Store,Fashion,Hoodie,2,40.920283306657936,0.05,77.74853828265007,40,37.748538282650074
BM-13022,2025-08-09,Nairobi,Store,Home,Desk Lamp,1,29.09167455730505,0.05,27.637090829439796,14,13.637090829439796
BM-13023,2025-08-09,Addis Ababa,Online,Home,Storage Box,1,15.25839630636518,0.02,14.953228380237876,6,8.953228380237876
BM-13024,2025-08-09,Bahir Dar,Store,Beauty,Face Cream,1,23.907432434389378,0.02,23.42928378570159,10,13.429283785701589
BM-13025,2025-08-09,Addis Ababa,Store,Home,Desk Lamp,1,29.080465426585796,0.05,27.626442155256505,14,13.626442155256505
BM-13026,2025-08-09,Addis Ababa,Store,Fashion,Hoodie,3,40.62215679942782,0.05,115.77314687836929,60,55.77314687836929
BM-13027,2025-08-09,Hawassa,Online,Beauty,Perfume,1,54.68921560426606,0.05,51.954754824052756,28,23.954754824052756
BM-13028,2025-08-10,Dubai,Store,Home,Water Bottle,1,12.087853127981418,0.02,11.84609606542179,4,7.84609606542179
BM-13029,2025-08-10,Addis Ababa,Online,Electronics,Laptop,1,1210.974021992811,0.1,1089.87661979353,500,589.8766197935299
BM-13030,2025-08-10,Dubai,Store,Beauty,Makeup Kit,1,72.40195249717019,0.05,68.78185487231167,35,33.78185487231167
BM-13031,2025-08-10,Bahir Dar,Online,Electronics,Smartphone,2,598.8278249728385,0.1,1077.8900849511092,700,377.8900849511092
BM-13032,2025-08-10,Addis Ababa,Store,Beauty,Shampoo,1,10.998297009009766,0.02,10.778331068829571,4,6.778331068829571
BM-13033,2025-08-10,Hawassa,Online,Fashion,Hoodie,2,43.009426070428994,0.05,81.71790953381509,40,41.71790953381509
BM-13034,2025-08-10,Addis Ababa,Store,Electronics,Phone Charger,3,18.185771838220397,0.02,53.466169204367965,21,32.466169204367965
BM-13035,2025-08-10,Addis Ababa,Online,Electronics,Laptop,1,1176.2925856216727,0.1,1058.6633270595055,500,558.6633270595055
BM-13036,2025-08-10,Addis Ababa,Store,Fashion,Jeans,1,51.95601826483958,0.05,49.358217351597595,25,24.358217351597595
BM-13037,2025-08-10,Bahir Dar,Online,Beauty,Perfume,1,55.28839584586656,0.05,52.52397605357323,28,24.52397605357323
BM-13038,2025-08-10,Dubai,Online,Beauty,Hair Dryer,1,40.65773172215267,0.05,38.62484513604503,20,18.624845136045032
BM-13039,2025-08-11,Addis Ababa,Online,Fashion,Hoodie,3,39.94263860553125,0.05,113.83652002576406,60,53.83652002576406
BM-13040,2025-08-11,Bahir Dar,Store,Fashion,Hoodie,3,40.75457779918472,0.05,116.15054672767646,60,56.150546727676456
BM-13041,2025-08-11,Bahir Dar,Online,Electronics,Tablet,1,204.29217227898243,0.08,187.94879849666384,120,67.94879849666384
BM-13042,2025-08-11,Dubai,Online,Electronics,Wireless Earbuds,2,46.231204819780395,0.05,87.83928915758274,50,37.83928915758274
BM-13043,2025-08-11,Nairobi,Online,Electronics,Tablet,1,199.63762561932998,0.08,183.6666155697836,120,63.6666155697836
BM-13044,2025-08-11,Bahir Dar,Store,Fashion,T-Shirt,2,20.332887133011784,0.02,39.852458780703095,16,23.852458780703095
BM-13045,2025-08-11,Dubai,Store,Beauty,Makeup Kit,1,68.40499476498896,0.05,64.9847450267395,35,29.984745026739503
BM-13046,2025-08-11,Nairobi,Online,Electronics,Smartphone,1,617.2948395801359,0.1,555.5653556221223,350,205.5653556221223
BM-13047,2025-08-11,Dubai,Store,Fashion,Sneakers,1,64.73168056846983,0.05,61.49509654004633,37,24.495096540046333
BM-13048,2025-08-11,Bahir Dar,Online,Beauty,Shampoo,1,11.066816661444733,0.02,10.845480328215839,4,6.845480328215839
BM-13049,2025-08-11,Addis Ababa,Online,Home,Vacuum Cleaner,3,147.8048913577387,0.08,407.94150014735885,240,167.94150014735885
BM-13050,2025-08-11,Bahir Dar,Online,Electronics,Smartphone,2,613.5805206246987,0.1,1104.4449371244577,700,404.44493712445774
BM-13051,2025-08-11,Addis Ababa,Online,Home,Desk Lamp,1,30.067320656414793,0.05,28.563954623594054,14,14.563954623594054
BM-13052,2025-08-12,Nairobi,Store,Electronics,Smart Watch,1,80.40832603064766,0.05,76.38790972911526,48,28.387909729115265
BM-13053,2025-08-12,Bahir Dar,Online,Electronics,Tablet,1,201.46901780379758,0.08,185.3514963794938,120,65.3514963794938
BM-13054,2025-08-12,Dubai,Online,Fashion,Hoodie,1,41.14046961002818,0.05,39.08344612952676,20,19.083446129526763
BM-13055,2025-08-12,Dubai,Online,Electronics,Wireless Earbuds,2,46.36280426886739,0.05,88.08932811084804,50,38.089328110848044
BM-13056,2025-08-12,Bahir Dar,Online,Electronics,Smartphone,2,610.852932700932,0.1,1099.5352788616776,700,399.5352788616776
BM-13057,2025-08-12,Addis Ababa,Online,Electronics,Phone Charger,2,17.33722870568864,0.02,33.980968263149734,14,19.980968263149734
BM-13058,2025-08-12,Dubai,Store,Fashion,T-Shirt,1,19.379274018723837,0.02,18.99168853834936,8,10.991688538349361
BM-13059,2025-08-12,Nairobi,Online,Beauty,Face Cream,2,23.734158526739304,0.02,46.51895071240904,20,26.518950712409037
BM-13060,2025-08-12,Hawassa,Online,Fashion,Hoodie,1,43.455225391696366,0.05,41.28246412211155,20,21.28246412211155
BM-13061,2025-08-12,Dubai,Online,Fashion,T-Shirt,1,19.624078763344862,0.02,19.231597188077963,8,11.231597188077963
BM-13062,2025-08-12,Dubai,Online,Fashion,Jeans,1,51.63319805123419,0.05,49.05153814867248,25,24.051538148672478
BM-13063,2025-08-12,Bahir Dar,Online,Home,Vacuum Cleaner,2,152.75906073660235,0.08,281.07667175534834,160,121.07667175534834
BM-13064,2025-08-12,Addis Ababa,Store,Home,Storage Box,3,15.227038882173895,0.02,44.76749431359125,18,26.76749431359125
BM-13065,2025-08-12,Addis Ababa,Store,Beauty,Makeup Kit,1,70.4099019600308,0.05,66.88940686202925,35,31.889406862029247
BM-13066,2025-08-12,Addis Ababa,Online,Beauty,Hair Dryer,1,40.02316635630983,0.05,38.022008038494334,20,18.022008038494334
BM-13067,2025-08-12,Dubai,Store,Beauty,Hair Dryer,1,40.677399880359204,0.05,38.64352988634124,20,18.64352988634124
BM-13068,2025-08-13,Nairobi,Store,Fashion,Jeans,1,51.04302405284393,0.05,48.49087285020173,25,23.490872850201733
BM-13069,2025-08-13,Addis Ababa,Store,Fashion,Sneakers,3,63.141837938321245,0.05,179.95423812421552,111,68.95423812421552
BM-13070,2025-08-13,Bahir Dar,Online,Fashion,Jeans,3,47.179913907142165,0.05,134.46275463535514,75,59.46275463535514
BM-13071,2025-08-13,Dubai,Online,Electronics,Laptop,2,1192.912426056906,0.1,2147.242366902431,1000,1147.242366902431
BM-13072,2025-08-13,Nairobi,Online,Beauty,Makeup Kit,3,70.39863477521388,0.05,200.63610910935955,105,95.63610910935955
BM-13073,2025-08-13,Dubai,Online,Home,Water Bottle,4,11.782638769794602,0.02,46.18794397759484,16,30.18794397759484
BM-13074,2025-08-13,Addis Ababa,Store,Home,Coffee Maker,1,85.70097293117918,0.05,81.41592428462022,45,36.41592428462022
BM-13075,2025-08-13,Addis Ababa,Store,Electronics,Wireless Earbuds,1,45.47973167339175,0.05,43.20574508972216,25,18.205745089722157
BM-13076,2025-08-13,Dubai,Store,Fashion,T-Shirt,1,19.709039194023823,0.02,19.314858410143348,8,11.314858410143348
BM-13077,2025-08-13,Nairobi,Store,Fashion,Jeans,1,52.221188553547734,0.05,49.610129125870344,25,24.610129125870344
BM-13078,2025-08-13,Addis Ababa,Online,Electronics,Phone Charger,1,17.631415652461598,0.02,17.278787339412364,7,10.278787339412364
BM-13079,2025-08-13,Addis Ababa,Online,Home,Coffee Maker,1,90.38385152373901,0.05,85.86465894755206,45,40.86465894755206
BM-13080,2025-08-13,Addis Ababa,Store,Home,Water Bottle,1,12.045604153534775,0.02,11.80469207046408,4,7.80469207046408
BM-13081,2025-08-13,Addis Ababa,Online,Electronics,Smart Watch,3,82.30761226049714,0.05,234.57669494241682,144,90.57669494241682
BM-13082,2025-08-14,Nairobi,Online,Home,Coffee Maker,1,89.52507041922107,0.05,85.04881689826001,45,40.048816898260014
BM-13083,2025-08-14,Nairobi,Online,Fashion,Sneakers,1,63.81251753020208,0.05,60.621891653691975,37,23.621891653691975
BM-13084,2025-08-14,Bahir Dar,Store,Home,Desk Lamp,3,30.027852011532723,0.05,85.57937823286825,42,43.57937823286825
BM-13085,2025-08-14,Addis Ababa,Online,Electronics,Smart Watch,1,79.65539729042364,0.05,75.67262742590245,48,27.672627425902448
BM-13086,2025-08-14,Addis Ababa,Online,Home,Storage Box,1,15.179745138579483,0.02,14.876150235807893,6,8.876150235807893
BM-13087,2025-08-14,Dubai,Store,Home,Vacuum Cleaner,2,148.42588301428862,0.08,273.1036247462911,160,113.10362474629108
BM-13088,2025-08-14,Dubai,Online,Fashion,Jacket,1,91.46280531505565,0.05,86.88966504930286,45,41.88966504930286
BM-13089,2025-08-14,Hawassa,Store,Electronics,Laptop,2,1191.9799439586045,0.1,2145.563899125488,1000,1145.5638991254882
BM-13090,2025-08-14,Bahir Dar,Store,Home,Coffee Maker,2,88.89575165379726,0.05,168.90192814221479,90,78.90192814221479
BM-13091,2025-08-14,Bahir Dar,Online,Fashion,Jacket,1,92.7152664912772,0.05,88.07950316671334,45,43.07950316671334
BM-13092,2025-08-14,Addis Ababa,Store,Beauty,Makeup Kit,1,69.08291035254287,0.05,65.62876483491573,35,30.628764834915728
BM-13093,2025-08-14,Nairobi,Online,Home,Desk Lamp,2,30.879177851147833,0.05,58.670437917180884,28,30.670437917180884
BM-13094,2025-08-14,Addis Ababa,Store,Fashion,T-Shirt,2,19.996112235712825,0.02,39.192379981997135,16,23.192379981997135
BM-13095,2025-08-14,Addis Ababa,Online,Beauty,Shampoo,1,10.813061495391164,0.02,10.59680026548334,4,6.59680026548334
BM-13096,2025-08-14,Nairobi,Store,Fashion,Sneakers,2,65.21613569573067,0.05,123.91065782188826,74,49.910657821888265
BM-13097,2025-08-15,Hawassa,Online,Electronics,Phone Charger,1,17.831875929798603,0.02,17.475238411202632,7,10.475238411202632
BM-13098,2025-08-15,Dubai,Store,Fashion,Hoodie,2,43.42505586746458,0.05,82.5076061481827,40,42.5076061481827
BM-13099,2025-08-15,Dubai,Online,Beauty,Perfume,1,56.681313545288184,0.05,53.84724786802377,28,25.84724786802377
BM-13100,2025-08-15,Addis Ababa,Store,Home,Vacuum Cleaner,2,147.0323459903797,0.08,270.53951662229866,160,110.53951662229866
BM-13101,2025-08-15,Addis Ababa,Store,Fashion,T-Shirt,2,21.279255916552223,0.02,41.707341596442355,16,25.707341596442355
BM-13102,2025-08-15,Addis Ababa,Store,Home,Coffee Maker,3,91.94516819926635,0.05,262.04372936790907,135,127.04372936790907
BM-13103,2025-08-15,Dubai,Online,Beauty,Face Cream,4,24.30217423201639,0.02,95.26452298950426,40,55.26452298950426
BM-13104,2025-08-15,Addis Ababa,Store,Beauty,Perfume,2,53.91595450150086,0.05,102.44031355285163,56,46.440313552851634
BM-13105,2025-08-15,Dubai,Store,Fashion,Sneakers,1,66.5075525074986,0.05,63.18217488212367,37,26.182174882123668
BM-13106,2025-08-15,Dubai,Store,Electronics,Smartphone,1,609.4862658319636,0.1,548.5376392487673,350,198.53763924876728
BM-13107,2025-08-15,Bahir Dar,Online,Fashion,Hoodie,1,41.07862154310377,0.05,39.02469046594858,20,19.02469046594858
BM-13108,2025-08-15,Addis Ababa,Online,Fashion,T-Shirt,1,19.917286007297708,0.02,19.518940287151754,8,11.518940287151754
BM-13109,2025-08-15,Hawassa,Online,Fashion,Hoodie,1,41.314261418545755,0.05,39.24854834761847,20,19.248548347618467
BM-13110,2025-08-16,Bahir Dar,Online,Fashion,Sneakers,1,64.90788013542499,0.05,61.66248612865374,37,24.66248612865374
BM-13111,2025-08-16,Nairobi,Online,Home,Desk Lamp,3,30.00637257610367,0.05,85.51816184189545,42,43.51816184189545
BM-13112,2025-08-16,Hawassa,Store,Fashion,Sneakers,2,66.02568244038274,0.05,125.4487966367272,74,51.448796636727195
BM-13113,2025-08-16,Dubai,Online,Home,Desk Lamp,1,29.723949641427144,0.05,28.237752159355786,14,14.237752159355786
BM-13114,2025-08-16,Dubai,Store,Home,Desk Lamp,1,28.933604116743833,0.05,27.48692391090664,14,13.48692391090664
BM-13115,2025-08-16,Addis Ababa,Online,Home,Desk Lamp,3,29.47444906463803,0.05,84.00217983421838,42,42.00217983421838
BM-13116,2025-08-16,Addis Ababa,Store,Fashion,Jacket,1,87.76981693351912,0.05,83.38132608684316,45,38.38132608684316
BM-13117,2025-08-16,Hawassa,Store,Fashion,Jeans,1,49.602541123412024,0.05,47.12241406724142,25,22.122414067241422
BM-13118,2025-08-16,Addis Ababa,Online,Fashion,Jacket,2,90.85747521287219,0.05,172.62920290445714,90,82.62920290445714
BM-13119,2025-08-16,Hawassa,Online,Beauty,Hair Dryer,2,38.690517704900614,0.05,73.51198363931117,40,33.51198363931117
BM-13120,2025-08-16,Addis Ababa,Store,Fashion,Sneakers,1,65.52865083749094,0.05,62.252218295616395,37,25.252218295616395
BM-13121,2025-08-16,Dubai,Online,Beauty,Face Cream,1,23.87719140097331,0.02,23.399647572953842,10,13.399647572953842
BM-13122,2025-08-16,Nairobi,Online,Beauty,Perfume,1,54.922409534855035,0.05,52.17628905811228,28,24.176289058112282
BM-13123,2025-08-16,Dubai,Online,Fashion,Sneakers,1,63.39014442771426,0.05,60.22063720632855,37,23.220637206328547
BM-13124,2025-08-16,Hawassa,Store,Beauty,Hair Dryer,1,39.96128069352294,0.05,37.96321665884679,20,17.96321665884679
BM-13125,2025-08-16,Addis Ababa,Store,Fashion,Jacket,2,91.02590528914489,0.05,172.94922004937527,90,82.94922004937527
BM-13126,2025-08-16,Hawassa,Store,Fashion,T-Shirt,1,20.218742349667686,0.02,19.814367502674333,8,11.814367502674333
BM-13127,2025-08-16,Dubai,Store,Home,Vacuum Cleaner,1,145.31095818560266,0.08,133.68608153075445,80,53.68608153075445
BM-13128,2025-08-17,Hawassa,Online,Beauty,Hair Dryer,1,38.361015213287494,0.05,36.442964452623116,20,16.442964452623116
BM-13129,2025-08-17,Nairobi,Online,Beauty,Shampoo,1,10.73454526297468,0.02,10.519854357715186,4,6.519854357715186
BM-13130,2025-08-17,Bahir Dar,Online,Beauty,Perfume,1,54.75959430705728,0.05,52.02161459170441,28,24.021614591704413
BM-13131,2025-08-17,Hawassa,Store,Home,Water Bottle,1,11.83662395382208,0.02,11.599891474745638,4,7.599891474745638
BM-13132,2025-08-17,Bahir Dar,Online,Beauty,Shampoo,4,10.921676140459988,0.02,42.812970470603155,16,26.812970470603155
BM-13133,2025-08-17,Nairobi,Store,Beauty,Hair Dryer,1,40.69370995246266,0.05,38.659024454839525,20,18.659024454839525
BM-13134,2025-08-17,Addis Ababa,Online,Home,Water Bottle,1,12.26131817523442,0.02,12.016091811729732,4,8.016091811729732
BM-13135,2025-08-17,Bahir Dar,Store,Beauty,Hair Dryer,1,39.73885974524089,0.05,37.75191675797884,20,17.75191675797884
BM-13136,2025-08-17,Dubai,Online,Fashion,T-Shirt,1,19.30521849705235,0.02,18.919114127111303,8,10.919114127111303
BM-13137,2025-08-17,Bahir Dar,Online,Electronics,Bluetooth Speaker,2,59.04439506749274,0.05,112.18435062823619,70,42.18435062823619
BM-13138,2025-08-17,Dubai,Store,Home,Coffee Maker,1,89.9890521340021,0.05,85.48959952730199,45,40.48959952730199
BM-13139,2025-08-17,Hawassa,Online,Fashion,Jeans,1,49.7710162283802,0.05,47.28246541696119,25,22.282465416961188
BM-13140,2025-08-17,Bahir Dar,Online,Fashion,Hoodie,1,41.75377736910218,0.05,39.66608850064707,20,19.66608850064707
BM-13141,2025-08-18,Dubai,Store,Home,Vacuum Cleaner,1,153.02370909760822,0.08,140.78181236979955,80,60.78181236979955
BM-13142,2025-08-18,Addis Ababa,Store,Electronics,Laptop,2,1196.523777076253,0.1,2153.7427987372557,1000,1153.7427987372557
BM-13143,2025-08-18,Addis Ababa,Online,Fashion,Sneakers,1,62.45853637279816,0.05,59.335609554158246,37,22.335609554158246
BM-13144,2025-08-18,Addis Ababa,Online,Electronics,Smartphone,1,616.3325091667252,0.1,554.6992582500527,350,204.6992582500527
BM-13145,2025-08-18,Addis Ababa,Online,Beauty,Makeup Kit,1,67.73627227532428,0.05,64.34945866155806,35,29.34945866155806
BM-13146,2025-08-18,Bahir Dar,Online,Fashion,T-Shirt,1,19.27536880760931,0.02,18.889861431457124,8,10.889861431457124
BM-13147,2025-08-18,Dubai,Store,Electronics,Smart Watch,1,77.75904700330992,0.05,73.87109465314441,48,25.87109465314441
BM-13148,2025-08-18,Addis Ababa,Store,Home,Vacuum Cleaner,2,148.47867726793618,0.08,273.2007661730026,160,113.20076617300259
BM-13149,2025-08-18,Addis Ababa,Store,Home,Water Bottle,2,12.38534437302591,0.02,24.275274971130784,8,16.275274971130784
BM-13150,2025-08-18,Dubai,Online,Home,Water Bottle,1,11.903471592033,0.02,11.66540216019234,4,7.66540216019234
BM-13151,2025-08-18,Dubai,Store,Electronics,Bluetooth Speaker,2,61.665011751163455,0.05,117.16352232721056,70,47.16352232721056
BM-13152,2025-08-18,Hawassa,Online,Home,Water Bottle,3,11.653222186733178,0.02,34.260473228995544,12,22.260473228995544
BM-13153,2025-08-18,Addis Ababa,Online,Beauty,Shampoo,2,11.140008106186508,0.02,21.834415888125555,8,13.834415888125555
BM-13154,2025-08-18,Dubai,Online,Beauty,Makeup Kit,1,71.46025977028346,0.05,67.88724678176928,35,32.88724678176928
BM-13155,2025-08-18,Dubai,Online,Fashion,Jacket,1,86.69933409205481,0.05,82.36436738745206,45,37.36436738745206
BM-13156,2025-08-18,Dubai,Online,Fashion,Jacket,1,89.02474996960558,0.05,84.5735124711253,45,39.5735124711253
BM-13157,2025-08-19,Addis Ababa,Online,Electronics,Laptop,3,1179.3689767924252,0.1,3184.296237339548,1500,1684.296237339548
BM-13158,2025-08-19,Nairobi,Online,Electronics,Laptop,1,1219.6448535947375,0.1,1097.6803682352638,500,597.6803682352638
BM-13159,2025-08-19,Nairobi,Store,Fashion,T-Shirt,1,20.026672893149573,0.02,19.626139435286582,8,11.626139435286582
BM-13160,2025-08-19,Hawassa,Store,Fashion,Hoodie,1,43.57711705772274,0.05,41.3982612048366,20,21.3982612048366
BM-13161,2025-08-19,Hawassa,Store,Beauty,Makeup Kit,4,69.191760083366,0.05,262.9286883167908,140,122.92868831679078
BM-13162,2025-08-19,Addis Ababa,Online,Beauty,Face Cream,3,23.58875864498562,0.02,69.35095041625773,30,39.35095041625773
BM-13163,2025-08-19,Addis Ababa,Online,Home,Desk Lamp,2,30.471157047319835,0.05,57.895198389907684,28,29.895198389907684
BM-13164,2025-08-19,Addis Ababa,Online,Home,Desk Lamp,4,28.97306479208319,0.05,110.0976462099161,56,54.09764620991611
BM-13165,2025-08-19,Addis Ababa,Store,Electronics,Smart Watch,2,79.41436328845911,0.05,150.8872902480723,96,54.887290248072304
BM-13166,2025-08-19,Hawassa,Store,Beauty,Makeup Kit,2,68.74803131721771,0.05,130.62125950271363,70,60.62125950271363
BM-13167,2025-08-19,Nairobi,Store,Beauty,Perfume,4,55.78634908849417,0.05,211.98812653627783,112,99.98812653627783
BM-13168,2025-08-19,Dubai,Online,Home,Coffee Maker,1,88.25762579471379,0.05,83.8447445049781,45,38.844744504978095
BM-13169,2025-08-19,Bahir Dar,Online,Home,Vacuum Cleaner,3,151.5600623639391,0.08,418.3057721244719,240,178.3057721244719
BM-13170,2025-08-19,Dubai,Online,Home,Water Bottle,1,11.912297498037747,0.02,11.674051548076992,4,7.674051548076992
BM-13171,2025-08-19,Addis Ababa,Online,Electronics,Wireless Earbuds,1,44.7275972607982,0.05,42.491217397758284,25,17.491217397758284
BM-13172,2025-08-19,Nairobi,Store,Fashion,Jeans,1,50.33065655013532,0.05,47.81412372262856,25,22.81412372262856
BM-13173,2025-08-19,Addis Ababa,Store,Electronics,Phone Charger,1,17.86450890517304,0.02,17.507218727069578,7,10.507218727069578
BM-13174,2025-08-20,Addis Ababa,Online,Electronics,Phone Charger,1,17.380276912526078,0.02,17.032671374275555,7,10.032671374275555
BM-13175,2025-08-20,Dubai,Store,Home,Coffee Maker,1,90.07136579915507,0.05,85.56779750919732,45,40.56779750919732
BM-13176,2025-08-20,Dubai,Store,Beauty,Makeup Kit,1,72.15675024193786,0.05,68.54891272984096,35,33.548912729840964
BM-13177,2025-08-20,Bahir Dar,Store,Home,Storage Box,1,15.306535435213377,0.02,15.000404726509108,6,9.000404726509108
BM-13178,2025-08-20,Bahir Dar,Online,Fashion,Jacket,1,91.17500386929385,0.05,86.61625367582916,45,41.61625367582916
BM-13179,2025-08-20,Bahir Dar,Store,Beauty,Perfume,1,52.72904281670999,0.05,50.09259067587449,28,22.09259067587449
BM-13180,2025-08-20,Addis Ababa,Store,Fashion,Hoodie,3,42.19752835578611,0.05,120.2629558139904,60,60.2629558139904
BM-13181,2025-08-20,Dubai,Online,Beauty,Makeup Kit,3,69.24086785873791,0.05,197.33647339740304,105,92.33647339740304
BM-13182,2025-08-20,Addis Ababa,Online,Home,Desk Lamp,3,29.784496936499647,0.05,84.88581626902399,42,42.88581626902399
BM-13183,2025-08-20,Addis Ababa,Store,Beauty,Makeup Kit,3,73.4237381031605,0.05,209.25765359400742,105,104.25765359400742
BM-13184,2025-08-20,Hawassa,Store,Beauty,Perfume,1,54.097839221190746,0.05,51.39294726013121,28,23.39294726013121
BM-13185,2025-08-20,Addis Ababa,Online,Beauty,Shampoo,1,10.757908872470825,0.02,10.542750695021407,4,6.542750695021407
BM-13186,2025-08-20,Dubai,Online,Fashion,Hoodie,1,42.00770392962268,0.05,39.907318733141544,20,19.907318733141544
BM-13187,2025-08-20,Bahir Dar,Store,Electronics,Laptop,1,1195.424939213548,0.1,1075.8824452921933,500,575.8824452921933
BM-13188,2025-08-20,Addis Ababa,Online,Fashion,T-Shirt,1,18.73729635973881,0.02,18.362550432544033,8,10.362550432544033
BM-13189,2025-08-21,Hawassa,Store,Electronics,Phone Charger,2,17.921861160672282,0.02,35.12684787491767,14,21.126847874917672
BM-13190,2025-08-21,Bahir Dar,Store,Fashion,Jeans,1,51.282992867627485,0.05,48.71884322424611,25,23.718843224246108
BM-13191,2025-08-21,Hawassa,Store,Electronics,Wireless Earbuds,2,44.50954446219546,0.05,84.56813447817136,50,34.56813447817136
BM-13192,2025-08-21,Addis Ababa,Online,Fashion,T-Shirt,1,19.666621826208285,0.02,19.27328938968412,8,11.27328938968412
BM-13193,2025-08-21,Addis Ababa,Online,Fashion,Sneakers,2,63.4148564216903,0.05,120.48822720121157,74,46.48822720121157
BM-13194,2025-08-21,Dubai,Online,Fashion,Jeans,4,50.363557501766984,0.05,191.38151850671454,100,91.38151850671454
BM-13195,2025-08-21,Addis Ababa,Online,Electronics,Phone Charger,1,17.205563412715485,0.02,16.861452144461175,7,9.861452144461175
BM-13196,2025-08-21,Dubai,Online,Fashion,Sneakers,1,68.00449961051733,0.05,64.60427462999147,37,27.604274629991465
BM-13197,2025-08-21,Addis Ababa,Store,Fashion,Sneakers,1,65.15510249074053,0.05,61.897347366203505,37,24.897347366203505
BM-13198,2025-08-21,Nairobi,Store,Beauty,Hair Dryer,1,40.01182771913498,0.05,38.011236333178225,20,18.011236333178225
BM-13199,2025-08-21,Dubai,Online,Fashion,Jacket,1,90.15045221440074,0.05,85.6429296036807,45,40.6429296036807
BM-13200,2025-08-21,Dubai,Online,Fashion,Hoodie,1,40.617610088955814,0.05,38.58672958450802,20,18.58672958450802
BM-13201,2025-08-22,Bahir Dar,Online,Electronics,Smartphone,3,622.1844860154773,0.1,1679.8981122417888,1050,629.8981122417888
BM-13202,2025-08-22,Hawassa,Online,Beauty,Hair Dryer,1,40.77031745715458,0.05,38.73180158429685,20,18.731801584296853
BM-13203,2025-08-22,Hawassa,Online,Home,Coffee Maker,1,83.5578001967196,0.05,79.37991018688362,45,34.37991018688362
BM-13204,2025-08-22,Addis Ababa,Online,Fashion,Jacket,3,89.79967419946927,0.05,255.9290714684874,135,120.9290714684874
BM-13205,2025-08-22,Bahir Dar,Online,Home,Water Bottle,1,11.962760739025786,0.02,11.72350552424527,4,7.723505524245271
BM-13206,2025-08-22,Addis Ababa,Online,Beauty,Makeup Kit,1,72.14475016475149,0.05,68.53751265651391,35,33.53751265651391
BM-13207,2025-08-22,Bahir Dar,Online,Fashion,Jeans,1,51.551530655074565,0.05,48.97395412232083,25,23.973954122320833
BM-13208,2025-08-22,Hawassa,Online,Fashion,Jacket,3,88.8828304274197,0.05,253.31606671814615,135,118.31606671814615
BM-13209,2025-08-22,Bahir Dar,Store,Home,Vacuum Cleaner,1,152.40842783337672,0.08,140.21575360670658,80,60.215753606706585
BM-13210,2025-08-22,Addis Ababa,Online,Electronics,Smartphone,1,608.7033620294824,0.1,547.8330258265341,350,197.83302582653414
BM-13211,2025-08-22,Addis Ababa,Store,Electronics,Smart Watch,3,78.38863712348494,0.05,223.40761580193205,144,79.40761580193205
BM-13212,2025-08-22,Nairobi,Store,Home,Coffee Maker,1,87.83840891367996,0.05,83.44648846799595,45,38.44648846799595
BM-13213,2025-08-22,Dubai,Online,Beauty,Perfume,1,53.943231878109614,0.05,51.24607028420413,28,23.24607028420413
BM-13214,2025-08-23,Dubai,Online,Fashion,Hoodie,2,41.262730211753166,0.05,78.39918740233101,40,38.39918740233101
BM-13215,2025-08-23,Addis Ababa,Store,Beauty,Hair Dryer,1,39.87868803960855,0.05,37.884753637628116,20,17.884753637628116
BM-13216,2025-08-23,Nairobi,Online,Beauty,Perfume,1,54.999128941795824,0.05,52.24917249470603,28,24.24917249470603
BM-13217,2025-08-23,Nairobi,Store,Fashion,Sneakers,3,65.39725654537575,0.05,186.3821811543209,111,75.3821811543209
BM-13218,2025-08-23,Hawassa,Store,Fashion,Jacket,4,87.36915237916146,0.05,332.00277904081355,180,152.00277904081355
BM-13219,2025-08-23,Bahir Dar,Store,Fashion,Sneakers,1,63.53200445284807,0.05,60.355404230205664,37,23.355404230205664
BM-13220,2025-08-23,Dubai,Store,Electronics,Smart Watch,2,79.92597875902385,0.05,151.8593596421453,96,55.85935964214531
BM-13221,2025-08-23,Addis Ababa,Store,Home,Vacuum Cleaner,1,154.883116023922,0.08,142.49246674200825,80,62.49246674200825
BM-13222,2025-08-23,Addis Ababa,Online,Home,Coffee Maker,2,92.29945543723761,0.05,175.36896533075145,90,85.36896533075145
BM-13223,2025-08-23,Dubai,Store,Home,Coffee Maker,1,84.42129922523173,0.05,80.20023426397015,45,35.200234263970145
BM-13224,2025-08-23,Addis Ababa,Online,Electronics,Phone Charger,1,18.76461274931848,0.02,18.38932049433211,7,11.389320494332111
BM-13225,2025-08-23,Addis Ababa,Online,Home,Coffee Maker,4,91.40038882133295,0.05,347.3214775210652,180,167.32147752106522
BM-13226,2025-08-23,Dubai,Store,Fashion,Hoodie,3,39.71266034042065,0.05,113.18108197019883,60,53.18108197019883
BM-13227,2025-08-23,Addis Ababa,Online,Electronics,Phone Charger,1,17.883967814068427,0.02,17.526288457787057,7,10.526288457787057
BM-13228,2025-08-23,Addis Ababa,Online,Home,Coffee Maker,1,88.74478475084189,0.05,84.30754551329979,45,39.307545513299786
BM-13229,2025-08-23,Dubai,Store,Fashion,Sneakers,1,64.19775444680235,0.05,60.98786672446223,37,23.98786672446223
BM-13230,2025-08-23,Bahir Dar,Online,Beauty,Hair Dryer,2,40.22700020116483,0.05,76.43130038221317,40,36.431300382213166
BM-13231,2025-08-24,Addis Ababa,Store,Home,Desk Lamp,1,28.929270822935354,0.05,27.482807281788585,14,13.482807281788585
BM-13232,2025-08-24,Addis Ababa,Online,Electronics,Wireless Earbuds,1,44.07652236229035,0.05,41.87269624417583,25,16.872696244175827
BM-13233,2025-08-24,Bahir Dar,Online,Electronics,Bluetooth Speaker,1,61.06981434521338,0.05,58.01632362795271,35,23.01632362795271
BM-13234,2025-08-24,Dubai,Store,Beauty,Hair Dryer,1,39.65175879874627,0.05,37.669170858808954,20,17.669170858808954
BM-13235,2025-08-24,Addis Ababa,Store,Beauty,Perfume,1,55.56002399728024,0.05,52.782022797416225,28,24.782022797416225
BM-13236,2025-08-24,Addis Ababa,Online,Electronics,Tablet,1,197.86313734093991,0.08,182.03408635366472,120,62.03408635366472
BM-13237,2025-08-24,Nairobi,Store,Fashion,Jeans,1,49.74550748431972,0.05,47.25823211010373,25,22.258232110103727
BM-13238,2025-08-24,Dubai,Store,Home,Coffee Maker,1,88.74684425210991,0.05,84.30950203950441,45,39.30950203950441
BM-13239,2025-08-24,Nairobi,Store,Fashion,Sneakers,1,68.82297448510992,0.05,65.38182576085443,37,28.381825760854426
BM-13240,2025-08-24,Addis Ababa,Online,Fashion,Sneakers,2,65.04333711354683,0.05,123.58234051573896,74,49.58234051573896
BM-13241,2025-08-24,Addis Ababa,Store,Electronics,Wireless Earbuds,1,45.021661260386104,0.05,42.770578197366795,25,17.770578197366795
BM-13242,2025-08-24,Dubai,Store,Fashion,Jacket,1,86.28769520607409,0.05,81.97331044577038,45,36.97331044577038
BM-13243,2025-08-24,Bahir Dar,Online,Beauty,Perfume,1,54.2639089920561,0.05,51.550713542453295,28,23.550713542453295
BM-13244,2025-08-24,Dubai,Online,Home,Coffee Maker,1,89.39907306285122,0.05,84.92911940970865,45,39.92911940970865
BM-13245,2025-08-25,Addis Ababa,Online,Electronics,Phone Charger,2,17.066941102946508,0.02,33.45120456177516,14,19.451204561775157
BM-13246,2025-08-25,Bahir Dar,Store,Home,Coffee Maker,2,91.93000196512708,0.05,174.66700373374144,90,84.66700373374144
BM-13247,2025-08-25,Addis Ababa,Online,Electronics,Laptop,1,1215.4334837832318,0.1,1093.8901354049087,500,593.8901354049087
BM-13248,2025-08-25,Hawassa,Online,Home,Vacuum Cleaner,2,154.28436856097287,0.08,283.8832381521901,160,123.88323815219007
BM-13249,2025-08-25,Addis Ababa,Store,Home,Coffee Maker,1,88.99022493864132,0.05,84.54071369170924,45,39.54071369170924
BM-13250,2025-08-25,Dubai,Store,Home,Coffee Maker,2,93.1775018148146,0.05,177.03725344814774,90,87.03725344814774
BM-13251,2025-08-25,Dubai,Online,Fashion,Hoodie,2,42.716747160153986,0.05,81.16181960429257,40,41.161819604292575
BM-13252,2025-08-25,Hawassa,Online,Home,Storage Box,3,14.297694736454522,0.02,42.035222525176295,18,24.035222525176295
BM-13253,2025-08-26,Dubai,Store,Home,Storage Box,1,14.854250292282233,0.02,14.557165286436588,6,8.557165286436588
BM-13254,2025-08-26,Bahir Dar,Store,Home,Desk Lamp,1,30.797001854699772,0.05,29.25715176196478,14,15.257151761964781
BM-13255,2025-08-26,Addis Ababa,Store,Home,Storage Box,2,15.186616904263575,0.02,29.765769132356606,12,17.765769132356606
BM-13256,2025-08-26,Addis Ababa,Online,Fashion,Sneakers,2,65.5156815060221,0.05,124.47979486144199,74,50.47979486144199
BM-13257,2025-08-26,Addis Ababa,Store,Fashion,T-Shirt,1,19.91959707033217,0.02,19.521205128925526,8,11.521205128925526
BM-13258,2025-08-26,Dubai,Online,Fashion,T-Shirt,2,20.62325120872425,0.02,40.42157236909953,16,24.42157236909953
BM-13259,2025-08-26,Bahir Dar,Online,Electronics,Bluetooth Speaker,2,59.57997843941905,0.05,113.20195903489619,70,43.20195903489619
BM-13260,2025-08-26,Addis Ababa,Online,Fashion,Sneakers,1,64.27185468468585,0.05,61.05826195045155,37,24.058261950451552
BM-13261,2025-08-26,Bahir Dar,Store,Electronics,Wireless Earbuds,1,45.318633499398786,0.05,43.052701824428844,25,18.052701824428844
BM-13262,2025-08-26,Bahir Dar,Online,Electronics,Phone Charger,1,18.271350088475803,0.02,17.905923086706288,7,10.905923086706288
BM-13263,2025-08-26,Bahir Dar,Store,Home,Desk Lamp,4,28.59502177701948,0.05,108.66108275267402,56,52.66108275267402
BM-13264,2025-08-26,Addis Ababa,Online,Electronics,Tablet,1,195.3779710156911,0.08,179.74773333443582,120,59.74773333443582
BM-13265,2025-08-26,Hawassa,Store,Fashion,Hoodie,2,42.32486322608405,0.05,80.41724012955969,40,40.41724012955969
BM-13266,2025-08-26,Addis Ababa,Online,Home,Desk Lamp,1,30.312918340814644,0.05,28.79727242377391,14,14.797272423773911
BM-13267,2025-08-26,Dubai,Store,Electronics,Laptop,1,1215.395183693547,0.1,1093.8556653241924,500,593.8556653241924
BM-13268,2025-08-26,Bahir Dar,Online,Fashion,Jeans,1,50.28435435855172,0.05,47.77013664062413,25,22.77013664062413
BM-13269,2025-08-26,Addis Ababa,Store,Fashion,Jeans,2,50.40250402942317,0.05,95.76475765590402,50,45.76475765590402
BM-13270,2025-08-27,Addis Ababa,Store,Home,Storage Box,1,14.353193535809698,0.02,14.066129665093504,6,8.066129665093504
BM-13271,2025-08-27,Hawassa,Online,Electronics,Smart Watch,1,81.21597755634323,0.05,77.15517867852607,48,29.15517867852607
BM-13272,2025-08-27,Dubai,Store,Beauty,Shampoo,4,10.816630891791627,0.02,42.401193095823174,16,26.401193095823174
BM-13273,2025-08-27,Dubai,Online,Fashion,Jeans,1,50.50595814081157,0.05,47.98066023377099,25,22.98066023377099
BM-13274,2025-08-27,Nairobi,Online,Fashion,Sneakers,1,65.95586225688352,0.05,62.65806914403934,37,25.658069144039338
BM-13275,2025-08-27,Dubai,Online,Home,Vacuum Cleaner,1,155.970834378521,0.08,143.49316762823932,80,63.49316762823932
BM-13276,2025-08-27,Bahir Dar,Online,Electronics,Smart Watch,1,79.24754077726303,0.05,75.28516373839987,48,27.285163738399874
BM-13277,2025-08-27,Dubai,Store,Beauty,Face Cream,1,23.74125410304429,0.02,23.266429020983406,10,13.266429020983406
BM-13278,2025-08-27,Bahir Dar,Store,Home,Storage Box,3,14.51939027239383,0.02,42.687007400837864,18,24.687007400837864
BM-13279,2025-08-27,Addis Ababa,Store,Fashion,Hoodie,2,41.55853124072217,0.05,78.96120935737211,40,38.96120935737211
BM-13280,2025-08-27,Addis Ababa,Online,Home,Vacuum Cleaner,1,160.29888987009252,0.08,147.47497868048512,80,67.47497868048512
BM-13281,2025-08-27,Dubai,Online,Home,Desk Lamp,1,30.05831614726197,0.05,28.55540033989887,14,14.55540033989887
BM-13282,2025-08-28,Dubai,Online,Electronics,Smartphone,2,603.1282815842382,0.1,1085.6309068516287,700,385.63090685162865
BM-13283,2025-08-28,Nairobi,Online,Beauty,Shampoo,1,10.85903908910491,0.02,10.641858307322812,4,6.641858307322812
BM-13284,2025-08-28,Hawassa,Online,Fashion,Jeans,1,52.83774159705281,0.05,50.19585451720017,25,25.195854517200168
BM-13285,2025-08-28,Addis Ababa,Store,Fashion,Jeans,2,52.77339308064675,0.05,100.26944685322881,50,50.269446853228814
BM-13286,2025-08-28,Dubai,Online,Electronics,Phone Charger,1,17.990959215974573,0.02,17.631140031655082,7,10.631140031655082
BM-13287,2025-08-28,Nairobi,Online,Fashion,Jacket,1,89.53297342911183,0.05,85.05632475765624,45,40.05632475765624
BM-13288,2025-08-28,Dubai,Store,Home,Vacuum Cleaner,2,157.56701768055993,0.08,289.9233125322303,160,129.92331253223028
BM-13289,2025-08-28,Dubai,Store,Electronics,Smartphone,1,561.8020059400712,0.1,505.62180534606415,350,155.62180534606415
BM-13290,2025-08-28,Dubai,Online,Electronics,Laptop,1,1195.9055930471866,0.1,1076.315033742468,500,576.3150337424679
BM-13291,2025-08-29,Bahir Dar,Store,Fashion,Sneakers,2,65.69227518058406,0.05,124.81532284310971,74,50.81532284310971
BM-13292,2025-08-29,Addis Ababa,Store,Home,Desk Lamp,1,29.22017388819638,0.05,27.75916519378656,14,13.759165193786561
BM-13293,2025-08-29,Dubai,Online,Home,Vacuum Cleaner,1,140.20724193199575,0.08,128.9906625774361,80,48.9906625774361
BM-13294,2025-08-29,Dubai,Online,Fashion,Sneakers,2,66.32689395831723,0.05,126.02109852080272,74,52.021098520802724
BM-13295,2025-08-29,Dubai,Online,Electronics,Smartphone,2,570.914668337325,0.1,1027.646403007185,700,327.646403007185
BM-13296,2025-08-29,Addis Ababa,Online,Electronics,Smartphone,2,615.2224424338951,0.1,1107.4003963810112,700,407.4003963810112
BM-13297,2025-08-29,Addis Ababa,Online,Home,Coffee Maker,1,94.0728633619352,0.05,89.36922019383844,45,44.369220193838444
BM-13298,2025-08-29,Addis Ababa,Store,Home,Coffee Maker,2,94.55994576040086,0.05,179.66389694476163,90,89.66389694476163
BM-13299,2025-08-29,Dubai,Store,Home,Vacuum Cleaner,1,151.85353375981154,0.08,139.70525105902664,80,59.70525105902664
BM-13300,2025-08-30,Dubai,Store,Electronics,Tablet,2,208.23079374388223,0.08,383.14466048874334,240,143.14466048874334
BM-13301,2025-08-30,Nairobi,Store,Beauty,Face Cream,1,23.34567191529219,0.02,22.878758476986345,10,12.878758476986345
BM-13302,2025-08-30,Nairobi,Store,Home,Coffee Maker,2,92.48946031342918,0.05,175.72997459551542,90,85.72997459551542
BM-13303,2025-08-30,Addis Ababa,Store,Beauty,Makeup Kit,1,67.42994570983639,0.05,64.05844842434456,35,29.05844842434456
BM-13304,2025-08-30,Dubai,Online,Fashion,Jeans,1,48.55151047399108,0.05,46.12393495029152,25,21.12393495029152
BM-13305,2025-08-30,Dubai,Online,Fashion,Jeans,2,48.51184804081702,0.05,92.17251127755233,50,42.17251127755233
BM-13306,2025-08-30,Addis Ababa,Online,Fashion,Jacket,3,89.8792242632167,0.05,256.15578915016755,135,121.15578915016755
BM-13307,2025-08-30,Nairobi,Online,Beauty,Makeup Kit,4,69.95732913348559,0.05,265.8378507072452,140,125.8378507072452
BM-13308,2025-08-30,Hawassa,Online,Beauty,Perfume,4,54.18887548369629,0.05,205.9177268380459,112,93.9177268380459
BM-13309,2025-08-30,Dubai,Online,Electronics,Phone Charger,3,17.842313089731096,0.02,52.456400483809425,21,31.456400483809425
BM-13310,2025-08-30,Addis Ababa,Online,Home,Vacuum Cleaner,2,152.74691015665672,0.08,281.0543146882484,160,121.05431468824838
BM-13311,2025-08-30,Addis Ababa,Store,Electronics,Bluetooth Speaker,1,57.60888738904376,0.05,54.728443019591566,35,19.728443019591566
BM-13312,2025-08-30,Dubai,Store,Fashion,Hoodie,2,42.72933959111536,0.05,81.18574522311918,40,41.185745223119184
BM-13313,2025-08-30,Dubai,Online,Electronics,Laptop,1,1146.0076700470381,0.1,1031.4069030423343,500,531.4069030423343
BM-13314,2025-08-30,Addis Ababa,Store,Fashion,T-Shirt,1,20.401918211312683,0.02,19.99387984708643,8,11.99387984708643
BM-13315,2025-08-30,Nairobi,Online,Home,Coffee Maker,3,93.77777800776832,0.05,267.26666732213965,135,132.26666732213965
BM-13316,2025-08-31,Bahir Dar,Store,Beauty,Face Cream,2,24.454124148680677,0.02,47.930083331414124,20,27.930083331414124
BM-13317,2025-08-31,Nairobi,Online,Beauty,Face Cream,1,23.696520746531437,0.02,23.22259033160081,10,13.22259033160081
BM-13318,2025-08-31,Addis Ababa,Online,Beauty,Makeup Kit,2,69.21688777542505,0.05,131.5120867733076,70,61.5120867733076
BM-13319,2025-08-31,Nairobi,Online,Beauty,Perfume,1,54.753533116072745,0.05,52.015856460269106,28,24.015856460269106
BM-13320,2025-08-31,Bahir Dar,Online,Fashion,Hoodie,1,43.1530338407736,0.05,40.99538214873492,20,20.99538214873492
BM-13321,2025-08-31,Bahir Dar,Online,Fashion,Jacket,1,88.30631229695587,0.05,83.89099668210807,45,38.89099668210807
BM-13322,2025-08-31,Bahir Dar,Online,Fashion,T-Shirt,1,19.865753987105403,0.02,19.468438907363296,8,11.468438907363296
BM-13323,2025-08-31,Dubai,Store,Home,Vacuum Cleaner,1,147.11559947278133,0.08,135.34635151495883,80,55.346351514958826
BM-13324,2025-08-31,Bahir Dar,Online,Home,Vacuum Cleaner,1,149.99449914922948,0.08,137.99493921729112,80,57.99493921729112
BM-13325,2025-08-31,Bahir Dar,Store,Fashion,T-Shirt,2,19.812336687321125,0.02,38.8321799071494,16,22.832179907149403
BM-13326,2025-08-31,Bahir Dar,Online,Electronics,Bluetooth Speaker,1,58.93382179287629,0.05,55.987130703232474,35,20.987130703232474
BM-13327,2025-08-31,Nairobi,Store,Beauty,Shampoo,1,10.79329988059782,0.02,10.577433882985863,4,6.577433882985863
BM-13328,2025-09-01,Nairobi,Online,Fashion,Jeans,1,51.05209767012842,0.05,48.49949278662199,25,23.499492786621992
BM-13329,2025-09-01,Dubai,Online,Beauty,Makeup Kit,1,71.52458409970045,0.05,67.94835489471542,35,32.94835489471542
BM-13330,2025-09-01,Dubai,Online,Beauty,Face Cream,2,24.057785448964374,0.02,47.153259479970174,20,27.153259479970174
BM-13331,2025-09-01,Bahir Dar,Online,Fashion,Jeans,3,47.841434757778146,0.05,136.34808905966773,75,61.34808905966773
BM-13332,2025-09-01,Addis Ababa,Store,Beauty,Shampoo,1,10.735005307193452,0.02,10.520305201049583,4,6.520305201049583
BM-13333,2025-09-01,Dubai,Online,Home,Vacuum Cleaner,4,147.6747847870498,0.08,543.4432080163432,320,223.4432080163432
BM-13334,2025-09-01,Addis Ababa,Online,Fashion,T-Shirt,1,19.278397847456976,0.02,18.892829890507837,8,10.892829890507837
BM-13335,2025-09-01,Nairobi,Online,Electronics,Tablet,3,207.81834337180777,0.08,573.5786277061895,360,213.57862770618954
BM-13336,2025-09-01,Nairobi,Online,Fashion,Hoodie,1,41.696668290792566,0.05,39.611834876252935,20,19.611834876252935
BM-13337,2025-09-01,Addis Ababa,Online,Electronics,Smart Watch,1,80.03976941972539,0.05,76.03778094873911,48,28.037780948739112
BM-13338,2025-09-01,Nairobi,Store,Fashion,Jeans,2,51.5834281144217,0.05,98.00851341740123,50,48.00851341740123
BM-13339,2025-09-02,Bahir Dar,Online,Beauty,Makeup Kit,1,70.70980396105898,0.05,67.17431376300603,35,32.174313763006026
BM-13340,2025-09-02,Dubai,Store,Home,Storage Box,1,15.300401809525246,0.02,14.99439377333474,6,8.99439377333474
BM-13341,2025-09-02,Bahir Dar,Store,Home,Storage Box,2,14.514773144187657,0.02,28.44895536260781,12,16.44895536260781
BM-13342,2025-09-02,Bahir Dar,Store,Fashion,Sneakers,4,63.41942555374611,0.05,240.9938171042352,148,92.9938171042352
BM-13343,2025-09-02,Bahir Dar,Store,Electronics,Phone Charger,1,18.28509168377906,0.02,17.919389850103478,7,10.919389850103478
BM-13344,2025-09-02,Addis Ababa,Online,Home,Coffee Maker,2,90.0379428733996,0.05,171.07209145945924,90,81.07209145945924
BM-13345,2025-09-02,Bahir Dar,Store,Beauty,Makeup Kit,2,70.94693754949671,0.05,134.79918134404375,70,64.79918134404375
BM-13346,2025-09-02,Nairobi,Online,Home,Vacuum Cleaner,3,160.8123133341781,0.08,443.8419848023316,240,203.84198480233158
BM-13347,2025-09-02,Bahir Dar,Store,Home,Vacuum Cleaner,1,149.23305277099712,0.08,137.29440854931735,80,57.29440854931735
BM-13348,2025-09-02,Addis Ababa,Online,Home,Storage Box,1,15.758397307030155,0.02,15.443229360889552,6,9.443229360889552
BM-13349,2025-09-02,Bahir Dar,Online,Beauty,Shampoo,3,10.816015072543115,0.02,31.799084313276754,12,19.799084313276754
BM-13350,2025-09-02,Dubai,Online,Fashion,Hoodie,1,41.2099768074083,0.05,39.14947796703789,20,19.14947796703789
BM-13351,2025-09-02,Dubai,Online,Electronics,Smartphone,1,615.1257485340266,0.1,553.613173680624,350,203.61317368062396
BM-13352,2025-09-03,Addis Ababa,Store,Fashion,Jeans,2,50.50584169365527,0.05,95.961099217945,50,45.961099217945005
BM-13353,2025-09-03,Dubai,Online,Beauty,Makeup Kit,1,71.12622538875172,0.05,67.56991411931413,35,32.569914119314134
BM-13354,2025-09-03,Addis Ababa,Store,Electronics,Smart Watch,3,79.68479401521576,0.05,227.10166294336491,144,83.10166294336491
BM-13355,2025-09-03,Addis Ababa,Online,Beauty,Perfume,2,54.176388686635164,0.05,102.93513850460681,56,46.93513850460681
BM-13356,2025-09-03,Addis Ababa,Store,Beauty,Hair Dryer,2,40.92620586309067,0.05,77.75979113987228,40,37.75979113987228
BM-13357,2025-09-03,Dubai,Online,Beauty,Perfume,2,51.865918878456526,0.05,98.5452458690674,56,42.5452458690674
BM-13358,2025-09-03,Bahir Dar,Online,Home,Desk Lamp,2,31.151648361445478,0.05,59.188131886746405,28,31.188131886746405
BM-13359,2025-09-03,Dubai,Online,Electronics,Bluetooth Speaker,2,60.76883804021201,0.05,115.46079227640281,70,45.46079227640281
BM-13360,2025-09-03,Addis Ababa,Online,Home,Storage Box,2,14.6062344594583,0.02,28.628219540538268,12,16.628219540538268
BM-13361,2025-09-03,Addis Ababa,Online,Beauty,Makeup Kit,1,69.11301590403818,0.05,65.65736510883626,35,30.65736510883626
BM-13362,2025-09-03,Bahir Dar,Online,Home,Vacuum Cleaner,4,144.56475059321767,0.08,531.998282183041,320,211.99828218304106
BM-13363,2025-09-03,Nairobi,Online,Beauty,Face Cream,1,24.25133674228512,0.02,23.766310007439415,10,13.766310007439415
BM-13364,2025-09-04,Dubai,Online,Home,Storage Box,2,14.642001618309772,0.02,28.698323171887154,12,16.698323171887154
BM-13365,2025-09-04,Dubai,Store,Electronics,Laptop,1,1231.7901191204958,0.1,1108.6111072084461,500,608.6111072084461
BM-13366,2025-09-04,Addis Ababa,Online,Beauty,Perfume,1,57.2153916612248,0.05,54.35462207816356,28,26.35462207816356
BM-13367,2025-09-04,Addis Ababa,Online,Home,Vacuum Cleaner,1,151.92672529644463,0.08,139.77258727272906,80,59.772587272729055
BM-13368,2025-09-04,Bahir Dar,Online,Beauty,Makeup Kit,1,70.67759712248139,0.05,67.14371726635731,35,32.143717266357314
BM-13369,2025-09-04,Hawassa,Store,Fashion,T-Shirt,1,19.826615686733298,0.02,19.43008337299863,8,11.43008337299863
BM-13370,2025-09-04,Dubai,Store,Beauty,Perfume,1,55.41897487109158,0.05,52.648026127536994,28,24.648026127536994
BM-13371,2025-09-04,Addis Ababa,Store,Home,Desk Lamp,3,30.21128476831809,0.05,86.10216158970655,42,44.102161589706554
BM-13372,2025-09-04,Bahir Dar,Store,Electronics,Wireless Earbuds,1,45.2442777208417,0.05,42.98206383479961,25,17.98206383479961
BM-13373,2025-09-04,Hawassa,Online,Fashion,Hoodie,2,40.652949118125264,0.05,77.240603324438,40,37.240603324438
BM-13374,2025-09-04,Dubai,Store,Home,Vacuum Cleaner,3,149.84541580426378,0.08,413.5733476197681,240,173.57334761976807
BM-13375,2025-09-04,Bahir Dar,Online,Fashion,Jacket,2,87.6957287229255,0.05,166.62188457355842,90,76.62188457355842
BM-13376,2025-09-04,Hawassa,Store,Fashion,Sneakers,1,66.17361587675046,0.05,62.864935082912936,37,25.864935082912936
BM-13377,2025-09-04,Hawassa,Online,Beauty,Makeup Kit,1,72.81436037302994,0.05,69.17364235437844,35,34.173642354378444
BM-13378,2025-09-05,Dubai,Online,Electronics,Smartphone,1,610.8907039993531,0.1,549.8016335994179,350,199.80163359941787
BM-13379,2025-09-05,Addis Ababa,Online,Electronics,Smartphone,1,579.9644574044701,0.1,521.968011664023,350,171.96801166402304
BM-13380,2025-09-05,Dubai,Online,Electronics,Smartphone,2,617.390215649915,0.1,1111.302388169847,700,411.30238816984706
BM-13381,2025-09-05,Addis Ababa,Store,Beauty,Hair Dryer,1,40.39538608489637,0.05,38.375616780651555,20,18.375616780651555
BM-13382,2025-09-05,Addis Ababa,Online,Beauty,Hair Dryer,2,41.744740485978525,0.05,79.31500692335919,40,39.31500692335919
BM-13383,2025-09-05,Dubai,Store,Beauty,Hair Dryer,1,39.95913186070223,0.05,37.961175267667116,20,17.961175267667116
BM-13384,2025-09-05,Hawassa,Store,Electronics,Tablet,1,197.2486258448789,0.08,181.46873577728857,120,61.46873577728857
BM-13385,2025-09-05,Addis Ababa,Store,Fashion,Jeans,2,50.578260960381485,0.05,96.09869582472481,50,46.098695824724814
BM-13386,2025-09-05,Nairobi,Online,Beauty,Makeup Kit,1,74.10534526981995,0.05,70.40007800632895,35,35.400078006328954
BM-13387,2025-09-05,Addis Ababa,Online,Fashion,Jeans,2,50.921677419491175,0.05,96.75118709703322,50,46.751187097033224
BM-13388,2025-09-05,Nairobi,Online,Fashion,Hoodie,2,42.37152467533219,0.05,80.50589688313116,40,40.50589688313116
BM-13389,2025-09-06,Addis Ababa,Store,Beauty,Face Cream,1,23.721947130750422,0.02,23.247508188135413,10,13.247508188135413
BM-13390,2025-09-06,Dubai,Online,Home,Desk Lamp,1,30.104114524804288,0.05,28.59890879856407,14,14.598908798564072
BM-13391,2025-09-06,Dubai,Online,Beauty,Shampoo,1,11.178187666065924,0.02,10.954623912744605,4,6.954623912744605
BM-13392,2025-09-06,Addis Ababa,Store,Beauty,Shampoo,3,10.969735900903316,0.02,32.25102354865575,12,20.251023548655752
BM-13393,2025-09-06,Bahir Dar,Online,Fashion,T-Shirt,1,19.32325421426349,0.02,18.93678912997822,8,10.93678912997822
BM-13394,2025-09-06,Bahir Dar,Online,Home,Coffee Maker,2,90.93747314653197,0.05,172.78119897841074,90,82.78119897841074
BM-13395,2025-09-06,Addis Ababa,Store,Beauty,Hair Dryer,1,40.06315536804319,0.05,38.05999759964103,20,18.05999759964103
BM-13396,2025-09-06,Addis Ababa,Online,Beauty,Face Cream,1,23.86667668489747,0.02,23.38934315119952,10,13.389343151199519
BM-13397,2025-09-06,Dubai,Online,Home,Storage Box,2,14.962952026991408,0.02,29.32738597290316,12,17.32738597290316
BM-13398,2025-09-06,Bahir Dar,Store,Home,Coffee Maker,2,92.19804134434268,0.05,175.1762785542511,90,85.1762785542511
BM-13399,2025-09-06,Nairobi,Online,Fashion,Jeans,1,51.36402347147673,0.05,48.79582229790289,25,23.795822297902887
BM-13400,2025-09-06,Dubai,Online,Fashion,Hoodie,1,40.75784348756296,0.05,38.71995131318481,20,18.719951313184808
BM-13401,2025-09-06,Addis Ababa,Online,Electronics,Bluetooth Speaker,2,61.39300364904067,0.05,116.64670693317727,70,46.64670693317727
BM-13402,2025-09-07,Hawassa,Online,Electronics,Laptop,2,1257.0510313319758,0.1,2262.6918563975564,1000,1262.6918563975564
BM-13403,2025-09-07,Addis Ababa,Online,Electronics,Bluetooth Speaker,1,63.06500538064317,0.05,59.91175511161101,35,24.911755111611008
BM-13404,2025-09-07,Addis Ababa,Online,Electronics,Bluetooth Speaker,2,57.51098759979721,0.05,109.2708764396147,70,39.270876439614696
BM-13405,2025-09-07,Addis Ababa,Store,Home,Vacuum Cleaner,1,149.7140525481746,0.08,137.73692834432063,80,57.73692834432063
BM-13406,2025-09-07,Dubai,Store,Home,Vacuum Cleaner,1,155.3463271309474,0.08,142.91862096047163,80,62.91862096047163
BM-13407,2025-09-07,Dubai,Online,Fashion,T-Shirt,2,19.70000280664985,0.02,38.6120055010337,16,22.6120055010337
BM-13408,2025-09-07,Hawassa,Online,Fashion,T-Shirt,1,19.585824082610994,0.02,19.194107600958773,8,11.194107600958773
BM-13409,2025-09-07,Nairobi,Online,Electronics,Smartphone,1,583.7147335695338,0.1,525.3432602125804,350,175.3432602125804
BM-13410,2025-09-07,Hawassa,Online,Electronics,Tablet,2,197.3015211656712,0.08,363.034798944835,240,123.03479894483502
BM-13411,2025-09-07,Dubai,Online,Fashion,T-Shirt,3,20.280075494401718,0.02,59.623421953541055,24,35.623421953541055
BM-13412,2025-09-07,Dubai,Online,Beauty,Face Cream,1,24.148929504132532,0.02,23.66595091404988,10,13.66595091404988
BM-13413,2025-09-08,Bahir Dar,Store,Beauty,Hair Dryer,1,40.943230272060376,0.05,38.89606875845735,20,18.896068758457353
BM-13414,2025-09-08,Bahir Dar,Online,Beauty,Face Cream,1,24.586257431335067,0.02,24.094532282708364,10,14.094532282708364
BM-13415,2025-09-08,Dubai,Store,Fashion,Hoodie,2,43.18914499435021,0.05,82.05937548926539,40,42.05937548926539
BM-13416,2025-09-08,Addis Ababa,Online,Beauty,Hair Dryer,2,38.278477259006024,0.05,72.72910679211144,40,32.72910679211144
BM-13417,2025-09-08,Addis Ababa,Online,Electronics,Laptop,2,1199.141758942387,0.1,2158.4551660962966,1000,1158.4551660962966
BM-13418,2025-09-08,Bahir Dar,Online,Fashion,Hoodie,1,43.4937178834177,0.05,41.31903198924682,20,21.319031989246817
BM-13419,2025-09-08,Dubai,Online,Home,Storage Box,3,14.992188974566556,0.02,44.07703558522567,18,26.077035585225673
BM-13420,2025-09-08,Dubai,Online,Beauty,Shampoo,1,11.541654083193706,0.02,11.310821001529831,4,7.310821001529831
BM-13421,2025-09-09,Addis Ababa,Online,Beauty,Shampoo,2,10.838191822450518,0.02,21.242855972003017,8,13.242855972003017
BM-13422,2025-09-09,Addis Ababa,Store,Home,Storage Box,1,15.150748080068968,0.02,14.84773311846759,6,8.84773311846759
BM-13423,2025-09-09,Dubai,Store,Fashion,Jacket,1,90.95077983641059,0.05,86.40324084459006,45,41.40324084459006
BM-13424,2025-09-09,Addis Ababa,Store,Fashion,Jacket,1,93.15177582445044,0.05,88.49418703322792,45,43.49418703322792
BM-13425,2025-09-09,Dubai,Online,Electronics,Wireless Earbuds,3,44.735854233519575,0.05,127.49718456553079,75,52.49718456553079
BM-13426,2025-09-09,Dubai,Online,Home,Water Bottle,1,11.61334499103626,0.02,11.381078091215535,4,7.381078091215535
BM-13427,2025-09-09,Nairobi,Online,Fashion,Jeans,3,50.770388082814186,0.05,144.69560603602042,75,69.69560603602042
BM-13428,2025-09-09,Bahir Dar,Online,Beauty,Hair Dryer,1,39.35665829837512,0.05,37.388825383456364,20,17.388825383456364
BM-13429,2025-09-09,Dubai,Store,Electronics,Wireless Earbuds,2,45.6203272397156,0.05,86.67862175545963,50,36.67862175545963
BM-13430,2025-09-09,Addis Ababa,Online,Home,Water Bottle,1,12.200635128182789,0.02,11.956622425619132,4,7.956622425619132
BM-13431,2025-09-09,Bahir Dar,Online,Fashion,Jacket,1,92.66881282847388,0.05,88.03537218705017,45,43.03537218705017
BM-13432,2025-09-09,Addis Ababa,Online,Electronics,Laptop,2,1253.9346269291286,0.1,2257.0823284724315,1000,1257.0823284724315
BM-13433,2025-09-09,Hawassa,Store,Electronics,Bluetooth Speaker,1,57.52891978037853,0.05,54.652473791359604,35,19.652473791359604
BM-13434,2025-09-10,Nairobi,Online,Fashion,T-Shirt,1,20.50946310558365,0.02,20.099273843471977,8,12.099273843471977
BM-13435,2025-09-10,Dubai,Online,Beauty,Face Cream,2,23.540176427536977,0.02,46.138745797972476,20,26.138745797972476
BM-13436,2025-09-10,Bahir Dar,Store,Electronics,Smart Watch,1,79.59748172753297,0.05,75.61760764115631,48,27.61760764115631
BM-13437,2025-09-10,Addis Ababa,Online,Fashion,T-Shirt,1,20.806635814644423,0.02,20.390503098351534,8,12.390503098351534
BM-13438,2025-09-10,Addis Ababa,Store,Home,Vacuum Cleaner,1,152.90338290569548,0.08,140.67111227323986,80,60.67111227323986
BM-13439,2025-09-10,Bahir Dar,Online,Electronics,Tablet,1,202.19428723103067,0.08,186.01874425254823,120,66.01874425254823
BM-13440,2025-09-10,Bahir Dar,Online,Home,Vacuum Cleaner,2,153.60832714800733,0.08,282.6393219523335,160,122.63932195233349
BM-13441,2025-09-10,Addis Ababa,Online,Electronics,Phone Charger,1,18.498882238857526,0.02,18.128904594080375,7,11.128904594080375
BM-13442,2025-09-10,Addis Ababa,Store,Home,Desk Lamp,3,29.380976402931925,0.05,83.73578274835599,42,41.73578274835599
BM-13443,2025-09-10,Addis Ababa,Store,Electronics,Laptop,1,1194.0884016933232,0.1,1074.679561523991,500,574.679561523991
BM-13444,2025-09-10,Dubai,Online,Fashion,Hoodie,3,41.02057757066844,0.05,116.90864607640505,60,56.90864607640505
BM-13445,2025-09-10,Addis Ababa,Store,Home,Water Bottle,1,12.051653164767771,0.02,11.810620101472415,4,7.810620101472415
BM-13446,2025-09-10,Dubai,Store,Electronics,Tablet,2,212.51963002426112,0.08,391.0361192446405,240,151.03611924464047
BM-13447,2025-09-10,Dubai,Online,Home,Vacuum Cleaner,2,147.0381325052563,0.08,270.55016380967163,160,110.55016380967163
BM-13448,2025-09-10,Bahir Dar,Online,Fashion,Jacket,1,84.6971300165475,0.05,80.46227351572013,45,35.46227351572013
BM-13449,2025-09-10,Nairobi,Store,Electronics,Smart Watch,1,78.93950197512736,0.05,74.99252687637099,48,26.992526876370988
BM-13450,2025-09-10,Dubai,Online,Fashion,Jacket,2,90.69258795786607,0.05,172.3159171199455,90,82.31591711994551
BM-13451,2025-09-11,Addis Ababa,Online,Home,Coffee Maker,2,94.21564901106993,0.05,179.00973312103287,90,89.00973312103287
BM-13452,2025-09-11,Addis Ababa,Store,Fashion,Jacket,1,92.4671119854569,0.05,87.84375638618404,45,42.84375638618404
BM-13453,2025-09-11,Addis Ababa,Store,Home,Vacuum Cleaner,1,153.25275166641939,0.08,140.99253153310585,80,60.99253153310585
BM-13454,2025-09-11,Dubai,Online,Home,Storage Box,1,14.759300826414945,0.02,14.464114809886645,6,8.464114809886645
BM-13455,2025-09-11,Dubai,Store,Fashion,Sneakers,1,64.37172343165847,0.05,61.15313726007554,37,24.15313726007554
BM-13456,2025-09-11,Hawassa,Store,Fashion,Sneakers,3,65.29984457862786,0.05,186.10455704908935,111,75.10455704908935
BM-13457,2025-09-11,Nairobi,Online,Home,Water Bottle,1,12.300682117139582,0.02,12.05466847479679,4,8.05466847479679
BM-13458,2025-09-11,Nairobi,Online,Fashion,Hoodie,1,41.863324166793426,0.05,39.77015795845375,20,19.77015795845375
BM-13459,2025-09-11,Addis Ababa,Online,Fashion,Sneakers,2,62.86057509608201,0.05,119.4350926825558,74,45.435092682555805
BM-13460,2025-09-11,Addis Ababa,Store,Fashion,Hoodie,2,41.84215394549868,0.05,79.5000924964475,40,39.50009249644749
BM-13461,2025-09-11,Addis Ababa,Online,Fashion,Sneakers,1,64.74716122471072,0.05,61.50980316347518,37,24.509803163475183
BM-13462,2025-09-11,Bahir Dar,Store,Beauty,Perfume,1,55.98828069908697,0.05,53.18886666413262,28,25.188866664132618
BM-13463,2025-09-11,Bahir Dar,Store,Fashion,T-Shirt,2,19.70674160532593,0.02,38.62521354643882,16,22.62521354643882
BM-13464,2025-09-11,Addis Ababa,Online,Fashion,Jeans,2,52.70107252249892,0.05,100.13203779274794,50,50.13203779274794
BM-13465,2025-09-11,Addis Ababa,Store,Fashion,T-Shirt,2,20.54052883502525,0.02,40.25943651664949,16,24.259436516649487
BM-13466,2025-09-12,Addis Ababa,Store,Beauty,Makeup Kit,1,71.5893188905504,0.05,68.00985294602287,35,33.009852946022875
BM-13467,2025-09-12,Dubai,Online,Fashion,Hoodie,1,42.65801177657455,0.05,40.525111187745814,20,20.525111187745814
BM-13468,2025-09-12,Addis Ababa,Online,Home,Water Bottle,4,12.322317632538484,0.02,48.30348511955086,16,32.30348511955086
BM-13469,2025-09-12,Addis Ababa,Online,Electronics,Wireless Earbuds,2,45.90212908512316,0.05,87.214045261734,50,37.214045261734
BM-13470,2025-09-12,Hawassa,Online,Electronics,Laptop,1,1217.736224854104,0.1,1095.9626023686935,500,595.9626023686935
BM-13471,2025-09-12,Addis Ababa,Online,Beauty,Makeup Kit,1,66.85018854232084,0.05,63.507679115204795,35,28.507679115204795
BM-13472,2025-09-12,Addis Ababa,Store,Home,Coffee Maker,1,91.2016101138839,0.05,86.6415296081897,45,41.6415296081897
BM-13473,2025-09-12,Addis Ababa,Store,Electronics,Bluetooth Speaker,1,58.76666543815838,0.05,55.828332166250455,35,20.828332166250455
BM-13474,2025-09-12,Addis Ababa,Store,Home,Storage Box,2,15.141096337605877,0.02,29.676548821707517,12,17.676548821707517
BM-13475,2025-09-12,Bahir Dar,Store,Home,Desk Lamp,1,29.630357502222086,0.05,28.14883962711098,14,14.14883962711098
BM-13476,2025-09-12,Bahir Dar,Store,Electronics,Wireless Earbuds,2,45.33704115125696,0.05,86.14037818738822,50,36.14037818738822
BM-13477,2025-09-12,Addis Ababa,Store,Beauty,Shampoo,1,10.836856472095029,0.02,10.620119342653128,4,6.620119342653128
BM-13478,2025-09-12,Addis Ababa,Store,Beauty,Shampoo,2,11.256645611263322,0.02,22.06302539807611,8,14.06302539807611
BM-13479,2025-09-12,Dubai,Store,Beauty,Face Cream,2,24.20799052010333,0.02,47.44766141940253,20,27.44766141940253
BM-13480,2025-09-12,Addis Ababa,Online,Beauty,Makeup Kit,1,70.24442264398373,0.05,66.73220151178454,35,31.732201511784538
BM-13481,2025-09-13,Bahir Dar,Online,Beauty,Face Cream,2,23.32079662635225,0.02,45.70876138765041,20,25.708761387650412
BM-13482,2025-09-13,Addis Ababa,Online,Electronics,Tablet,1,198.95512101333492,0.08,183.03871133226812,120,63.03871133226812
BM-13483,2025-09-13,Nairobi,Online,Fashion,Jeans,1,50.3012881236882,0.05,47.78622371750379,25,22.786223717503788
BM-13484,2025-09-13,Dubai,Store,Home,Vacuum Cleaner,1,146.94508177185733,0.08,135.18947523010874,80,55.18947523010874
BM-13485,2025-09-13,Addis Ababa,Store,Electronics,Tablet,1,201.09186566376823,0.08,185.00451641066678,120,65.00451641066678
BM-13486,2025-09-13,Nairobi,Online,Fashion,Sneakers,2,63.295410286595185,0.05,120.26127954453085,74,46.26127954453085
BM-13487,2025-09-13,Bahir Dar,Store,Home,Desk Lamp,1,29.72478892665237,0.05,28.23854948031975,14,14.238549480319751
BM-13488,2025-09-13,Addis Ababa,Online,Beauty,Face Cream,1,24.26110120278903,0.02,23.77587917873325,10,13.775879178733248
BM-13489,2025-09-13,Bahir Dar,Store,Home,Desk Lamp,1,31.061100439638288,0.05,29.508045417656373,14,15.508045417656373
BM-13490,2025-09-13,Addis Ababa,Online,Beauty,Makeup Kit,2,72.09142631894343,0.05,136.97371000599253,70,66.97371000599253
BM-13491,2025-09-13,Addis Ababa,Store,Home,Desk Lamp,1,29.486348669042226,0.05,28.01203123559011,14,14.012031235590111
BM-13492,2025-09-13,Hawassa,Online,Beauty,Perfume,3,53.92981924854624,0.05,153.69998485835677,84,69.69998485835677
BM-13493,2025-09-13,Dubai,Online,Fashion,Hoodie,2,44.40401410708888,0.05,84.36762680346887,40,44.367626803468866
BM-13494,2025-09-13,Nairobi,Online,Fashion,Jacket,2,89.58971520504836,0.05,170.2204588895919,90,80.2204588895919
BM-13495,2025-09-14,Hawassa,Online,Home,Water Bottle,1,11.746582145302975,0.02,11.511650502396915,4,7.511650502396915
BM-13496,2025-09-14,Addis Ababa,Store,Fashion,Sneakers,1,65.45194698206025,0.05,62.17934963295723,37,25.179349632957233
BM-13497,2025-09-14,Dubai,Online,Home,Water Bottle,1,11.591494707561441,0.02,11.359664813410213,4,7.3596648134102125
BM-13498,2025-09-14,Bahir Dar,Online,Beauty,Shampoo,2,11.1362335191345,0.02,21.827017697503617,8,13.827017697503617
BM-13499,2025-09-14,Dubai,Online,Electronics,Wireless Earbuds,3,45.81715820732269,0.05,130.57890089086968,75,55.578900890869676
BM-13500,2025-09-14,Addis Ababa,Online,Fashion,Hoodie,1,41.162223607513646,0.05,39.10411242713796,20,19.104112427137963
BM-13501,2025-09-14,Addis Ababa,Online,Home,Storage Box,1,14.944135884765853,0.02,14.645253167070535,6,8.645253167070535
BM-13502,2025-09-14,Dubai,Online,Beauty,Perfume,1,55.76455148185132,0.05,52.976323907758754,28,24.976323907758754
BM-13503,2025-09-14,Addis Ababa,Online,Fashion,Sneakers,1,63.98798809548958,0.05,60.788588690715095,37,23.788588690715095
BM-13504,2025-09-14,Addis Ababa,Store,Home,Coffee Maker,1,89.13581279189371,0.05,84.67902215229903,45,39.67902215229903
BM-13505,2025-09-14,Addis Ababa,Online,Beauty,Face Cream,1,23.59454375122138,0.02,23.122652876196952,10,13.122652876196952
BM-13506,2025-09-14,Hawassa,Online,Home,Water Bottle,3,11.958949658196639,0.02,35.15931199509812,12,23.159311995098122
BM-13507,2025-09-15,Bahir Dar,Online,Fashion,Hoodie,1,41.54898511900795,0.05,39.471535863057554,20,19.471535863057554
BM-13508,2025-09-15,Addis Ababa,Store,Beauty,Hair Dryer,1,41.16454296504354,0.05,39.10631581679136,20,19.10631581679136
BM-13509,2025-09-15,Addis Ababa,Store,Fashion,Sneakers,3,62.853574708033214,0.05,179.13268791789466,111,68.13268791789466
BM-13510,2025-09-15,Nairobi,Online,Home,Water Bottle,2,12.164562333405971,0.02,23.842542173475703,8,15.842542173475703
BM-13511,2025-09-15,Addis Ababa,Store,Home,Coffee Maker,1,91.28107069965415,0.05,86.71701716467145,45,41.71701716467145
BM-13512,2025-09-15,Dubai,Store,Fashion,Jacket,3,93.62247838635614,0.05,266.824063401115,135,131.82406340111498
BM-13513,2025-09-15,Dubai,Online,Beauty,Perfume,2,58.84589701397239,0.05,111.80720432654753,56,55.807204326547534
BM-13514,2025-09-15,Bahir Dar,Online,Fashion,Jeans,1,49.76613977531212,0.05,47.27783278654651,25,22.27783278654651
BM-13515,2025-09-15,Dubai,Online,Home,Coffee Maker,1,87.86174539086738,0.05,83.46865812132401,45,38.46865812132401
BM-13516,2025-09-15,Addis Ababa,Store,Fashion,Jeans,1,50.412068810585,0.05,47.89146537005575,25,22.891465370055748
BM-13517,2025-09-16,Nairobi,Online,Beauty,Perfume,1,53.63975228411056,0.05,50.957764669905025,28,22.957764669905025
BM-13518,2025-09-16,Nairobi,Online,Electronics,Wireless Earbuds,2,45.232577540563206,0.05,85.94189732707008,50,35.94189732707008
BM-13519,2025-09-16,Dubai,Online,Home,Desk Lamp,1,28.994556563988688,0.05,27.544828735789253,14,13.544828735789253
BM-13520,2025-09-16,Nairobi,Online,Beauty,Face Cream,1,23.149434580668903,0.02,22.686445889055523,10,12.686445889055523
BM-13521,2025-09-16,Nairobi,Store,Fashion,T-Shirt,2,19.047691051559223,0.02,37.33347446105608,16,21.333474461056078
BM-13522,2025-09-16,Bahir Dar,Store,Fashion,Jeans,1,50.244993891583675,0.05,47.732744197004486,25,22.732744197004486
BM-13523,2025-09-16,Bahir Dar,Store,Beauty,Makeup Kit,1,71.61101807697534,0.05,68.03046717312657,35,33.03046717312657
BM-13524,2025-09-16,Addis Ababa,Online,Home,Vacuum Cleaner,1,147.5611305848555,0.08,135.75624013806706,80,55.75624013806706
BM-13525,2025-09-16,Dubai,Online,Beauty,Face Cream,3,23.729524011368085,0.02,69.76480059342217,30,39.764800593422166
BM-13526,2025-09-16,Dubai,Online,Electronics,Tablet,1,200.2052030784446,0.08,184.18878683216906,120,64.18878683216906
BM-13527,2025-09-16,Dubai,Online,Home,Water Bottle,2,12.308096054826587,0.02,24.12386826746011,8,16.12386826746011
BM-13528,2025-09-16,Addis Ababa,Store,Beauty,Perfume,4,53.73558708391183,0.05,204.19523091886495,112,92.19523091886495
BM-13529,2025-09-16,Dubai,Online,Home,Coffee Maker,1,89.2214579616884,0.05,84.76038506360398,45,39.76038506360398
BM-13530,2025-09-16,Bahir Dar,Online,Beauty,Hair Dryer,4,39.07161742946866,0.05,148.4721462319809,80,68.4721462319809
BM-13531,2025-09-16,Bahir Dar,Store,Home,Desk Lamp,2,30.04287370520105,0.05,57.08146003988199,28,29.08146003988199
BM-13532,2025-09-16,Dubai,Online,Fashion,T-Shirt,1,19.148266558699866,0.02,18.765301227525867,8,10.765301227525867
BM-13533,2025-09-16,Addis Ababa,Online,Fashion,Jacket,1,85.24210710046547,0.05,80.9800017454422,45,35.980001745442195
BM-13534,2025-09-17,Hawassa,Online,Electronics,Smartphone,3,575.9545009013931,0.1,1555.0771524337613,1050,505.0771524337613
BM-13535,2025-09-17,Dubai,Online,Electronics,Phone Charger,3,17.99386534533159,0.02,52.90196411527487,21,31.901964115274872
BM-13536,2025-09-17,Dubai,Online,Electronics,Wireless Earbuds,4,46.76322274439612,0.05,177.70024642870524,100,77.70024642870524
BM-13537,2025-09-17,Dubai,Online,Home,Vacuum Cleaner,1,149.3181817201625,0.08,137.3727271825495,80,57.37272718254951
BM-13538,2025-09-17,Bahir Dar,Online,Electronics,Wireless Earbuds,1,44.40914634195528,0.05,42.18868902485751,25,17.18868902485751
BM-13539,2025-09-17,Hawassa,Store,Electronics,Tablet,1,200.1552874518148,0.08,184.1428644556696,120,64.14286445566961
BM-13540,2025-09-17,Addis Ababa,Store,Beauty,Face Cream,1,24.590991016266642,0.02,24.09917119594131,10,14.09917119594131
BM-13541,2025-09-17,Dubai,Store,Beauty,Hair Dryer,2,41.75607432214874,0.05,79.33654121208261,40,39.33654121208261
BM-13542,2025-09-17,Nairobi,Store,Home,Storage Box,3,15.246853476976689,0.02,44.825749222311465,18,26.825749222311465
BM-13543,2025-09-17,Bahir Dar,Store,Home,Water Bottle,1,12.167356595816322,0.02,11.924009463899996,4,7.924009463899996
BM-13544,2025-09-17,Bahir Dar,Store,Beauty,Shampoo,3,10.856361222652103,0.02,31.91770199459718,12,19.91770199459718
BM-13545,2025-09-17,Hawassa,Online,Fashion,Jacket,3,92.94525457119711,0.05,264.8939755279118,135,129.89397552791178
BM-13546,2025-09-17,Addis Ababa,Online,Beauty,Hair Dryer,2,39.76158199614301,0.05,75.54700579267171,40,35.54700579267171
BM-13547,2025-09-18,Addis Ababa,Store,Home,Vacuum Cleaner,3,150.07872578769113,0.08,414.2172831740275,240,174.2172831740275
BM-13548,2025-09-18,Nairobi,Store,Fashion,T-Shirt,1,20.428404196944147,0.02,20.019836113005262,8,12.019836113005262
BM-13549,2025-09-18,Bahir Dar,Store,Home,Storage Box,1,15.044519908324894,0.02,14.743629510158396,6,8.743629510158396
BM-13550,2025-09-18,Bahir Dar,Online,Beauty,Makeup Kit,3,70.30937267785518,0.05,200.38171213188724,105,95.38171213188724
BM-13551,2025-09-18,Bahir Dar,Online,Home,Storage Box,1,15.099445258618944,0.02,14.797456353446565,6,8.797456353446565
BM-13552,2025-09-18,Bahir Dar,Online,Electronics,Wireless Earbuds,1,46.398759190845304,0.05,44.07882123130304,25,19.07882123130304
BM-13553,2025-09-18,Bahir Dar,Online,Electronics,Phone Charger,1,17.912943736667287,0.02,17.554684861933943,7,10.554684861933943
BM-13554,2025-09-18,Dubai,Online,Fashion,Jacket,2,90.68397751633464,0.05,172.2995572810358,90,82.29955728103579
BM-13555,2025-09-18,Hawassa,Online,Fashion,Jeans,2,50.293961042489755,0.05,95.55852598073054,50,45.558525980730536
BM-13556,2025-09-18,Dubai,Store,Fashion,Jacket,1,89.98819892435216,0.05,85.48878897813455,45,40.48878897813455
BM-13557,2025-09-18,Bahir Dar,Online,Beauty,Shampoo,1,11.274877645022347,0.02,11.049380092121899,4,7.049380092121899
BM-13558,2025-09-18,Addis Ababa,Online,Beauty,Shampoo,3,11.249099230952925,0.02,33.072351739001604,12,21.072351739001604
BM-13559,2025-09-18,Addis Ababa,Store,Home,Storage Box,1,15.380962576042656,0.02,15.073343324521803,6,9.073343324521803
BM-13560,2025-09-18,Addis Ababa,Online,Fashion,Jeans,1,50.821706032760794,0.05,48.28062073112275,25,23.280620731122752
BM-13561,2025-09-18,Addis Ababa,Store,Electronics,Tablet,2,192.1169833086627,0.08,353.4952492879394,240,113.49524928793937
BM-13562,2025-09-18,Addis Ababa,Online,Beauty,Hair Dryer,2,41.09323718235469,0.05,78.07715064647391,40,38.07715064647391
BM-13563,2025-09-19,Hawassa,Online,Beauty,Hair Dryer,1,41.110675831822306,0.05,39.05514204023119,20,19.05514204023119
BM-13564,2025-09-19,Dubai,Online,Electronics,Phone Charger,1,18.361882724897704,0.02,17.99464507039975,7,10.994645070399748
BM-13565,2025-09-19,Dubai,Store,Beauty,Shampoo,4,11.063909714663907,0.02,43.37052608148252,16,27.370526081482517
BM-13566,2025-09-19,Addis Ababa,Store,Fashion,Jeans,3,49.64240332075445,0.05,141.48084946415017,75,66.48084946415017
BM-13567,2025-09-19,Nairobi,Online,Home,Water Bottle,1,12.018405485850886,0.02,11.778037376133868,4,7.778037376133868
BM-13568,2025-09-19,Addis Ababa,Online,Beauty,Shampoo,1,10.998803860180397,0.02,10.778827782976789,4,6.778827782976789
BM-13569,2025-09-19,Nairobi,Online,Electronics,Laptop,1,1202.5659768568325,0.1,1082.3093791711494,500,582.3093791711494
BM-13570,2025-09-19,Addis Ababa,Online,Home,Storage Box,1,15.10449019601557,0.02,14.802400392095258,6,8.802400392095258
BM-13571,2025-09-19,Hawassa,Store,Fashion,Sneakers,2,67.53979296470366,0.05,128.32560663293697,74,54.32560663293697
BM-13572,2025-09-19,Addis Ababa,Online,Beauty,Shampoo,1,10.788052326421164,0.02,10.57229127989274,4,6.57229127989274
BM-13573,2025-09-19,Addis Ababa,Online,Home,Storage Box,2,14.711516406966426,0.02,28.834572157654197,12,16.834572157654197
BM-13574,2025-09-20,Addis Ababa,Store,Beauty,Perfume,1,55.75657830960691,0.05,52.96874939412656,28,24.96874939412656
BM-13575,2025-09-20,Addis Ababa,Online,Electronics,Tablet,1,199.52976644225166,0.08,183.56738512687153,120,63.56738512687153
BM-13576,2025-09-20,Hawassa,Online,Fashion,Jacket,1,90.80051785029998,0.05,86.26049195778498,45,41.26049195778498
BM-13577,2025-09-20,Hawassa,Online,Home,Storage Box,2,14.521868362667211,0.02,28.462861990827733,12,16.462861990827733
BM-13578,2025-09-20,Bahir Dar,Store,Fashion,Jeans,1,49.21358618632251,0.05,46.75290687700638,25,21.75290687700638
BM-13579,2025-09-20,Addis Ababa,Online,Home,Coffee Maker,2,90.48310964337445,0.05,171.91790832241145,90,81.91790832241145
BM-13580,2025-09-20,Nairobi,Store,Beauty,Perfume,1,54.20464934778589,0.05,51.49441688039659,28,23.494416880396592
BM-13581,2025-09-20,Hawassa,Store,Home,Water Bottle,2,12.337766466123675,0.02,24.182022273602403,8,16.182022273602403
BM-13582,2025-09-20,Nairobi,Store,Home,Storage Box,1,15.618182583181227,0.02,15.305818931517601,6,9.305818931517601
BM-13583,2025-09-20,Bahir Dar,Store,Electronics,Laptop,2,1199.5278994043692,0.1,2159.150218927865,1000,1159.150218927865
BM-13584,2025-09-21,Bahir Dar,Store,Home,Desk Lamp,1,28.7387205403278,0.05,27.30178451331141,14,13.30178451331141
BM-13585,2025-09-21,Bahir Dar,Store,Electronics,Phone Charger,1,17.96606737739824,0.02,17.606746029850274,7,10.606746029850274
BM-13586,2025-09-21,Dubai,Store,Home,Desk Lamp,1,30.5310491490076,0.05,29.004496691557218,14,15.004496691557218
BM-13587,2025-09-21,Dubai,Online,Beauty,Hair Dryer,1,38.91236279891686,0.05,36.96674465897102,20,16.966744658971017
BM-13588,2025-09-21,Bahir Dar,Online,Electronics,Phone Charger,1,17.652730499550675,0.02,17.299675889559662,7,10.299675889559662
BM-13589,2025-09-21,Addis Ababa,Online,Home,Coffee Maker,1,89.14299495372147,0.05,84.6858452060354,45,39.685845206035395
BM-13590,2025-09-21,Addis Ababa,Online,Beauty,Shampoo,2,11.180246417029164,0.02,21.91328297737716,8,13.913282977377161
BM-13591,2025-09-21,Addis Ababa,Store,Electronics,Smart Watch,2,79.34889368567195,0.05,150.7628980027767,96,54.762898002776694
BM-13592,2025-09-21,Dubai,Online,Electronics,Smartphone,2,607.8368229181425,0.1,1094.1062812526566,700,394.1062812526566
BM-13593,2025-09-21,Bahir Dar,Online,Beauty,Makeup Kit,2,70.23278324244642,0.05,133.4422881606482,70,63.44228816064819
BM-13594,2025-09-21,Addis Ababa,Store,Electronics,Laptop,1,1136.4182116850072,0.1,1022.7763905165066,500,522.7763905165066
BM-13595,2025-09-22,Nairobi,Store,Electronics,Smart Watch,2,83.52355276114045,0.05,158.69475024616685,96,62.69475024616685
BM-13596,2025-09-22,Addis Ababa,Online,Home,Water Bottle,2,11.669696239573769,0.02,22.872604629564588,8,14.872604629564588
BM-13597,2025-09-22,Addis Ababa,Store,Fashion,Jacket,1,85.47373746102855,0.05,81.20005058797712,45,36.20005058797712
BM-13598,2025-09-22,Addis Ababa,Online,Electronics,Wireless Earbuds,1,45.63888696801917,0.05,43.35694261961821,25,18.35694261961821
BM-13599,2025-09-22,Bahir Dar,Online,Fashion,Jeans,1,48.63180095617679,0.05,46.20021090836795,25,21.20021090836795
BM-13600,2025-09-22,Nairobi,Store,Electronics,Tablet,1,205.52425277591112,0.08,189.08231255383825,120,69.08231255383825
BM-13601,2025-09-22,Dubai,Store,Home,Vacuum Cleaner,2,146.02437039424515,0.08,268.6848415254111,160,108.68484152541112
BM-13602,2025-09-22,Nairobi,Online,Beauty,Makeup Kit,1,70.96586809682383,0.05,67.41757469198264,35,32.41757469198264
BM-13603,2025-09-22,Addis Ababa,Online,Home,Storage Box,1,15.077180811236499,0.02,14.775637195011768,6,8.775637195011768
BM-13604,2025-09-22,Addis Ababa,Online,Beauty,Shampoo,2,11.271052868151337,0.02,22.09126362157662,8,14.09126362157662
BM-13605,2025-09-22,Bahir Dar,Online,Home,Water Bottle,3,12.010935533069812,0.02,35.312150467225244,12,23.312150467225244
BM-13606,2025-09-22,Bahir Dar,Online,Home,Water Bottle,2,12.073388635463957,0.02,23.663841725509354,8,15.663841725509354
BM-13607,2025-09-22,Hawassa,Store,Home,Desk Lamp,3,31.017032723613728,0.05,88.39854326229913,42,46.39854326229913
BM-13608,2025-09-22,Addis Ababa,Store,Home,Storage Box,1,15.237452399957297,0.02,14.93270335195815,6,8.93270335195815
BM-13609,2025-09-22,Nairobi,Store,Home,Vacuum Cleaner,1,150.03073876616185,0.08,138.0282796648689,80,58.028279664868904
BM-13610,2025-09-23,Addis Ababa,Online,Electronics,Bluetooth Speaker,1,59.58146136976749,0.05,56.60238830127911,35,21.602388301279113
BM-13611,2025-09-23,Addis Ababa,Store,Electronics,Phone Charger,1,17.400430369420597,0.02,17.052421762032186,7,10.052421762032186
BM-13612,2025-09-23,Addis Ababa,Store,Home,Desk Lamp,4,29.201304989443116,0.05,110.96495895988383,56,54.96495895988383
BM-13613,2025-09-23,Dubai,Store,Fashion,Sneakers,2,64.3487786784504,0.05,122.26267948905576,74,48.262679489055756
BM-13614,2025-09-23,Addis Ababa,Online,Beauty,Perfume,1,55.45955605731743,0.05,52.686578254451554,28,24.686578254451554
BM-13615,2025-09-23,Addis Ababa,Online,Beauty,Makeup Kit,1,66.55713769781251,0.05,63.22928081292188,35,28.22928081292188
BM-13616,2025-09-23,Dubai,Online,Electronics,Phone Charger,2,18.30844768579276,0.02,35.88455746415381,14,21.884557464153808
BM-13617,2025-09-23,Nairobi,Online,Electronics,Laptop,1,1211.6362239349123,0.1,1090.4726015414212,500,590.4726015414212
BM-13618,2025-09-23,Bahir Dar,Online,Beauty,Makeup Kit,2,70.75901802474122,0.05,134.4421342470083,70,64.44213424700831
BM-13619,2025-09-24,Addis Ababa,Online,Home,Coffee Maker,1,90.90122358635314,0.05,86.35616240703548,45,41.356162407035484
BM-13620,2025-09-24,Addis Ababa,Store,Home,Storage Box,2,14.569441941432341,0.02,28.55610620520739,12,16.55610620520739
BM-13621,2025-09-24,Dubai,Online,Electronics,Tablet,1,208.2188921390575,0.08,191.5613807679329,120,71.56138076793289
BM-13622,2025-09-24,Hawassa,Online,Electronics,Phone Charger,2,18.480754339628145,0.02,36.22227850567116,14,22.222278505671163
BM-13623,2025-09-24,Dubai,Store,Home,Coffee Maker,1,88.04289679836882,0.05,83.64075195845037,45,38.640751958450366
BM-13624,2025-09-24,Addis Ababa,Store,Electronics,Tablet,1,202.15700098840009,0.08,185.9844409093281,120,65.9844409093281
BM-13625,2025-09-24,Addis Ababa,Store,Beauty,Perfume,1,53.93420900503105,0.05,51.23749855477949,28,23.237498554779492
BM-13626,2025-09-24,Bahir Dar,Online,Fashion,Sneakers,1,65.46942412295851,0.05,62.19595291681058,37,25.195952916810583
BM-13627,2025-09-24,Bahir Dar,Online,Beauty,Hair Dryer,1,38.91758331152322,0.05,36.97170414594705,20,16.97170414594705
BM-13628,2025-09-24,Addis Ababa,Online,Beauty,Hair Dryer,1,41.87254777822382,0.05,39.778920389312624,20,19.778920389312624
BM-13629,2025-09-24,Addis Ababa,Store,Fashion,Sneakers,1,64.20643170282393,0.05,60.99611011768273,37,23.996110117682733
BM-13630,2025-09-24,Addis Ababa,Online,Fashion,Jeans,2,49.58881419523451,0.05,94.21874697094557,50,44.218746970945574
BM-13631,2025-09-24,Bahir Dar,Online,Beauty,Face Cream,1,24.45130953909205,0.02,23.96228334831021,10,13.962283348310208
BM-13632,2025-09-24,Dubai,Store,Fashion,T-Shirt,1,19.70536325126433,0.02,19.311255986239043,8,11.311255986239043
BM-13633,2025-09-25,Dubai,Online,Electronics,Wireless Earbuds,3,46.3055058426113,0.05,131.97069165144222,75,56.97069165144222
BM-13634,2025-09-25,Dubai,Store,Beauty,Makeup Kit,1,70.59163508157371,0.05,67.06205332749502,35,32.06205332749502
BM-13635,2025-09-25,Addis Ababa,Online,Beauty,Makeup Kit,1,69.06056758110853,0.05,65.6075392020531,35,30.607539202053104
BM-13636,2025-09-25,Dubai,Store,Electronics,Smartphone,1,589.7401604331957,0.1,530.7661443898761,350,180.7661443898761
BM-13637,2025-09-25,Dubai,Online,Electronics,Wireless Earbuds,1,45.8473118192793,0.05,43.55494622831533,25,18.55494622831533
BM-13638,2025-09-25,Bahir Dar,Store,Electronics,Wireless Earbuds,3,45.18363984605703,0.05,128.77337356126253,75,53.77337356126253
BM-13639,2025-09-25,Bahir Dar,Online,Beauty,Hair Dryer,2,39.33120879985285,0.05,74.72929671972042,40,34.72929671972042
BM-13640,2025-09-25,Dubai,Store,Electronics,Smart Watch,1,81.20861597593418,0.05,77.14818517713746,48,29.148185177137464
BM-13641,2025-09-25,Bahir Dar,Online,Electronics,Tablet,1,208.54006813628106,0.08,191.8568626853786,120,71.85686268537859
BM-13642,2025-09-25,Dubai,Store,Fashion,Sneakers,2,66.70337848750877,0.05,126.73641912626665,74,52.736419126266654
BM-13643,2025-09-25,Nairobi,Online,Home,Storage Box,3,15.307337271116928,0.02,45.00357157708377,18,27.00357157708377
BM-13644,2025-09-25,Nairobi,Store,Fashion,Jeans,1,48.96335388230392,0.05,46.51518618818872,25,21.51518618818872
BM-13645,2025-09-25,Dubai,Online,Electronics,Phone Charger,3,17.512348148875184,0.02,51.48630355769304,21,30.48630355769304
BM-13646,2025-09-25,Bahir Dar,Online,Beauty,Shampoo,3,10.960791534559348,0.02,32.22472711160448,12,20.22472711160448
BM-13647,2025-09-25,Bahir Dar,Online,Electronics,Bluetooth Speaker,1,59.69623119698578,0.05,56.71141963713649,35,21.711419637136487
BM-13648,2025-09-25,Addis Ababa,Store,Home,Storage Box,2,14.287862465085686,0.02,28.004210431567945,12,16.004210431567945
BM-13649,2025-09-25,Dubai,Store,Electronics,Bluetooth Speaker,2,60.77216782776552,0.05,115.46711887275448,70,45.46711887275448
BM-13650,2025-09-26,Dubai,Store,Fashion,Sneakers,4,62.320527385487765,0.05,236.81800406485348,148,88.81800406485348
BM-13651,2025-09-26,Addis Ababa,Online,Fashion,Hoodie,4,41.726572747781795,0.05,158.5609764415708,80,78.5609764415708
BM-13652,2025-09-26,Dubai,Online,Fashion,Jeans,3,49.923942438284946,0.05,142.2832359491121,75,67.28323594911211
BM-13653,2025-09-26,Addis Ababa,Store,Electronics,Phone Charger,1,17.979614643065382,0.02,17.620022350204074,7,10.620022350204074
BM-13654,2025-09-26,Addis Ababa,Online,Electronics,Wireless Earbuds,1,47.61950433519703,0.05,45.23852911843718,25,20.238529118437178
BM-13655,2025-09-26,Addis Ababa,Store,Beauty,Face Cream,2,24.36810641610623,0.02,47.76148857556821,20,27.761488575568208
BM-13656,2025-09-26,Bahir Dar,Store,Home,Storage Box,2,15.213026498726329,0.02,29.817531937503603,12,17.817531937503603
BM-13657,2025-09-26,Nairobi,Store,Fashion,Jeans,2,50.79194049096291,0.05,96.50468693282951,50,46.504686932829514
BM-13658,2025-09-26,Bahir Dar,Store,Electronics,Smart Watch,1,77.95130266947973,0.05,74.05373753600574,48,26.05373753600574
BM-13659,2025-09-26,Nairobi,Online,Home,Vacuum Cleaner,1,146.56014262533154,0.08,134.83533121530502,80,54.83533121530502
BM-13660,2025-09-26,Dubai,Store,Fashion,Jeans,1,49.87600484989055,0.05,47.38220460739602,25,22.38220460739602
BM-13661,2025-09-26,Dubai,Store,Fashion,Jacket,1,91.65063458166071,0.05,87.06810285257767,45,42.06810285257767
BM-13662,2025-09-27,Dubai,Store,Fashion,Hoodie,2,42.54999466844386,0.05,80.84498987004332,40,40.84498987004332
BM-13663,2025-09-27,Addis Ababa,Store,Home,Coffee Maker,3,91.59709190233785,0.05,261.05171192166284,135,126.05171192166284
BM-13664,2025-09-27,Addis Ababa,Online,Electronics,Smart Watch,4,80.27304356523686,0.05,305.03756554790004,192,113.03756554790004
BM-13665,2025-09-27,Addis Ababa,Online,Electronics,Bluetooth Speaker,1,60.095609759592136,0.05,57.09082927161253,35,22.090829271612527
BM-13666,2025-09-27,Addis Ababa,Online,Electronics,Smartphone,1,582.601463433337,0.1,524.3413170900034,350,174.34131709000337
BM-13667,2025-09-27,Bahir Dar,Online,Home,Desk Lamp,1,29.341340195886087,0.05,27.87427318609178,14,13.87427318609178
BM-13668,2025-09-27,Addis Ababa,Store,Home,Storage Box,2,15.959823171249642,0.02,31.2812534156493,12,19.2812534156493
BM-13669,2025-09-27,Dubai,Store,Electronics,Tablet,4,192.02871081297036,0.08,706.665655791731,480,226.66565579173096
BM-13670,2025-09-27,Addis Ababa,Online,Fashion,Sneakers,3,66.48000068334963,0.05,189.46800194754644,111,78.46800194754644
BM-13671,2025-09-27,Addis Ababa,Store,Home,Storage Box,1,15.086065152963155,0.02,14.784343849903891,6,8.784343849903891
BM-13672,2025-09-27,Addis Ababa,Online,Fashion,Hoodie,1,41.74158797953641,0.05,39.654508580559586,20,19.654508580559586
BM-13673,2025-09-27,Addis Ababa,Store,Electronics,Smartphone,1,575.8357224987419,0.1,518.2521502488678,350,168.2521502488678
BM-13674,2025-09-27,Bahir Dar,Store,Electronics,Wireless Earbuds,1,45.028960510367895,0.05,42.777512484849495,25,17.777512484849495
BM-13675,2025-09-27,Addis Ababa,Online,Fashion,Sneakers,1,63.865197014819955,0.05,60.671937164078955,37,23.671937164078955
BM-13676,2025-09-27,Dubai,Online,Beauty,Makeup Kit,1,65.41202295963335,0.05,62.141421811651675,35,27.141421811651675
BM-13677,2025-09-27,Nairobi,Store,Fashion,Jacket,1,89.20786898355337,0.05,84.7474755343757,45,39.747475534375695
BM-13678,2025-09-28,Bahir Dar,Online,Beauty,Face Cream,3,23.073760751660306,0.02,67.8368566098813,30,37.836856609881295
BM-13679,2025-09-28,Addis Ababa,Online,Electronics,Smart Watch,1,78.81539837413976,0.05,74.87462845543277,48,26.87462845543277
BM-13680,2025-09-28,Addis Ababa,Store,Home,Desk Lamp,1,30.006991352675435,0.05,28.506641785041662,14,14.506641785041662
BM-13681,2025-09-28,Nairobi,Online,Fashion,Hoodie,1,42.89449423220344,0.05,40.74976952059327,20,20.74976952059327
BM-13682,2025-09-28,Dubai,Online,Fashion,Jacket,4,90.2615943090849,0.05,342.9940583745226,180,162.99405837452258
BM-13683,2025-09-28,Nairobi,Online,Fashion,Sneakers,2,66.33182962148067,0.05,126.03047628081326,74,52.03047628081326
BM-13684,2025-09-28,Addis Ababa,Store,Beauty,Face Cream,3,22.975502158883568,0.02,67.54797634711768,30,37.54797634711768
BM-13685,2025-09-28,Addis Ababa,Store,Fashion,Jacket,1,88.88345748353981,0.05,84.43928460936282,45,39.439284609362815
BM-13686,2025-09-28,Addis Ababa,Store,Fashion,Jeans,1,50.599034962244474,0.05,48.06908321413225,25,23.06908321413225
BM-13687,2025-09-28,Nairobi,Store,Home,Vacuum Cleaner,1,147.14453796117235,0.08,135.37297492427857,80,55.372974924278566
BM-13688,2025-09-28,Dubai,Online,Home,Water Bottle,1,11.829505729684474,0.02,11.592915615090785,4,7.592915615090785
BM-13689,2025-09-28,Dubai,Online,Home,Water Bottle,2,12.553956343468435,0.02,24.605754433198133,8,16.605754433198133
BM-13690,2025-09-28,Dubai,Online,Beauty,Hair Dryer,1,40.20699702088967,0.05,38.196647169845185,20,18.196647169845185
BM-13691,2025-09-28,Bahir Dar,Store,Fashion,T-Shirt,1,20.44198778781597,0.02,20.033148032059653,8,12.033148032059653
BM-13692,2025-09-28,Nairobi,Online,Electronics,Laptop,1,1162.989700230279,0.1,1046.6907302072511,500,546.6907302072511
BM-13693,2025-09-28,Addis Ababa,Store,Beauty,Perfume,2,54.865072984100564,0.05,104.24363866979107,56,48.24363866979107
BM-13694,2025-09-28,Addis Ababa,Store,Home,Coffee Maker,3,89.93381747635895,0.05,256.311379807623,135,121.31137980762298
BM-13695,2025-09-28,Addis Ababa,Online,Beauty,Face Cream,1,24.04653288794785,0.02,23.565602230188894,10,13.565602230188894
BM-13696,2025-09-29,Dubai,Online,Home,Coffee Maker,1,88.5540558004496,0.05,84.12635301042712,45,39.126353010427124
BM-13697,2025-09-29,Bahir Dar,Store,Home,Desk Lamp,1,28.975737699530114,0.05,27.526950814553608,14,13.526950814553608
BM-13698,2025-09-29,Dubai,Online,Electronics,Wireless Earbuds,1,44.70481570931334,0.05,42.46957492384767,25,17.469574923847667
BM-13699,2025-09-29,Addis Ababa,Store,Home,Storage Box,1,14.87701796725951,0.02,14.57947760791432,6,8.57947760791432
BM-13700,2025-09-29,Addis Ababa,Store,Electronics,Phone Charger,1,17.76210808110566,0.02,17.406865919483547,7,10.406865919483547
BM-13701,2025-09-29,Dubai,Online,Beauty,Makeup Kit,3,68.08608540661682,0.05,194.04534340885795,105,89.04534340885795
BM-13702,2025-09-29,Addis Ababa,Online,Beauty,Perfume,1,54.19373148993484,0.05,51.4840449154381,28,23.484044915438098
BM-13703,2025-09-29,Hawassa,Online,Home,Desk Lamp,1,28.578141208585382,0.05,27.14923414815611,14,13.149234148156111
BM-13704,2025-09-29,Nairobi,Online,Fashion,T-Shirt,1,20.279850975151838,0.02,19.8742539556488,8,11.8742539556488
BM-13705,2025-09-29,Bahir Dar,Store,Electronics,Smartphone,2,625.8456814645632,0.1,1126.5222266362139,700,426.5222266362139
BM-13706,2025-09-29,Addis Ababa,Online,Home,Coffee Maker,1,86.0685832507318,0.05,81.76515408819522,45,36.76515408819522
BM-13707,2025-09-30,Addis Ababa,Online,Beauty,Hair Dryer,1,39.16528868098257,0.05,37.20702424693344,20,17.207024246933443
BM-13708,2025-09-30,Addis Ababa,Store,Home,Storage Box,1,15.14289303277481,0.02,14.840035172119313,6,8.840035172119313
BM-13709,2025-09-30,Bahir Dar,Online,Home,Coffee Maker,2,89.71613089188972,0.05,170.46064869459045,90,80.46064869459045
BM-13710,2025-09-30,Addis Ababa,Store,Fashion,Jeans,3,47.27355523158673,0.05,134.72963241002216,75,59.72963241002216
BM-13711,2025-09-30,Bahir Dar,Online,Fashion,Jeans,1,50.10548813479835,0.05,47.60021372805843,25,22.600213728058428
BM-13712,2025-09-30,Dubai,Store,Beauty,Hair Dryer,1,41.08570674330504,0.05,39.031421406139785,20,19.031421406139785
BM-13713,2025-09-30,Bahir Dar,Online,Electronics,Smartphone,3,590.5776167399247,0.1,1594.5595651977967,1050,544.5595651977967
BM-13714,2025-09-30,Dubai,Online,Home,Desk Lamp,2,29.158435414576804,0.05,55.401027287695925,28,27.401027287695925
BM-13715,2025-09-30,Dubai,Online,Electronics,Laptop,2,1217.2332914059004,0.1,2191.0199245306208,1000,1191.0199245306208
BM-13716,2025-09-30,Bahir Dar,Store,Fashion,T-Shirt,1,20.444598114522282,0.02,20.035706152231835,8,12.035706152231835
BM-13717,2025-10-01,Nairobi,Store,Electronics,Wireless Earbuds,1,46.6723836607348,0.05,44.33876447769806,25,19.338764477698057
BM-13718,2025-10-01,Hawassa,Online,Fashion,Jeans,1,48.79221608134151,0.05,46.35260527727443,25,21.352605277274428
BM-13719,2025-10-01,Bahir Dar,Store,Fashion,Jacket,2,89.42023686442712,0.05,169.89845004241153,90,79.89845004241153
BM-13720,2025-10-01,Nairobi,Online,Home,Vacuum Cleaner,1,149.07867027096714,0.08,137.15237664928978,80,57.15237664928978
BM-13721,2025-10-01,Nairobi,Online,Home,Desk Lamp,1,29.96159782409403,0.05,28.463517932889328,14,14.463517932889328
BM-13722,2025-10-01,Addis Ababa,Online,Home,Desk Lamp,1,30.566802487494712,0.05,29.038462363119976,14,15.038462363119976
BM-13723,2025-10-01,Dubai,Store,Fashion,Sneakers,1,68.44739614600833,0.05,65.02502633870792,37,28.025026338707917
BM-13724,2025-10-01,Addis Ababa,Store,Beauty,Shampoo,2,10.471855893825124,0.02,20.524837551897242,8,12.524837551897242
BM-13725,2025-10-01,Bahir Dar,Online,Home,Vacuum Cleaner,1,152.65201572851132,0.08,140.43985447023042,80,60.439854470230415
BM-13726,2025-10-01,Bahir Dar,Store,Electronics,Smartphone,1,621.2507646328621,0.1,559.1256881695759,350,209.12568816957594
BM-13727,2025-10-01,Addis Ababa,Store,Home,Water Bottle,2,11.99230520068183,0.02,23.504918193336387,8,15.504918193336387
BM-13728,2025-10-02,Addis Ababa,Online,Home,Storage Box,1,15.361894156730251,0.02,15.054656273595645,6,9.054656273595645
BM-13729,2025-10-02,Bahir Dar,Store,Beauty,Face Cream,1,22.6588942209436,0.02,22.20571633652473,10,12.20571633652473
BM-13730,2025-10-02,Addis Ababa,Online,Electronics,Phone Charger,1,18.457226789108198,0.02,18.088082253326032,7,11.088082253326032
BM-13731,2025-10-02,Addis Ababa,Online,Electronics,Wireless Earbuds,1,45.34073878098318,0.05,43.07370184193402,25,18.073701841934017
BM-13732,2025-10-02,Nairobi,Online,Beauty,Shampoo,3,10.522209152188136,0.02,30.935294907433118,12,18.935294907433118
BM-13733,2025-10-02,Nairobi,Store,Electronics,Smart Watch,1,78.09894237855961,0.05,74.19399525963163,48,26.193995259631635
BM-13734,2025-10-02,Addis Ababa,Store,Beauty,Shampoo,1,10.39235386369465,0.02,10.184506786420757,4,6.184506786420757
BM-13735,2025-10-02,Dubai,Online,Fashion,Hoodie,1,43.297883903744165,0.05,41.132989708556956,20,21.132989708556956
BM-13736,2025-10-03,Dubai,Store,Beauty,Hair Dryer,2,40.9153477977516,0.05,77.73916081572804,40,37.73916081572804
BM-13737,2025-10-03,Addis Ababa,Store,Electronics,Smartphone,1,611.701109253718,0.1,550.5309983283462,350,200.5309983283462
BM-13738,2025-10-03,Nairobi,Online,Electronics,Laptop,1,1205.1459837572954,0.1,1084.631385381566,500,584.6313853815659
BM-13739,2025-10-03,Addis Ababa,Online,Fashion,T-Shirt,1,20.10689021593659,0.02,19.70475241161786,8,11.70475241161786
BM-13740,2025-10-03,Dubai,Online,Electronics,Smartphone,2,607.821130873703,0.1,1094.0780355726656,700,394.0780355726656
BM-13741,2025-10-03,Addis Ababa,Store,Beauty,Perfume,1,57.2610042149287,0.05,54.39795400418226,28,26.39795400418226
BM-13742,2025-10-03,Addis Ababa,Store,Electronics,Smart Watch,1,79.13110502512777,0.05,75.17454977387138,48,27.174549773871377
BM-13743,2025-10-03,Addis Ababa,Store,Home,Water Bottle,1,11.823551378046274,0.02,11.587080350485348,4,7.587080350485348
BM-13744,2025-10-03,Dubai,Online,Beauty,Perfume,1,53.607812609244455,0.05,50.92742197878223,28,22.927421978782228
BM-13745,2025-10-03,Bahir Dar,Online,Beauty,Perfume,1,51.87685650344933,0.05,49.283013678276866,28,21.283013678276866
BM-13746,2025-10-03,Nairobi,Store,Beauty,Hair Dryer,1,38.73848282439108,0.05,36.80155868317152,20,16.80155868317152
BM-13747,2025-10-04,Dubai,Store,Fashion,Jacket,3,89.52445338658569,0.05,255.1446921517692,135,120.14469215176919
BM-13748,2025-10-04,Nairobi,Online,Fashion,Jacket,1,90.37113881867397,0.05,85.85258187774026,45,40.85258187774026
BM-13749,2025-10-04,Addis Ababa,Online,Electronics,Bluetooth Speaker,1,59.68255028494097,0.05,56.698422770693924,35,21.698422770693924
BM-13750,2025-10-04,Addis Ababa,Store,Fashion,Jeans,1,49.13447509852526,0.05,46.67775134359899,25,21.67775134359899
BM-13751,2025-10-04,Bahir Dar,Online,Electronics,Tablet,2,199.33837577419814,0.08,366.7826114245246,240,126.78261142452459
BM-13752,2025-10-04,Bahir Dar,Store,Beauty,Face Cream,1,24.175800328784362,0.02,23.692284322208675,10,13.692284322208675
BM-13753,2025-10-04,Hawassa,Store,Home,Vacuum Cleaner,2,153.11565702037257,0.08,281.73280891748556,160,121.73280891748556
BM-13754,2025-10-04,Addis Ababa,Store,Fashion,Hoodie,1,41.38811380087766,0.05,39.318708110833775,20,19.318708110833775
BM-13755,2025-10-04,Dubai,Online,Electronics,Tablet,1,195.68963011365074,0.08,180.03445970455869,120,60.034459704558685
BM-13756,2025-10-05,Dubai,Store,Beauty,Perfume,1,54.77158420823448,0.05,52.03300499782275,28,24.03300499782275
BM-13757,2025-10-05,Addis Ababa,Online,Home,Desk Lamp,1,31.04046470036012,0.05,29.48844146534211,14,15.48844146534211
BM-13758,2025-10-05,Dubai,Store,Beauty,Shampoo,1,11.20921765234175,0.02,10.985033299294914,4,6.985033299294914
BM-13759,2025-10-05,Bahir Dar,Store,Electronics,Phone Charger,2,18.335424443888307,0.02,35.93743191002108,14,21.937431910021083
BM-13760,2025-10-05,Hawassa,Store,Beauty,Perfume,1,54.05667789836057,0.05,51.35384400344254,28,23.35384400344254
BM-13761,2025-10-05,Nairobi,Online,Beauty,Face Cream,1,24.45717848141022,0.02,23.968034911782016,10,13.968034911782016
BM-13762,2025-10-05,Nairobi,Online,Beauty,Shampoo,1,10.60621119855353,0.02,10.394086974582459,4,6.394086974582459
BM-13763,2025-10-05,Dubai,Online,Electronics,Laptop,1,1140.098881571891,0.1,1026.088993414702,500,526.0889934147019
BM-13764,2025-10-05,Addis Ababa,Store,Beauty,Perfume,2,56.25074592965484,0.05,106.87641726634419,56,50.87641726634419
BM-13765,2025-10-05,Dubai,Online,Electronics,Smart Watch,1,82.95027421368474,0.05,78.8027605030005,48,30.8027605030005
BM-13766,2025-10-05,Dubai,Store,Beauty,Shampoo,1,10.745593024566196,0.02,10.530681164074872,4,6.530681164074872
BM-13767,2025-10-05,Dubai,Store,Fashion,T-Shirt,1,19.608572180859937,0.02,19.21640073724274,8,11.21640073724274
BM-13768,2025-10-06,Dubai,Online,Electronics,Tablet,1,199.29466236601075,0.08,183.3510893767299,120,63.3510893767299
BM-13769,2025-10-06,Nairobi,Online,Electronics,Phone Charger,2,17.83591137189052,0.02,34.95838628890542,14,20.958386288905423
BM-13770,2025-10-06,Addis Ababa,Online,Electronics,Laptop,1,1236.0340684570874,0.1,1112.4306616113788,500,612.4306616113788
BM-13771,2025-10-06,Addis Ababa,Store,Home,Desk Lamp,1,30.17247282161536,0.05,28.66384918053459,14,14.66384918053459
BM-13772,2025-10-06,Dubai,Online,Beauty,Makeup Kit,2,72.08783314902568,0.05,136.9668829831488,70,66.96688298314879
BM-13773,2025-10-06,Addis Ababa,Store,Home,Vacuum Cleaner,3,154.4072593848992,0.08,426.1640359023218,240,186.1640359023218
BM-13774,2025-10-06,Bahir Dar,Store,Beauty,Shampoo,3,11.039359673042501,0.02,32.455717438744955,12,20.455717438744955
BM-13775,2025-10-06,Dubai,Online,Fashion,Hoodie,2,40.97575642996337,0.05,77.85393721693039,40,37.85393721693039
BM-13776,2025-10-06,Nairobi,Store,Beauty,Makeup Kit,2,69.85133154876115,0.05,132.7175299426462,70,62.717529942646195
BM-13777,2025-10-06,Addis Ababa,Online,Home,Coffee Maker,2,89.14187926757307,0.05,169.36957060838884,90,79.36957060838884
BM-13778,2025-10-07,Addis Ababa,Store,Home,Water Bottle,2,12.122764022766049,0.02,23.760617484621456,8,15.760617484621456
BM-13779,2025-10-07,Bahir Dar,Online,Fashion,Sneakers,2,63.740243602207116,0.05,121.10646284419352,74,47.106462844193516
BM-13780,2025-10-07,Addis Ababa,Store,Home,Vacuum Cleaner,2,150.29763812256544,0.08,276.5476541455204,160,116.54765414552043
BM-13781,2025-10-07,Nairobi,Online,Home,Storage Box,2,15.070554052226454,0.02,29.53828594236385,12,17.53828594236385
BM-13782,2025-10-07,Dubai,Store,Fashion,Sneakers,1,66.22192130239453,0.05,62.91082523727481,37,25.910825237274807
BM-13783,2025-10-07,Nairobi,Online,Home,Vacuum Cleaner,4,148.30863444920325,0.08,545.775774773068,320,225.77577477306795
BM-13784,2025-10-07,Bahir Dar,Store,Electronics,Smartphone,1,602.8998995964143,0.1,542.609909636773,350,192.60990963677295
BM-13785,2025-10-07,Nairobi,Online,Electronics,Tablet,1,207.4753901189149,0.08,190.87735890940172,120,70.87735890940172
BM-13786,2025-10-07,Dubai,Online,Fashion,Jeans,1,51.04032829679439,0.05,48.48831188195467,25,23.488311881954672
BM-13787,2025-10-07,Addis Ababa,Store,Electronics,Laptop,1,1216.6780042681712,0.1,1095.010203841354,500,595.010203841354
BM-13788,2025-10-07,Dubai,Online,Fashion,Jeans,1,52.05538827652927,0.05,49.452618862702806,25,24.452618862702806
BM-13789,2025-10-07,Hawassa,Online,Electronics,Smartphone,3,606.2576262339484,0.1,1636.8955908316605,1050,586.8955908316605
BM-13790,2025-10-07,Dubai,Online,Fashion,Hoodie,1,43.242548878938024,0.05,41.08042143499112,20,21.080421434991123
BM-13791,2025-10-07,Nairobi,Online,Home,Water Bottle,1,11.405226289239652,0.02,11.177121763454858,4,7.177121763454858
BM-13792,2025-10-07,Bahir Dar,Store,Beauty,Makeup Kit,2,68.23805104201696,0.05,129.65229697983222,70,59.652296979832215
BM-13793,2025-10-07,Dubai,Store,Electronics,Wireless Earbuds,2,44.0634107922856,0.05,83.72048050534264,50,33.720480505342636
BM-13794,2025-10-08,Dubai,Online,Fashion,Jeans,2,50.644415356296705,0.05,96.22438917696374,50,46.22438917696374
BM-13795,2025-10-08,Addis Ababa,Online,Beauty,Perfume,1,52.354470851333325,0.05,49.73674730876666,28,21.73674730876666
BM-13796,2025-10-08,Addis Ababa,Online,Electronics,Wireless Earbuds,1,45.39864162946733,0.05,43.12870954799396,25,18.128709547993957
BM-13797,2025-10-08,Addis Ababa,Online,Home,Water Bottle,1,12.208655204240763,0.02,11.964482100155948,4,7.964482100155948
BM-13798,2025-10-08,Addis Ababa,Store,Home,Coffee Maker,2,91.07545716864499,0.05,173.04336862042547,90,83.04336862042547
BM-13799,2025-10-08,Addis Ababa,Online,Fashion,T-Shirt,1,19.796283214495446,0.02,19.400357550205538,8,11.400357550205538
BM-13800,2025-10-08,Addis Ababa,Online,Beauty,Makeup Kit,2,68.9278880270613,0.05,130.96298725141645,70,60.96298725141645
BM-13801,2025-10-08,Dubai,Online,Electronics,Laptop,1,1225.6972995609892,0.1,1103.1275696048904,500,603.1275696048904
BM-13802,2025-10-08,Addis Ababa,Store,Electronics,Phone Charger,2,17.695936997541207,0.02,34.684036515180765,14,20.684036515180765
BM-13803,2025-10-08,Addis Ababa,Online,Home,Water Bottle,1,12.119656305423865,0.02,11.877263179315387,4,7.877263179315387
BM-13804,2025-10-08,Addis Ababa,Online,Fashion,Jacket,1,90.48226841889189,0.05,85.95815499794729,45,40.95815499794729
BM-13805,2025-10-08,Bahir Dar,Store,Beauty,Makeup Kit,1,70.32922866757953,0.05,66.81276723420055,35,31.81276723420055
BM-13806,2025-10-08,Hawassa,Online,Home,Water Bottle,3,11.837380314747575,0.02,34.801898125357866,12,22.801898125357866
BM-13807,2025-10-08,Nairobi,Online,Beauty,Face Cream,1,24.018058171565933,0.02,23.537697008134614,10,13.537697008134614
BM-13808,2025-10-08,Dubai,Online,Electronics,Bluetooth Speaker,2,59.9404778425701,0.05,113.88690790088317,70,43.88690790088317
BM-13809,2025-10-08,Addis Ababa,Online,Beauty,Makeup Kit,1,72.77236222791122,0.05,69.13374411651566,35,34.13374411651566
BM-13810,2025-10-09,Hawassa,Online,Beauty,Perfume,1,56.71509920603863,0.05,53.8793442457367,28,25.879344245736696
BM-13811,2025-10-09,Hawassa,Store,Electronics,Smartphone,1,582.1203476107056,0.1,523.9083128496351,350,173.90831284963508
BM-13812,2025-10-09,Bahir Dar,Online,Beauty,Makeup Kit,2,69.60636483995289,0.05,132.25209319591048,70,62.252093195910476
BM-13813,2025-10-09,Nairobi,Store,Home,Vacuum Cleaner,3,144.54595217659875,0.08,398.94682800741253,240,158.94682800741253
BM-13814,2025-10-09,Nairobi,Online,Home,Water Bottle,1,11.531396665401235,0.02,11.30076873209321,4,7.300768732093211
BM-13815,2025-10-09,Bahir Dar,Online,Home,Vacuum Cleaner,1,152.86886054891013,0.08,140.63935170499732,80,60.639351704997324
BM-13816,2025-10-09,Hawassa,Online,Fashion,T-Shirt,2,20.246930286917863,0.02,39.68398336235901,16,23.683983362359008
BM-13817,2025-10-09,Dubai,Store,Home,Storage Box,1,14.703371190257386,0.02,14.409303766452238,6,8.409303766452238
BM-13818,2025-10-09,Addis Ababa,Store,Fashion,Jacket,2,86.2289458108405,0.05,163.83499704059693,90,73.83499704059693
BM-13819,2025-10-09,Dubai,Store,Electronics,Smart Watch,3,80.06407502062379,0.05,228.1826138087778,144,84.1826138087778
BM-13820,2025-10-09,Dubai,Online,Home,Coffee Maker,2,88.38931528021413,0.05,167.93969903240685,90,77.93969903240685
BM-13821,2025-10-09,Bahir Dar,Online,Electronics,Phone Charger,3,18.109141328251678,0.02,53.240875505059925,21,32.240875505059925
BM-13822,2025-10-09,Addis Ababa,Store,Beauty,Hair Dryer,1,38.712835626275336,0.05,36.777193844961566,20,16.777193844961566
BM-13823,2025-10-10,Addis Ababa,Online,Fashion,Jeans,1,50.64581635351748,0.05,48.1135255358416,25,23.113525535841603
BM-13824,2025-10-10,Nairobi,Online,Home,Water Bottle,1,12.146506228531944,0.02,11.903576103961305,4,7.903576103961305
BM-13825,2025-10-10,Nairobi,Store,Home,Desk Lamp,2,30.38272608238042,0.05,57.72717955652279,28,29.727179556522792
BM-13826,2025-10-10,Bahir Dar,Store,Electronics,Smart Watch,1,78.75777361159236,0.05,74.81988493101274,48,26.819884931012737
BM-13827,2025-10-10,Bahir Dar,Online,Beauty,Hair Dryer,2,40.96538733072629,0.05,77.83423592837994,40,37.83423592837994
BM-13828,2025-10-10,Nairobi,Online,Electronics,Wireless Earbuds,1,45.06820885094769,0.05,42.81479840840031,25,17.814798408400307
BM-13829,2025-10-10,Bahir Dar,Store,Home,Coffee Maker,1,88.49735537148594,0.05,84.07248760291164,45,39.072487602911636
BM-13830,2025-10-10,Addis Ababa,Store,Home,Coffee Maker,3,93.31467614155925,0.05,265.94682700344384,135,130.94682700344384
BM-13831,2025-10-10,Addis Ababa,Store,Beauty,Makeup Kit,1,72.28659520613807,0.05,68.67226544583117,35,33.67226544583117
BM-13832,2025-10-10,Bahir Dar,Store,Fashion,Sneakers,1,65.53805768648198,0.05,62.261154802157876,37,25.261154802157876
BM-13833,2025-10-10,Addis Ababa,Online,Fashion,T-Shirt,1,19.6526337061638,0.02,19.259581032040526,8,11.259581032040526
BM-13834,2025-10-10,Dubai,Online,Fashion,Jacket,1,89.90029702030031,0.05,85.4052821692853,45,40.4052821692853
BM-13835,2025-10-10,Bahir Dar,Online,Home,Desk Lamp,3,28.9947129092387,0.05,82.63493179133029,42,40.63493179133029
BM-13836,2025-10-10,Bahir Dar,Online,Home,Vacuum Cleaner,1,147.7864089712177,0.08,135.96349625352028,80,55.963496253520276
BM-13837,2025-10-10,Addis Ababa,Store,Fashion,Sneakers,2,66.25638325678699,0.05,125.88712818789527,74,51.88712818789527
BM-13838,2025-10-11,Addis Ababa,Store,Home,Storage Box,1,14.201557885610724,0.02,13.917526727898508,6,7.917526727898508
BM-13839,2025-10-11,Bahir Dar,Online,Electronics,Smart Watch,1,79.64401143823999,0.05,75.66181086632798,48,27.661810866327983
BM-13840,2025-10-11,Nairobi,Online,Fashion,Sneakers,1,67.80265270306096,0.05,64.4125200679079,37,27.412520067907906
BM-13841,2025-10-11,Addis Ababa,Store,Electronics,Wireless Earbuds,1,45.60808053942637,0.05,43.32767651245505,25,18.32767651245505
BM-13842,2025-10-11,Nairobi,Store,Electronics,Smart Watch,1,82.75460531178047,0.05,78.61687504619144,48,30.61687504619144
BM-13843,2025-10-11,Bahir Dar,Online,Beauty,Perfume,3,56.10006967197003,0.05,159.8851985651146,84,75.88519856511459
BM-13844,2025-10-11,Addis Ababa,Store,Electronics,Laptop,4,1247.6401808763105,0.1,4491.504651154718,2000,2491.504651154718
BM-13845,2025-10-11,Addis Ababa,Store,Home,Vacuum Cleaner,3,151.53160617247147,0.08,418.2272330360213,240,178.2272330360213
BM-13846,2025-10-11,Nairobi,Store,Electronics,Bluetooth Speaker,3,60.531313208984294,0.05,172.51424264560524,105,67.51424264560524
BM-13847,2025-10-11,Addis Ababa,Online,Beauty,Hair Dryer,2,38.772132524130576,0.05,73.6670517958481,40,33.667051795848096
BM-13848,2025-10-11,Addis Ababa,Online,Electronics,Phone Charger,1,18.003974069325547,0.02,17.643894587939037,7,10.643894587939037
BM-13849,2025-10-11,Hawassa,Online,Beauty,Makeup Kit,1,68.49182425229125,0.05,65.06723303967668,35,30.06723303967668
BM-13850,2025-10-11,Addis Ababa,Store,Beauty,Perfume,2,54.37391802548079,0.05,103.3104442484135,56,47.3104442484135
BM-13851,2025-10-11,Bahir Dar,Online,Home,Coffee Maker,2,89.75807351804336,0.05,170.54033968428237,90,80.54033968428237
BM-13852,2025-10-11,Bahir Dar,Online,Fashion,T-Shirt,3,19.36919656263919,0.02,56.94543789415921,24,32.94543789415921
BM-13853,2025-10-11,Nairobi,Store,Fashion,T-Shirt,1,19.830877108108734,0.02,19.434259565946558,8,11.434259565946558
BM-13854,2025-10-11,Dubai,Online,Electronics,Tablet,1,199.96794123561125,0.08,183.97050593676235,120,63.97050593676235
BM-13855,2025-10-11,Addis Ababa,Online,Fashion,Jeans,1,51.94059005331913,0.05,49.343560550653166,25,24.343560550653166
BM-13856,2025-10-12,Bahir Dar,Store,Electronics,Smart Watch,1,79.7039106624947,0.05,75.71871512936997,48,27.71871512936997
BM-13857,2025-10-12,Addis Ababa,Online,Electronics,Tablet,1,197.29869627321813,0.08,181.5148005713607,120,61.514800571360695
BM-13858,2025-10-12,Bahir Dar,Store,Electronics,Smart Watch,1,78.5193538217763,0.05,74.59338613068749,48,26.59338613068749
BM-13859,2025-10-12,Bahir Dar,Online,Electronics,Smartphone,2,614.0636179408136,0.1,1105.3145122934645,700,405.31451229346453
BM-13860,2025-10-12,Addis Ababa,Online,Beauty,Shampoo,2,11.118624436079518,0.02,21.792503894715853,8,13.792503894715853
BM-13861,2025-10-12,Addis Ababa,Store,Fashion,Hoodie,1,41.62790586425708,0.05,39.54651057104422,20,19.546510571044223
BM-13862,2025-10-12,Dubai,Online,Home,Water Bottle,1,12.275557859909433,0.02,12.030046702711244,4,8.030046702711244
BM-13863,2025-10-12,Dubai,Store,Electronics,Tablet,1,197.79712591933463,0.08,181.97335584578786,120,61.973355845787864
BM-13864,2025-10-12,Dubai,Online,Beauty,Shampoo,1,11.144224229840548,0.02,10.921339745243737,4,6.921339745243737
BM-13865,2025-10-12,Addis Ababa,Online,Home,Vacuum Cleaner,4,153.94710407721004,0.08,566.525343004133,320,246.525343004133
BM-13866,2025-10-12,Addis Ababa,Online,Beauty,Makeup Kit,3,73.15939936707599,0.05,208.50428819616656,105,103.50428819616656
BM-13867,2025-10-12,Addis Ababa,Online,Beauty,Perfume,1,55.83659659090371,0.05,53.044766761358524,28,25.044766761358524
BM-13868,2025-10-12,Nairobi,Store,Beauty,Makeup Kit,1,72.5244458909096,0.05,68.89822359636412,35,33.89822359636412
BM-13869,2025-10-12,Addis Ababa,Online,Beauty,Makeup Kit,2,67.48226660445552,0.05,128.21630654846547,70,58.21630654846547
BM-13870,2025-10-12,Bahir Dar,Store,Fashion,T-Shirt,3,21.07715887010364,0.02,61.9668470781047,24,37.9668470781047
BM-13871,2025-10-12,Bahir Dar,Store,Fashion,Sneakers,1,63.952129625056195,0.05,60.75452314380338,37,23.754523143803382
BM-13872,2025-10-13,Nairobi,Online,Fashion,Jeans,3,46.53764547689429,0.05,132.63228960914873,75,57.63228960914873
BM-13873,2025-10-13,Addis Ababa,Store,Home,Water Bottle,1,11.919184187331618,0.02,11.680800503584985,4,7.680800503584985
BM-13874,2025-10-13,Addis Ababa,Online,Electronics,Smartphone,1,585.0458511738549,0.1,526.5412660564695,350,176.54126605646945
BM-13875,2025-10-13,Nairobi,Store,Beauty,Shampoo,1,11.015871464366857,0.02,10.795554035079519,4,6.795554035079519
BM-13876,2025-10-13,Dubai,Store,Fashion,T-Shirt,1,19.588155645428433,0.02,19.196392532519862,8,11.196392532519862
BM-13877,2025-10-13,Addis Ababa,Store,Beauty,Perfume,1,54.039938920789446,0.05,51.337941974749974,28,23.337941974749974
BM-13878,2025-10-13,Addis Ababa,Online,Fashion,Hoodie,2,42.5628369507879,0.05,80.869390206497,40,40.869390206497
BM-13879,2025-10-13,Addis Ababa,Store,Home,Coffee Maker,1,86.58989540580941,0.05,82.26040063551893,45,37.260400635518934
BM-13880,2025-10-13,Addis Ababa,Store,Home,Water Bottle,2,12.080769867027637,0.02,23.67830893937417,8,15.678308939374169
BM-13881,2025-10-13,Addis Ababa,Online,Home,Water Bottle,1,11.817845722332688,0.02,11.581488807886034,4,7.581488807886034
BM-13882,2025-10-13,Nairobi,Store,Beauty,Perfume,1,54.446415178715,0.05,51.72409441977925,28,23.72409441977925
BM-13883,2025-10-13,Addis Ababa,Store,Electronics,Bluetooth Speaker,1,60.3242352069019,0.05,57.3080234465568,35,22.308023446556803
BM-13884,2025-10-13,Addis Ababa,Store,Beauty,Face Cream,1,24.883614591288424,0.02,24.385942299462656,10,14.385942299462656
BM-13885,2025-10-13,Dubai,Store,Fashion,Jeans,1,50.449495567854605,0.05,47.92702078946187,25,22.92702078946187
BM-13886,2025-10-13,Dubai,Online,Electronics,Laptop,1,1182.8403754719002,0.1,1064.5563379247103,500,564.5563379247103
BM-13887,2025-10-13,Addis Ababa,Store,Electronics,Bluetooth Speaker,1,62.3322322018634,0.05,59.215620591770225,35,24.215620591770225
BM-13888,2025-10-13,Dubai,Store,Home,Coffee Maker,4,91.07040487429559,0.05,346.0675385223232,180,166.06753852232322
BM-13889,2025-10-14,Nairobi,Online,Home,Water Bottle,1,12.679226568394183,0.02,12.4256420370263,4,8.4256420370263
BM-13890,2025-10-14,Addis Ababa,Online,Home,Coffee Maker,2,93.20808336903197,0.05,177.09535840116072,90,87.09535840116072
BM-13891,2025-10-14,Nairobi,Store,Electronics,Tablet,2,196.077078819089,0.08,360.7818250271238,240,120.78182502712377
BM-13892,2025-10-14,Bahir Dar,Online,Beauty,Hair Dryer,1,39.9785975669021,0.05,37.979667688556994,20,17.979667688556994
BM-13893,2025-10-14,Nairobi,Online,Home,Vacuum Cleaner,1,149.69247757264492,0.08,137.71707936683333,80,57.71707936683333
BM-13894,2025-10-14,Nairobi,Online,Electronics,Wireless Earbuds,2,45.56288000567191,0.05,86.56947201077662,50,36.56947201077662
BM-13895,2025-10-14,Addis Ababa,Online,Home,Desk Lamp,1,30.14887582487116,0.05,28.6414320336276,14,14.641432033627598
BM-13896,2025-10-14,Dubai,Online,Beauty,Face Cream,1,24.179133626187408,0.02,23.69555095366366,10,13.695550953663659
BM-13897,2025-10-14,Dubai,Online,Fashion,T-Shirt,1,19.841944282743654,0.02,19.44510539708878,8,11.445105397088781
BM-13898,2025-10-14,Addis Ababa,Online,Beauty,Perfume,1,54.05392919410792,0.05,51.35123273440252,28,23.351232734402522
BM-13899,2025-10-14,Addis Ababa,Online,Beauty,Shampoo,1,11.123709222495512,0.02,10.901235038045602,4,6.901235038045602
BM-13900,2025-10-14,Nairobi,Online,Fashion,Sneakers,1,66.43851507728134,0.05,63.116589323417266,37,26.116589323417266
BM-13901,2025-10-15,Dubai,Store,Beauty,Shampoo,1,11.375230859202787,0.02,11.14772624201873,4,7.147726242018731
BM-13902,2025-10-15,Nairobi,Store,Beauty,Makeup Kit,1,70.35179706837822,0.05,66.8342072149593,35,31.834207214959306
BM-13903,2025-10-15,Nairobi,Online,Beauty,Face Cream,2,24.128953235462525,0.02,47.292748341506545,20,27.292748341506545
BM-13904,2025-10-15,Dubai,Store,Home,Vacuum Cleaner,1,148.8394880555387,0.08,136.93232901109562,80,56.93232901109562
BM-13905,2025-10-15,Addis Ababa,Store,Beauty,Makeup Kit,1,72.00860345104549,0.05,68.40817327849321,35,33.40817327849321
BM-13906,2025-10-15,Hawassa,Store,Fashion,T-Shirt,1,20.119100012392295,0.02,19.716718012144447,8,11.716718012144447
BM-13907,2025-10-15,Addis Ababa,Online,Fashion,T-Shirt,2,19.162640567202555,0.02,37.55877551171701,16,21.55877551171701
BM-13908,2025-10-15,Addis Ababa,Online,Home,Vacuum Cleaner,3,152.4775287079423,0.08,420.8379792339208,240,180.8379792339208
BM-13909,2025-10-16,Addis Ababa,Online,Beauty,Hair Dryer,1,41.54364931738363,0.05,39.46646685151445,20,19.466466851514447
BM-13910,2025-10-16,Nairobi,Online,Home,Vacuum Cleaner,2,155.50660411379945,0.08,286.132151569391,160,126.132151569391
BM-13911,2025-10-16,Dubai,Online,Beauty,Perfume,2,56.06111565722469,0.05,106.51611974872691,56,50.51611974872691
BM-13912,2025-10-16,Hawassa,Online,Beauty,Makeup Kit,1,68.63220346735226,0.05,65.20059329398464,35,30.20059329398464
BM-13913,2025-10-16,Nairobi,Store,Home,Desk Lamp,1,30.32947231973201,0.05,28.812998703745407,14,14.812998703745407
BM-13914,2025-10-16,Dubai,Store,Beauty,Perfume,2,57.749551464140055,0.05,109.7241477818661,56,53.724147781866094
BM-13915,2025-10-16,Nairobi,Store,Fashion,Jeans,1,51.668618529318586,0.05,49.085187602852656,25,24.085187602852656
BM-13916,2025-10-16,Bahir Dar,Store,Electronics,Smartphone,1,599.010556751553,0.1,539.1095010763978,350,189.1095010763978
BM-13917,2025-10-16,Addis Ababa,Store,Home,Water Bottle,1,11.352136770706815,0.02,11.12509403529268,4,7.12509403529268
BM-13918,2025-10-16,Bahir Dar,Online,Beauty,Perfume,1,52.98173810097953,0.05,50.332651195930545,28,22.332651195930545
BM-13919,2025-10-16,Nairobi,Online,Fashion,T-Shirt,2,19.824195566659675,0.02,38.85542331065296,16,22.85542331065296
BM-13920,2025-10-16,Addis Ababa,Online,Electronics,Tablet,1,198.44682697914175,0.08,182.5710808208104,120,62.57108082081041
BM-13921,2025-10-17,Nairobi,Online,Electronics,Phone Charger,1,18.444839588206474,0.02,18.075942796442344,7,11.075942796442344
BM-13922,2025-10-17,Bahir Dar,Online,Electronics,Smart Watch,1,80.09410589564575,0.05,76.08940060086346,48,28.089400600863456
BM-13923,2025-10-17,Dubai,Online,Beauty,Makeup Kit,2,71.01123964082424,0.05,134.92135531756605,70,64.92135531756605
BM-13924,2025-10-17,Hawassa,Online,Fashion,Hoodie,1,41.88662028423777,0.05,39.79228927002588,20,19.792289270025883
BM-13925,2025-10-17,Addis Ababa,Store,Beauty,Perfume,4,57.47569572723333,0.05,218.40764376348665,112,106.40764376348665
BM-13926,2025-10-17,Addis Ababa,Store,Home,Storage Box,1,14.674001451506184,0.02,14.38052142247606,6,8.38052142247606
BM-13927,2025-10-17,Bahir Dar,Online,Fashion,Hoodie,2,41.77958295539305,0.05,79.3812076152468,40,39.381207615246794
BM-13928,2025-10-17,Bahir Dar,Store,Beauty,Hair Dryer,1,38.65222401836941,0.05,36.71961281745094,20,16.719612817450937
BM-13929,2025-10-17,Dubai,Store,Electronics,Wireless Earbuds,2,43.464342502811355,0.05,82.58225075534158,50,32.582250755341576
BM-13930,2025-10-17,Addis Ababa,Online,Beauty,Hair Dryer,4,39.73929664010565,0.05,151.00932723240146,80,71.00932723240146
BM-13931,2025-10-17,Addis Ababa,Online,Home,Vacuum Cleaner,4,146.40538640542277,0.08,538.7718219719559,320,218.7718219719559
BM-13932,2025-10-17,Addis Ababa,Online,Beauty,Shampoo,4,10.770297193903339,0.02,42.219565000101085,16,26.219565000101085
BM-13933,2025-10-17,Addis Ababa,Online,Electronics,Wireless Earbuds,2,44.059530438356155,0.05,83.71310783287669,50,33.71310783287669
BM-13934,2025-10-17,Dubai,Store,Fashion,Jacket,2,91.92519310137347,0.05,174.65786689260958,90,84.65786689260958
BM-13935,2025-10-18,Addis Ababa,Store,Electronics,Smartphone,1,581.3423284305225,0.1,523.2080955874702,350,173.2080955874702
BM-13936,2025-10-18,Hawassa,Online,Fashion,Jeans,1,52.56861615139141,0.05,49.94018534382184,25,24.940185343821838
BM-13937,2025-10-18,Nairobi,Online,Fashion,Jeans,2,49.930142433879055,0.05,94.8672706243702,50,44.86727062437021
BM-13938,2025-10-18,Nairobi,Online,Electronics,Smartphone,2,603.5277993343711,0.1,1086.350038801868,700,386.3500388018681
BM-13939,2025-10-18,Nairobi,Online,Fashion,Hoodie,2,41.2756735228139,0.05,78.4237796933464,40,38.423779693346404
BM-13940,2025-10-18,Dubai,Store,Beauty,Face Cream,1,23.53271565553258,0.02,23.062061342421927,10,13.062061342421927
BM-13941,2025-10-18,Dubai,Online,Fashion,Sneakers,2,65.44388880337789,0.05,124.34338872641798,74,50.343388726417984
BM-13942,2025-10-18,Addis Ababa,Store,Electronics,Tablet,1,196.40239910264557,0.08,180.69020717443394,120,60.69020717443394
BM-13943,2025-10-18,Nairobi,Online,Home,Coffee Maker,1,87.15957960936757,0.05,82.80160062889918,45,37.80160062889918
BM-13944,2025-10-18,Addis Ababa,Store,Beauty,Makeup Kit,4,70.80761751157921,0.05,269.068946544001,140,129.068946544001
BM-13945,2025-10-18,Bahir Dar,Online,Fashion,Sneakers,2,65.37711929394611,0.05,124.2165266584976,74,50.2165266584976
BM-13946,2025-10-18,Dubai,Online,Home,Water Bottle,3,12.373747588205177,0.02,36.37881790932322,12,24.378817909323217
BM-13947,2025-10-18,Nairobi,Store,Electronics,Smart Watch,1,81.03769855252631,0.05,76.98581362489999,48,28.98581362489999
BM-13948,2025-10-18,Addis Ababa,Store,Beauty,Hair Dryer,2,41.005175556367135,0.05,77.90983355709756,40,37.909833557097556
BM-13949,2025-10-18,Nairobi,Online,Beauty,Shampoo,1,10.884196018540921,0.02,10.666512098170102,4,6.666512098170102
BM-13950,2025-10-18,Addis Ababa,Store,Beauty,Face Cream,1,23.995021939428128,0.02,23.515121500639566,10,13.515121500639566
BM-13951,2025-10-19,Addis Ababa,Store,Home,Water Bottle,1,11.930463753856165,0.02,11.69185447877904,4,7.691854478779041
BM-13952,2025-10-19,Dubai,Store,Home,Desk Lamp,3,31.282931931744194,0.05,89.15635600547094,42,47.15635600547094
BM-13953,2025-10-19,Dubai,Online,Fashion,Jacket,1,90.86331847308908,0.05,86.32015254943462,45,41.320152549434624
BM-13954,2025-10-19,Bahir Dar,Online,Beauty,Makeup Kit,2,67.9961205728717,0.05,129.19262908845624,70,59.19262908845624
BM-13955,2025-10-19,Hawassa,Store,Fashion,Jacket,4,90.87682700337871,0.05,345.3319426128391,180,165.3319426128391
BM-13956,2025-10-19,Dubai,Store,Electronics,Wireless Earbuds,1,44.51127304678855,0.05,42.28570939444912,25,17.28570939444912
BM-13957,2025-10-19,Addis Ababa,Online,Home,Water Bottle,2,12.136159966301953,0.02,23.786873533951827,8,15.786873533951827
BM-13958,2025-10-19,Addis Ababa,Store,Home,Coffee Maker,1,87.92462971668449,0.05,83.52839823085026,45,38.52839823085026
BM-13959,2025-10-19,Addis Ababa,Store,Home,Storage Box,2,15.184329097160603,0.02,29.76128503043478,12,17.76128503043478
BM-13960,2025-10-19,Hawassa,Online,Beauty,Makeup Kit,2,67.71212072422831,0.05,128.6530293760338,70,58.6530293760338
BM-13961,2025-10-19,Addis Ababa,Store,Beauty,Hair Dryer,1,40.547114935294715,0.05,38.519759188529974,20,18.519759188529974
BM-13962,2025-10-19,Addis Ababa,Online,Home,Vacuum Cleaner,1,149.72515858297317,0.08,137.74714589633533,80,57.747145896335326
BM-13963,2025-10-19,Dubai,Online,Electronics,Laptop,1,1144.2097052753204,0.1,1029.7887347477883,500,529.7887347477883
BM-13964,2025-10-19,Nairobi,Online,Beauty,Hair Dryer,1,40.83940039597995,0.05,38.79743037618095,20,18.797430376180948
BM-13965,2025-10-19,Addis Ababa,Store,Beauty,Perfume,2,54.72473401516021,0.05,103.97699462880439,56,47.97699462880439
BM-13966,2025-10-19,Nairobi,Online,Beauty,Shampoo,1,11.063243431631456,0.02,10.841978562998827,4,6.841978562998827
BM-13967,2025-10-19,Addis Ababa,Store,Electronics,Phone Charger,1,17.58610690643013,0.02,17.234384768301524,7,10.234384768301524
BM-13968,2025-10-20,Hawassa,Online,Home,Water Bottle,2,12.01661830429731,0.02,23.55257187642273,8,15.552571876422729
BM-13969,2025-10-20,Dubai,Store,Beauty,Face Cream,1,23.07162202228389,0.02,22.610189581838213,10,12.610189581838213
BM-13970,2025-10-20,Addis Ababa,Online,Fashion,Jeans,1,47.67966562654336,0.05,45.29568234521619,25,20.295682345216193
BM-13971,2025-10-20,Addis Ababa,Online,Beauty,Makeup Kit,1,73.56275024217751,0.05,69.88461273006864,35,34.88461273006864
BM-13972,2025-10-20,Nairobi,Store,Electronics,Laptop,2,1179.279976512559,0.1,2122.703957722606,1000,1122.703957722606
BM-13973,2025-10-20,Dubai,Online,Fashion,Jeans,1,51.34102960916267,0.05,48.773978128704535,25,23.773978128704535
BM-13974,2025-10-20,Bahir Dar,Online,Home,Storage Box,2,15.214951042807003,0.02,29.821304043901726,12,17.821304043901726
BM-13975,2025-10-20,Dubai,Online,Beauty,Face Cream,1,25.073149811272412,0.02,24.571686815046963,10,14.571686815046963
BM-13976,2025-10-20,Bahir Dar,Online,Beauty,Face Cream,2,24.00877998339923,0.02,47.05720876746249,20,27.05720876746249
BM-13977,2025-10-20,Nairobi,Store,Home,Water Bottle,1,11.946637021597088,0.02,11.707704281165146,4,7.707704281165146
BM-13978,2025-10-20,Bahir Dar,Store,Electronics,Wireless Earbuds,1,46.06411172480396,0.05,43.760906138563755,25,18.760906138563755
BM-13979,2025-10-20,Addis Ababa,Store,Fashion,Jeans,1,51.42007153283458,0.05,48.84906795619285,25,23.849067956192847
BM-13980,2025-10-21,Bahir Dar,Online,Fashion,Jacket,3,91.57198611521788,0.05,260.98016042837094,135,125.98016042837094
BM-13981,2025-10-21,Addis Ababa,Store,Beauty,Perfume,2,57.33752481564512,0.05,108.94129714972571,56,52.94129714972571
BM-13982,2025-10-21,Nairobi,Online,Fashion,Jeans,1,50.82275997256458,0.05,48.28162197393635,25,23.281621973936353
BM-13983,2025-10-21,Addis Ababa,Online,Electronics,Wireless Earbuds,1,43.98329907954504,0.05,41.78413412556779,25,16.78413412556779
BM-13984,2025-10-21,Bahir Dar,Store,Electronics,Smartphone,3,582.4908189726814,0.1,1572.7252112262397,1050,522.7252112262397
BM-13985,2025-10-21,Bahir Dar,Store,Electronics,Tablet,1,198.91576257466613,0.08,183.00250156869285,120,63.00250156869285
BM-13986,2025-10-21,Dubai,Store,Beauty,Face Cream,3,23.97422126282748,0.02,70.48421051271279,30,40.48421051271279
BM-13987,2025-10-21,Addis Ababa,Store,Fashion,Jeans,2,49.081431161958875,0.05,93.25471920772186,50,43.25471920772186
BM-13988,2025-10-21,Bahir Dar,Store,Beauty,Shampoo,3,10.976578473366681,0.02,32.271140711698045,12,20.271140711698045
BM-13989,2025-10-21,Addis Ababa,Store,Home,Vacuum Cleaner,1,148.12707426406544,0.08,136.27690832294022,80,56.276908322940216
BM-13990,2025-10-21,Dubai,Online,Fashion,Jeans,2,48.016007748265785,0.05,91.23041472170499,50,41.23041472170499
BM-13991,2025-10-21,Bahir Dar,Online,Home,Coffee Maker,3,90.98377772369663,0.05,259.3037665125354,135,124.30376651253539
BM-13992,2025-10-21,Addis Ababa,Online,Fashion,T-Shirt,2,20.684440765450198,0.02,40.541503900282386,16,24.541503900282386
BM-13993,2025-10-21,Dubai,Store,Electronics,Tablet,1,196.4845971202996,0.08,180.76582935067566,120,60.76582935067566
BM-13994,2025-10-21,Addis Ababa,Store,Electronics,Phone Charger,1,17.95923101299996,0.02,17.600046392739962,7,10.600046392739962
BM-13995,2025-10-21,Bahir Dar,Online,Home,Water Bottle,1,12.25058042388898,0.02,12.0055688154112,4,8.0055688154112
BM-13996,2025-10-22,Addis Ababa,Store,Home,Storage Box,2,15.827655774548878,0.02,31.0222053181158,12,19.0222053181158
BM-13997,2025-10-22,Nairobi,Online,Beauty,Face Cream,1,23.99636326247505,0.02,23.51643599722555,10,13.51643599722555
BM-13998,2025-10-22,Addis Ababa,Online,Electronics,Smart Watch,2,80.01238395288533,0.05,152.02352951048212,96,56.02352951048212
BM-13999,2025-10-22,Dubai,Store,Electronics,Bluetooth Speaker,2,58.48796922430266,0.05,111.12714152617505,70,41.12714152617505
BM-14000,2025-10-22,Bahir Dar,Store,Electronics,Bluetooth Speaker,2,61.79207283748618,0.05,117.40493839122374,70,47.40493839122374
BM-14001,2025-10-22,Dubai,Online,Electronics,Smartphone,1,606.9988322550324,0.1,546.2989490295292,350,196.29894902952924
BM-14002,2025-10-22,Addis Ababa,Store,Beauty,Perfume,1,54.956969636444796,0.05,52.20912115462255,28,24.20912115462255
BM-14003,2025-10-22,Nairobi,Online,Electronics,Phone Charger,1,17.718321769975812,0.02,17.363955334576296,7,10.363955334576296
BM-14004,2025-10-22,Addis Ababa,Online,Beauty,Hair Dryer,2,40.49511217917087,0.05,76.94071314042465,40,36.94071314042465
BM-14005,2025-10-22,Addis Ababa,Online,Beauty,Makeup Kit,1,69.42724615508402,0.05,65.95588384732982,35,30.955883847329815
BM-14006,2025-10-23,Bahir Dar,Store,Fashion,Hoodie,3,42.68153935824812,0.05,121.64238717100714,60,61.642387171007144
BM-14007,2025-10-23,Bahir Dar,Store,Electronics,Tablet,1,198.9346424677025,0.08,183.0198710702863,120,63.019871070286314
BM-14008,2025-10-23,Addis Ababa,Store,Beauty,Perfume,3,54.59675686048668,0.05,155.60075705238705,84,71.60075705238705
BM-14009,2025-10-23,Addis Ababa,Online,Fashion,Jeans,2,49.65735975595672,0.05,94.34898353631776,50,44.34898353631776
BM-14010,2025-10-23,Dubai,Online,Home,Storage Box,1,15.010774887167408,0.02,14.71055938942406,6,8.71055938942406
BM-14011,2025-10-23,Bahir Dar,Store,Beauty,Perfume,1,54.86539400878533,0.05,52.12212430834606,28,24.12212430834606
BM-14012,2025-10-23,Dubai,Store,Fashion,Hoodie,2,42.32343983846963,0.05,80.41453569309229,40,40.41453569309229
BM-14013,2025-10-23,Dubai,Online,Electronics,Smart Watch,1,84.00761179101836,0.05,79.80723120146745,48,31.807231201467445
BM-14014,2025-10-23,Addis Ababa,Store,Beauty,Face Cream,1,23.659218925609157,0.02,23.186034547096973,10,13.186034547096973
BM-14015,2025-10-23,Addis Ababa,Store,Electronics,Smart Watch,2,80.35415855852364,0.05,152.6729012611949,96,56.67290126119491
BM-14016,2025-10-23,Addis Ababa,Online,Beauty,Face Cream,1,23.15611185479706,0.02,22.69298961770112,10,12.69298961770112
BM-14017,2025-10-23,Addis Ababa,Online,Home,Coffee Maker,1,91.20412452262802,0.05,86.64391829649662,45,41.64391829649662
BM-14018,2025-10-23,Bahir Dar,Store,Electronics,Tablet,2,202.09519474852908,0.08,371.8551583372935,240,131.85515833729352
BM-14019,2025-10-23,Nairobi,Online,Electronics,Tablet,1,206.8913895791797,0.08,190.34007841284534,120,70.34007841284534
BM-14020,2025-10-23,Hawassa,Online,Home,Coffee Maker,1,87.76884477428557,0.05,83.38040253557129,45,38.38040253557129
BM-14021,2025-10-23,Bahir Dar,Online,Beauty,Shampoo,1,10.859690791575643,0.02,10.64249697574413,4,6.64249697574413
BM-14022,2025-10-23,Hawassa,Online,Fashion,Jeans,3,50.644853465158015,0.05,144.33783237570034,75,69.33783237570034
BM-14023,2025-10-24,Addis Ababa,Online,Fashion,Sneakers,2,64.70305929138712,0.05,122.93581265363552,74,48.93581265363552
BM-14024,2025-10-24,Nairobi,Online,Electronics,Wireless Earbuds,1,46.61446502025079,0.05,44.28374176923825,25,19.283741769238247
BM-14025,2025-10-24,Hawassa,Online,Beauty,Hair Dryer,1,39.141802181919104,0.05,37.184712072823146,20,17.184712072823146
BM-14026,2025-10-24,Addis Ababa,Store,Electronics,Smartphone,2,609.0810154960005,0.1,1096.345827892801,700,396.345827892801
BM-14027,2025-10-24,Addis Ababa,Store,Fashion,Sneakers,1,64.6037466701536,0.05,61.37355933664591,37,24.37355933664591
BM-14028,2025-10-24,Dubai,Online,Fashion,Hoodie,2,44.64519760621727,0.05,84.82587545181282,40,44.82587545181282
BM-14029,2025-10-24,Bahir Dar,Online,Fashion,Jeans,3,50.04844614497296,0.05,142.63807151317292,75,67.63807151317292
BM-14030,2025-10-24,Dubai,Online,Home,Desk Lamp,3,30.197267491174195,0.05,86.06221234984646,42,44.06221234984646
BM-14031,2025-10-25,Addis Ababa,Online,Beauty,Makeup Kit,1,70.9329852064897,0.05,67.38633594616522,35,32.38633594616522
BM-14032,2025-10-25,Dubai,Store,Beauty,Hair Dryer,1,38.01938684076103,0.05,36.11841749872298,20,16.118417498722977
BM-14033,2025-10-25,Addis Ababa,Store,Electronics,Bluetooth Speaker,1,58.3235319260789,0.05,55.40735532977495,35,20.40735532977495
BM-14034,2025-10-25,Bahir Dar,Store,Home,Coffee Maker,2,88.58673638791562,0.05,168.31479913703967,90,78.31479913703967
BM-14035,2025-10-25,Addis Ababa,Store,Beauty,Perfume,2,54.47663127710617,0.05,103.50559942650172,56,47.50559942650172
BM-14036,2025-10-25,Addis Ababa,Store,Fashion,Sneakers,1,66.06220024225749,0.05,62.759090230144615,37,25.759090230144615
BM-14037,2025-10-25,Bahir Dar,Store,Fashion,T-Shirt,1,19.832410115208795,0.02,19.435761912904617,8,11.435761912904617
BM-14038,2025-10-25,Addis Ababa,Online,Beauty,Hair Dryer,2,40.8133474349468,0.05,77.54536012639892,40,37.54536012639892
BM-14039,2025-10-25,Hawassa,Online,Beauty,Hair Dryer,2,39.26345071443709,0.05,74.60055635743048,40,34.60055635743048
BM-14040,2025-10-25,Dubai,Online,Home,Water Bottle,1,12.159312839852245,0.02,11.916126583055199,4,7.916126583055199
BM-14041,2025-10-25,Bahir Dar,Store,Fashion,T-Shirt,1,19.700045440768797,0.02,19.30604453195342,8,11.306044531953422
BM-14042,2025-10-25,Addis Ababa,Online,Beauty,Makeup Kit,1,68.00656193787876,0.05,64.60623384098481,35,29.606233840984814
BM-14043,2025-10-25,Addis Ababa,Online,Electronics,Wireless Earbuds,2,48.01620614330239,0.05,91.23079167227453,50,41.230791672274535
BM-14044,2025-10-25,Addis Ababa,Store,Beauty,Shampoo,1,11.218851060185465,0.02,10.994474038981755,4,6.994474038981755
BM-14045,2025-10-26,Hawassa,Store,Home,Coffee Maker,1,90.87554594067622,0.05,86.3317686436424,45,41.331768643642405
BM-14046,2025-10-26,Dubai,Online,Beauty,Makeup Kit,3,69.6197514353015,0.05,198.41629159060923,105,93.41629159060923
BM-14047,2025-10-26,Addis Ababa,Online,Fashion,Jacket,2,94.32314270166819,0.05,179.21397113316957,90,89.21397113316957
BM-14048,2025-10-26,Dubai,Online,Home,Desk Lamp,1,29.37022687692795,0.05,27.901715533081553,14,13.901715533081553
BM-14049,2025-10-26,Dubai,Online,Beauty,Makeup Kit,1,69.93147008982615,0.05,66.43489658533484,35,31.43489658533484
BM-14050,2025-10-26,Bahir Dar,Store,Home,Storage Box,1,15.67380752531649,0.02,15.36033137481016,6,9.36033137481016
BM-14051,2025-10-26,Dubai,Store,Electronics,Tablet,1,197.78312753804843,0.08,181.96047733500455,120,61.960477335004555
BM-14052,2025-10-26,Dubai,Online,Electronics,Tablet,1,199.15852442595644,0.08,183.22584247187993,120,63.22584247187993
BM-14053,2025-10-26,Nairobi,Store,Beauty,Hair Dryer,2,39.51961210594572,0.05,75.08726300129686,40,35.08726300129686
BM-14054,2025-10-26,Dubai,Store,Electronics,Bluetooth Speaker,4,57.802737281324184,0.05,219.65040166903188,140,79.65040166903188
BM-14055,2025-10-26,Dubai,Store,Home,Water Bottle,1,11.629471126591104,0.02,11.396881704059282,4,7.3968817040592825
BM-14056,2025-10-26,Dubai,Store,Beauty,Shampoo,1,10.634822635080988,0.02,10.422126182379369,4,6.422126182379369
BM-14057,2025-10-26,Nairobi,Online,Beauty,Makeup Kit,1,68.40894235373582,0.05,64.98849523604903,35,29.988495236049033
BM-14058,2025-10-26,Addis Ababa,Online,Home,Vacuum Cleaner,1,147.5658169911151,0.08,135.7605516318259,80,55.760551631825905
BM-14059,2025-10-26,Dubai,Online,Home,Water Bottle,1,12.161586438532307,0.02,11.91835470976166,4,7.91835470976166
BM-14060,2025-10-26,Dubai,Store,Fashion,Jeans,1,53.71134023809301,0.05,51.025773226188356,25,26.025773226188356
BM-14061,2025-10-26,Dubai,Store,Electronics,Laptop,1,1176.1363149979675,0.1,1058.5226834981709,500,558.5226834981709
BM-14062,2025-10-26,Addis Ababa,Store,Home,Vacuum Cleaner,2,151.61540916640857,0.08,278.9723528661918,160,118.97235286619178
BM-14063,2025-10-26,Addis Ababa,Online,Fashion,Jacket,2,91.45041823746881,0.05,173.75579465119074,90,83.75579465119074
BM-14064,2025-10-26,Addis Ababa,Online,Home,Coffee Maker,2,84.6755249441664,0.05,160.88349739391614,90,70.88349739391614
BM-14065,2025-10-26,Hawassa,Store,Beauty,Perfume,1,57.65462089429461,0.05,54.77188984957988,28,26.77188984957988
BM-14066,2025-10-27,Dubai,Store,Electronics,Tablet,1,208.84638385270105,0.08,192.13867314448498,120,72.13867314448498
BM-14067,2025-10-27,Hawassa,Store,Fashion,Sneakers,1,67.0307008079473,0.05,63.67916576754993,37,26.679165767549932
BM-14068,2025-10-27,Addis Ababa,Store,Electronics,Smartphone,1,593.8995842818871,0.1,534.5096258536984,350,184.50962585369837
BM-14069,2025-10-27,Addis Ababa,Online,Fashion,Hoodie,2,41.20340098419431,0.05,78.28646186996919,40,38.28646186996919
BM-14070,2025-10-27,Dubai,Online,Beauty,Perfume,2,53.21305405325494,0.05,101.10480270118438,56,45.10480270118438
BM-14071,2025-10-27,Nairobi,Online,Beauty,Makeup Kit,1,72.37588598259148,0.05,68.75709168346191,35,33.75709168346191
BM-14072,2025-10-27,Hawassa,Store,Electronics,Wireless Earbuds,1,41.67776764266211,0.05,39.593879260529,25,14.593879260529
BM-14073,2025-10-27,Addis Ababa,Online,Beauty,Perfume,1,54.535808978133815,0.05,51.809018529227124,28,23.809018529227124
BM-14074,2025-10-27,Dubai,Online,Beauty,Makeup Kit,1,67.75214672452285,0.05,64.3645393882967,35,29.364539388296706
BM-14075,2025-10-27,Hawassa,Online,Electronics,Smartphone,2,638.8792057160714,0.1,1149.9825702889286,700,449.9825702889286
BM-14076,2025-10-27,Hawassa,Online,Home,Storage Box,2,14.906707578394496,0.02,29.21714685365321,12,17.21714685365321
BM-14077,2025-10-28,Dubai,Online,Fashion,Sneakers,3,65.3452270701255,0.05,186.23389714985768,111,75.23389714985768
BM-14078,2025-10-28,Bahir Dar,Online,Fashion,Jacket,2,89.64651630732969,0.05,170.3283809839264,90,80.3283809839264
BM-14079,2025-10-28,Dubai,Online,Fashion,Jacket,3,91.26066184725033,0.05,260.09288626466343,135,125.09288626466343
BM-14080,2025-10-28,Bahir Dar,Store,Home,Coffee Maker,1,91.45669762626586,0.05,86.88386274495257,45,41.883862744952566
BM-14081,2025-10-28,Hawassa,Store,Beauty,Face Cream,1,23.85986383679382,0.02,23.382666560057945,10,13.382666560057945
BM-14082,2025-10-28,Dubai,Store,Fashion,Sneakers,4,64.52174076670299,0.05,245.18261491347135,148,97.18261491347135
BM-14083,2025-10-28,Hawassa,Store,Beauty,Face Cream,2,23.078816218703277,0.02,45.234479788658426,20,25.234479788658426
BM-14084,2025-10-28,Nairobi,Store,Beauty,Perfume,1,53.52191493878803,0.05,50.845819191848626,28,22.845819191848626
BM-14085,2025-10-28,Hawassa,Online,Beauty,Perfume,1,55.28992408794219,0.05,52.52542788354508,28,24.525427883545078
BM-14086,2025-10-28,Addis Ababa,Online,Electronics,Bluetooth Speaker,1,58.720531068011766,0.05,55.78450451461118,35,20.78450451461118
BM-14087,2025-10-28,Hawassa,Online,Home,Coffee Maker,1,87.03443376927504,0.05,82.68271208081129,45,37.682712080811285
BM-14088,2025-10-28,Bahir Dar,Online,Fashion,Jeans,1,51.95877876000823,0.05,49.36083982200782,25,24.36083982200782
BM-14089,2025-10-28,Bahir Dar,Online,Beauty,Shampoo,2,11.32560840116175,0.02,22.19819246627703,8,14.198192466277028
BM-14090,2025-10-29,Addis Ababa,Online,Home,Water Bottle,4,12.150576989916484,0.02,47.63026180047262,16,31.630261800472617
BM-14091,2025-10-29,Nairobi,Online,Home,Coffee Maker,1,90.25275990650965,0.05,85.74012191118416,45,40.74012191118416
BM-14092,2025-10-29,Dubai,Online,Fashion,Jacket,1,94.4882313955432,0.05,89.76381982576603,45,44.763819825766035
BM-14093,2025-10-29,Addis Ababa,Online,Fashion,Jacket,1,86.0533419335474,0.05,81.75067483687003,45,36.75067483687003
BM-14094,2025-10-29,Addis Ababa,Store,Home,Coffee Maker,1,88.99382152033422,0.05,84.5441304443175,45,39.5441304443175
BM-14095,2025-10-29,Bahir Dar,Online,Fashion,Jacket,1,94.32318448567229,0.05,89.60702526138867,45,44.60702526138867
BM-14096,2025-10-29,Bahir Dar,Store,Electronics,Smart Watch,2,78.80224231871539,0.05,149.72426040555922,96,53.72426040555922
BM-14097,2025-10-29,Bahir Dar,Store,Beauty,Perfume,2,53.58998895931561,0.05,101.82097902269966,56,45.82097902269966
BM-14098,2025-10-29,Dubai,Online,Electronics,Bluetooth Speaker,4,58.299844675288035,0.05,221.53940976609454,140,81.53940976609454
BM-14099,2025-10-29,Dubai,Store,Fashion,Hoodie,1,40.13915311170419,0.05,38.13219545611898,20,18.13219545611898
BM-14100,2025-10-29,Addis Ababa,Online,Electronics,Tablet,3,199.59584497190755,0.08,550.8845321224649,360,190.88453212246486
BM-14101,2025-10-29,Addis Ababa,Online,Fashion,Jeans,1,50.13449806659121,0.05,47.62777316326165,25,22.62777316326165
BM-14102,2025-10-29,Addis Ababa,Store,Fashion,Jacket,3,87.8413841066223,0.05,250.34794470387357,135,115.34794470387357
BM-14103,2025-10-29,Addis Ababa,Store,Beauty,Makeup Kit,4,71.29157718499665,0.05,270.9079933029873,140,130.90799330298728
BM-14104,2025-10-30,Hawassa,Store,Beauty,Face Cream,1,23.21189883040244,0.02,22.74766085379439,10,12.74766085379439
BM-14105,2025-10-30,Dubai,Online,Electronics,Tablet,2,199.83221529812923,0.08,367.6912761485578,240,127.69127614855779
BM-14106,2025-10-30,Addis Ababa,Store,Beauty,Shampoo,2,11.309091352451118,0.02,22.165819050804192,8,14.165819050804192
BM-14107,2025-10-30,Dubai,Online,Fashion,Jacket,1,91.8073063643566,0.05,87.21694104613877,45,42.21694104613877
BM-14108,2025-10-30,Nairobi,Store,Beauty,Shampoo,1,10.868391804119621,0.02,10.65102396803723,4,6.651023968037229
BM-14109,2025-10-30,Dubai,Online,Electronics,Wireless Earbuds,3,43.574176226295315,0.05,124.18640224494163,75,49.18640224494163
BM-14110,2025-10-30,Nairobi,Store,Fashion,Jeans,2,49.56868162105826,0.05,94.18049508001069,50,44.18049508001069
BM-14111,2025-10-30,Dubai,Store,Electronics,Laptop,1,1183.3811678929715,0.1,1065.0430511036743,500,565.0430511036743
BM-14112,2025-10-30,Dubai,Online,Fashion,Sneakers,2,63.97859059481675,0.05,121.55932213015183,74,47.55932213015183
BM-14113,2025-10-30,Addis Ababa,Store,Fashion,Hoodie,1,40.34238274904058,0.05,38.325263611588554,20,18.325263611588554
BM-14114,2025-10-30,Addis Ababa,Online,Electronics,Phone Charger,1,18.510053277967405,0.02,18.139852212408055,7,11.139852212408055
BM-14115,2025-10-30,Addis Ababa,Online,Electronics,Wireless Earbuds,4,43.4859640900622,0.05,165.24666354223635,100,65.24666354223635
BM-14116,2025-10-30,Bahir Dar,Store,Home,Vacuum Cleaner,1,150.55835804289785,0.08,138.51368939946602,80,58.51368939946602
BM-14117,2025-10-30,Addis Ababa,Store,Electronics,Smart Watch,1,82.53779078613479,0.05,78.41090124682805,48,30.410901246828047
BM-14118,2025-10-30,Dubai,Online,Fashion,Jeans,2,51.628156989062724,0.05,98.09349827921918,50,48.093498279219176
BM-14119,2025-10-30,Addis Ababa,Online,Electronics,Smartphone,2,616.0555932635357,0.1,1108.9000678743644,700,408.90006787436437
BM-14120,2025-10-30,Dubai,Store,Home,Coffee Maker,1,93.29574998616945,0.05,88.63096248686098,45,43.63096248686098
BM-14121,2025-10-31,Dubai,Online,Beauty,Makeup Kit,1,69.82533314191116,0.05,66.3340664848156,35,31.334066484815594
BM-14122,2025-10-31,Bahir Dar,Store,Fashion,Jeans,1,50.39555203109904,0.05,47.87577442954408,25,22.87577442954408
BM-14123,2025-10-31,Nairobi,Online,Fashion,Hoodie,2,41.93359294592891,0.05,79.67382659726492,40,39.67382659726492
BM-14124,2025-10-31,Bahir Dar,Online,Beauty,Makeup Kit,1,68.75103642426132,0.05,65.31348460304825,35,30.313484603048252
BM-14125,2025-10-31,Addis Ababa,Online,Fashion,T-Shirt,1,19.40573683635176,0.02,19.017622099624724,8,11.017622099624724
BM-14126,2025-10-31,Dubai,Online,Fashion,Hoodie,2,41.65804759538292,0.05,79.15029043122755,40,39.150290431227546
BM-14127,2025-10-31,Bahir Dar,Store,Beauty,Perfume,1,55.635874492065795,0.05,52.854080767462506,28,24.854080767462506
BM-14128,2025-10-31,Addis Ababa,Store,Fashion,Jacket,1,89.26815975909007,0.05,84.80475177113556,45,39.80475177113556
BM-14129,2025-10-31,Dubai,Store,Beauty,Perfume,1,56.87822837830331,0.05,54.03431695938814,28,26.034316959388143
BM-14130,2025-10-31,Dubai,Store,Fashion,Jeans,3,50.76440993622759,0.05,144.6785683182486,75,69.67856831824861
BM-14131,2025-10-31,Bahir Dar,Store,Home,Desk Lamp,1,28.917494667953957,0.05,27.47161993455626,14,13.471619934556259
BM-14132,2025-10-31,Addis Ababa,Online,Electronics,Wireless Earbuds,1,45.378173576205725,0.05,43.109264897395434,25,18.109264897395434
BM-14133,2025-10-31,Addis Ababa,Online,Electronics,Phone Charger,3,18.112694785377393,0.02,53.25132266900953,21,32.25132266900953
BM-14134,2025-10-31,Dubai,Online,Fashion,T-Shirt,2,20.569992631364112,0.02,40.31718555747366,16,24.317185557473657
BM-14135,2025-10-31,Dubai,Online,Fashion,Hoodie,1,42.57182952615773,0.05,40.44323804984984,20,20.44323804984984
BM-14136,2025-10-31,Addis Ababa,Store,Beauty,Shampoo,4,11.165735706706029,0.02,43.76968397028763,16,27.76968397028763
BM-14137,2025-11-01,Dubai,Online,Beauty,Hair Dryer,2,38.195623889663736,0.05,72.5716853903611,40,32.5716853903611
BM-14138,2025-11-01,Dubai,Online,Beauty,Shampoo,2,11.363335715377854,0.02,22.272138002140593,8,14.272138002140593
BM-14139,2025-11-01,Bahir Dar,Online,Fashion,Sneakers,3,64.65261471411466,0.05,184.25995193522678,111,73.25995193522678
BM-14140,2025-11-01,Bahir Dar,Online,Electronics,Smart Watch,3,80.289022182831,0.05,228.82371322106837,144,84.82371322106837
BM-14141,2025-11-01,Bahir Dar,Store,Fashion,Hoodie,2,41.613779710228194,0.05,79.06618144943356,40,39.06618144943356
BM-14142,2025-11-01,Dubai,Store,Home,Storage Box,1,15.288513646162349,0.02,14.982743373239101,6,8.982743373239101
BM-14143,2025-11-01,Addis Ababa,Store,Electronics,Bluetooth Speaker,3,58.50250004250937,0.05,166.73212512115168,105,61.73212512115168
BM-14144,2025-11-01,Addis Ababa,Online,Fashion,Sneakers,1,60.857262748098975,0.05,57.814399610694025,37,20.814399610694025
BM-14145,2025-11-01,Nairobi,Online,Home,Water Bottle,4,12.028275682139125,0.02,47.150840673985364,16,31.150840673985364
BM-14146,2025-11-01,Bahir Dar,Store,Fashion,T-Shirt,2,20.612175491415293,0.02,40.39986396317397,16,24.39986396317397
BM-14147,2025-11-01,Bahir Dar,Store,Home,Vacuum Cleaner,2,147.19221460823874,0.08,270.8336748791593,160,110.83367487915928
BM-14148,2025-11-01,Addis Ababa,Online,Beauty,Makeup Kit,2,69.98453807310267,0.05,132.97062233889505,70,62.970622338895055
BM-14149,2025-11-01,Addis Ababa,Store,Electronics,Tablet,1,200.0560442973976,0.08,184.0515607536058,120,64.0515607536058
BM-14150,2025-11-01,Addis Ababa,Online,Fashion,Hoodie,1,42.25952698423435,0.05,40.14655063502263,20,20.146550635022628
BM-14151,2025-11-01,Dubai,Online,Beauty,Perfume,1,54.09237203154949,0.05,51.38775342997201,28,23.38775342997201
BM-14152,2025-11-01,Nairobi,Online,Fashion,Sneakers,2,64.27056125666188,0.05,122.11406638765756,74,48.11406638765756
BM-14153,2025-11-01,Dubai,Online,Home,Water Bottle,1,12.431421956028165,0.02,12.182793516907601,4,8.182793516907601
BM-14154,2025-11-01,Addis Ababa,Store,Beauty,Hair Dryer,1,39.77705516372089,0.05,37.78820240553484,20,17.78820240553484
BM-14155,2025-11-01,Bahir Dar,Online,Fashion,Hoodie,1,40.24850009284458,0.05,38.23607508820235,20,18.236075088202348
BM-14156,2025-11-01,Nairobi,Online,Beauty,Hair Dryer,1,39.552839907064765,0.05,37.57519791171153,20,17.575197911711527
BM-14157,2025-11-01,Bahir Dar,Store,Electronics,Smartphone,2,589.9876199405934,0.1,1061.977715893068,700,361.9777158930681
BM-14158,2025-11-01,Dubai,Store,Home,Desk Lamp,1,29.987797752547653,0.05,28.48840786492027,14,14.48840786492027
BM-14159,2025-11-02,Addis Ababa,Store,Electronics,Tablet,2,205.2442589486228,0.08,377.64943646546595,240,137.64943646546595
BM-14160,2025-11-02,Addis Ababa,Online,Home,Water Bottle,3,12.231221377636782,0.02,35.95979085025213,12,23.959790850252134
BM-14161,2025-11-02,Addis Ababa,Store,Home,Desk Lamp,1,30.79349001054713,0.05,29.253815510019773,14,15.253815510019773
BM-14162,2025-11-02,Addis Ababa,Store,Home,Water Bottle,1,11.774268251311195,0.02,11.53878288628497,4,7.53878288628497
BM-14163,2025-11-02,Addis Ababa,Online,Electronics,Phone Charger,2,18.372232627254544,0.02,36.0095759494189,14,22.009575949418902
BM-14164,2025-11-02,Addis Ababa,Online,Home,Storage Box,1,14.921137351954897,0.02,14.6227146049158,6,8.6227146049158
BM-14165,2025-11-02,Bahir Dar,Store,Fashion,Sneakers,1,64.07143409234523,0.05,60.86786238772796,37,23.86786238772796
BM-14166,2025-11-02,Bahir Dar,Online,Beauty,Perfume,1,54.43907724594531,0.05,51.717123383648044,28,23.717123383648044
BM-14167,2025-11-02,Dubai,Online,Fashion,Hoodie,2,42.06122343933813,0.05,79.91632453474244,40,39.916324534742444
BM-14168,2025-11-02,Dubai,Store,Electronics,Smartphone,1,623.6436609745484,0.1,561.2792948770935,350,211.27929487709355
BM-14169,2025-11-02,Addis Ababa,Online,Home,Coffee Maker,1,91.19523597714225,0.05,86.63547417828514,45,41.635474178285136
BM-14170,2025-11-02,Dubai,Store,Beauty,Shampoo,2,11.043134582780946,0.02,21.644543782250654,8,13.644543782250654
BM-14171,2025-11-02,Addis Ababa,Online,Electronics,Smartphone,1,594.7369203095201,0.1,535.2632282785681,350,185.26322827856814
BM-14172,2025-11-02,Addis Ababa,Online,Home,Coffee Maker,4,86.9644296324824,0.05,330.46483260343314,180,150.46483260343314
BM-14173,2025-11-02,Dubai,Online,Fashion,Sneakers,1,64.53467442518793,0.05,61.30794070392853,37,24.30794070392853
BM-14174,2025-11-02,Dubai,Store,Electronics,Laptop,2,1188.014041846785,0.1,2138.425275324213,1000,1138.425275324213
BM-14175,2025-11-02,Bahir Dar,Online,Beauty,Face Cream,3,23.750695573295886,0.02,69.8270449854899,30,39.827044985489906
BM-14176,2025-11-02,Dubai,Online,Home,Coffee Maker,1,91.846417156218,0.05,87.25409629840709,45,42.25409629840709
BM-14177,2025-11-02,Addis Ababa,Store,Home,Vacuum Cleaner,1,148.8999292986019,0.08,136.98793495471375,80,56.98793495471375
BM-14178,2025-11-02,Bahir Dar,Store,Fashion,Jacket,1,89.79306204817307,0.05,85.30340894576442,45,40.30340894576442
BM-14179,2025-11-02,Dubai,Online,Home,Storage Box,1,14.314032501738133,0.02,14.02775185170337,6,8.02775185170337
BM-14180,2025-11-02,Addis Ababa,Online,Beauty,Hair Dryer,2,40.06981358150806,0.05,76.1326458048653,40,36.132645804865305
BM-14181,2025-11-02,Dubai,Online,Home,Vacuum Cleaner,1,146.3963793976727,0.08,134.68466904585887,80,54.68466904585887
BM-14182,2025-11-02,Nairobi,Online,Fashion,Jeans,2,49.49431476068554,0.05,94.03919804530253,50,44.03919804530253
BM-14183,2025-11-02,Nairobi,Online,Beauty,Shampoo,1,10.993825692163275,0.02,10.77394917832001,4,6.773949178320009
BM-14184,2025-11-02,Addis Ababa,Online,Home,Vacuum Cleaner,2,149.11925552729957,0.08,274.3794301702312,160,114.37943017023122
BM-14185,2025-11-02,Addis Ababa,Online,Home,Desk Lamp,3,30.542264986399356,0.05,87.04545521123816,42,45.04545521123816
BM-14186,2025-11-03,Addis Ababa,Online,Fashion,T-Shirt,1,19.98592618432919,0.02,19.586207660642607,8,11.586207660642607
BM-14187,2025-11-03,Dubai,Online,Electronics,Phone Charger,1,18.06808794300438,0.02,17.70672618414429,7,10.70672618414429
BM-14188,2025-11-03,Dubai,Online,Fashion,Sneakers,4,65.88926109404996,0.05,250.3791921573898,148,102.37919215738981
BM-14189,2025-11-03,Hawassa,Online,Home,Storage Box,1,14.952803290932364,0.02,14.653747225113717,6,8.653747225113717
BM-14190,2025-11-03,Dubai,Store,Beauty,Shampoo,2,11.343686391195618,0.02,22.23362532674341,8,14.233625326743411
BM-14191,2025-11-03,Addis Ababa,Store,Electronics,Phone Charger,1,18.579952580767902,0.02,18.208353529152543,7,11.208353529152543
BM-14192,2025-11-03,Dubai,Online,Beauty,Face Cream,1,24.026921035096873,0.02,23.546382614394936,10,13.546382614394936
BM-14193,2025-11-03,Bahir Dar,Online,Home,Desk Lamp,1,29.713254027544316,0.05,28.2275913261671,14,14.2275913261671
BM-14194,2025-11-03,Hawassa,Store,Home,Coffee Maker,1,88.26872519968649,0.05,83.85528893970216,45,38.85528893970216
BM-14195,2025-11-03,Addis Ababa,Online,Home,Storage Box,1,14.692513650037085,0.02,14.398663377036343,6,8.398663377036343
BM-14196,2025-11-03,Dubai,Store,Home,Water Bottle,2,12.311282943426502,0.02,24.130114569115943,8,16.130114569115943
BM-14197,2025-11-03,Nairobi,Online,Beauty,Face Cream,2,24.017800684956608,0.02,47.07488934251495,20,27.07488934251495
BM-14198,2025-11-03,Dubai,Online,Home,Storage Box,1,15.017317186215017,0.02,14.716970842490717,6,8.716970842490717
BM-14199,2025-11-03,Dubai,Online,Home,Desk Lamp,2,30.71374242429365,0.05,58.356110606157934,28,30.356110606157934
BM-14200,2025-11-03,Dubai,Online,Fashion,Jeans,1,52.45736578120547,0.05,49.83449749214519,25,24.83449749214519
BM-14201,2025-11-03,Bahir Dar,Online,Fashion,Jacket,1,88.13161446883353,0.05,83.72503374539185,45,38.725033745391855
BM-14202,2025-11-03,Bahir Dar,Store,Electronics,Smartphone,1,609.7422119990989,0.1,548.7679907991891,350,198.76799079918908
BM-14203,2025-11-04,Dubai,Store,Home,Coffee Maker,2,93.30440699175716,0.05,177.2783732843386,90,87.27837328433861
BM-14204,2025-11-04,Nairobi,Online,Electronics,Smartphone,2,615.8971031767829,0.1,1108.6147857182093,700,408.6147857182093
BM-14205,2025-11-04,Bahir Dar,Online,Electronics,Phone Charger,2,18.324032927944245,0.02,35.91510453877072,14,21.91510453877072
BM-14206,2025-11-04,Hawassa,Store,Electronics,Phone Charger,2,18.793830076388772,0.02,36.835906949721995,14,22.835906949721995
BM-14207,2025-11-04,Dubai,Store,Electronics,Smartphone,3,598.6905253639536,0.1,1616.4644184826748,1050,566.4644184826748
BM-14208,2025-11-04,Bahir Dar,Online,Home,Storage Box,2,15.305225200467383,0.02,29.99824139291607,12,17.99824139291607
BM-14209,2025-11-04,Bahir Dar,Online,Home,Coffee Maker,1,88.92817704787079,0.05,84.48176819547724,45,39.481768195477244
BM-14210,2025-11-04,Dubai,Store,Home,Storage Box,1,15.849732392292779,0.02,15.532737744446923,6,9.532737744446923
BM-14211,2025-11-04,Nairobi,Online,Electronics,Wireless Earbuds,1,44.87605851232292,0.05,42.63225558670677,25,17.63225558670677
BM-14212,2025-11-04,Nairobi,Store,Electronics,Wireless Earbuds,1,45.738284821757446,0.05,43.451370580669575,25,18.451370580669575
BM-14213,2025-11-04,Addis Ababa,Online,Electronics,Bluetooth Speaker,2,56.34034812482142,0.05,107.0466614371607,70,37.046661437160694
BM-14214,2025-11-04,Bahir Dar,Online,Fashion,Jacket,1,91.37153788839706,0.05,86.8029609939772,45,41.802960993977194
BM-14215,2025-11-04,Addis Ababa,Online,Beauty,Perfume,2,56.24723310600089,0.05,106.8697429014017,56,50.86974290140169
BM-14216,2025-11-05,Addis Ababa,Online,Beauty,Makeup Kit,2,70.09404948281335,0.05,133.17869401734535,70,63.17869401734535
BM-14217,2025-11-05,Bahir Dar,Online,Beauty,Shampoo,2,11.310490996619182,0.02,22.168562353373595,8,14.168562353373595
BM-14218,2025-11-05,Addis Ababa,Online,Beauty,Shampoo,2,11.22330542871045,0.02,21.997678640272483,8,13.997678640272483
BM-14219,2025-11-05,Bahir Dar,Online,Fashion,T-Shirt,1,19.72290278299,0.02,19.3284447273302,8,11.3284447273302
BM-14220,2025-11-05,Dubai,Online,Fashion,Sneakers,1,64.58189525532995,0.05,61.35280049256345,37,24.352800492563453
BM-14221,2025-11-05,Dubai,Online,Home,Desk Lamp,1,29.411818095729164,0.05,27.941227190942705,14,13.941227190942705
BM-14222,2025-11-05,Dubai,Store,Beauty,Hair Dryer,2,39.56876208261507,0.05,75.18064795696864,40,35.18064795696864
BM-14223,2025-11-05,Dubai,Store,Beauty,Perfume,2,55.87318682746884,0.05,106.1590549721908,56,50.1590549721908
BM-14224,2025-11-05,Bahir Dar,Online,Home,Coffee Maker,1,93.30978800506207,0.05,88.64429860480897,45,43.64429860480897
BM-14225,2025-11-05,Hawassa,Online,Fashion,Sneakers,1,64.0197380196348,0.05,60.818751118653054,37,23.818751118653054
BM-14226,2025-11-05,Addis Ababa,Online,Home,Vacuum Cleaner,3,145.88477744664314,0.08,402.6419857527351,240,162.64198575273508
BM-14227,2025-11-05,Addis Ababa,Online,Home,Coffee Maker,1,89.90578502976336,0.05,85.41049577827519,45,40.41049577827519
BM-14228,2025-11-05,Bahir Dar,Store,Electronics,Wireless Earbuds,2,44.59857381734638,0.05,84.73729025295812,50,34.73729025295812
BM-14229,2025-11-05,Bahir Dar,Online,Electronics,Smartphone,1,580.1717770113037,0.1,522.1545993101734,350,172.15459931017335
BM-14230,2025-11-05,Dubai,Store,Fashion,T-Shirt,1,21.105954625098107,0.02,20.683835532596145,8,12.683835532596145
BM-14231,2025-11-05,Nairobi,Online,Fashion,Jacket,2,91.77636038754245,0.05,174.37508473633065,90,84.37508473633065
BM-14232,2025-11-05,Bahir Dar,Online,Beauty,Face Cream,2,22.95250212874806,0.02,44.98690417234619,20,24.986904172346193
BM-14233,2025-11-05,Bahir Dar,Online,Electronics,Smart Watch,2,74.97098155186363,0.05,142.4448649485409,96,46.444864948540896
BM-14234,2025-11-05,Addis Ababa,Store,Fashion,Hoodie,2,41.14492617442734,0.05,78.17535973141194,40,38.175359731411945
BM-14235,2025-11-05,Hawassa,Online,Home,Desk Lamp,2,30.022641854632713,0.05,57.04301952380215,28,29.04301952380215
BM-14236,2025-11-05,Addis Ababa,Store,Beauty,Makeup Kit,2,70.20298719579674,0.05,133.3856756720138,70,63.385675672013804
BM-14237,2025-11-05,Addis Ababa,Store,Electronics,Bluetooth Speaker,2,61.55196550998837,0.05,116.9487344689779,70,46.948734468977904
BM-14238,2025-11-05,Bahir Dar,Online,Beauty,Face Cream,1,23.574174724532885,0.02,23.102691230042225,10,13.102691230042225
BM-14239,2025-11-05,Nairobi,Online,Beauty,Shampoo,2,11.451016840551556,0.02,22.44399300748105,8,14.443993007481051
BM-14240,2025-11-05,Bahir Dar,Online,Electronics,Smart Watch,1,78.71886927868206,0.05,74.78292581474795,48,26.782925814747955
BM-14241,2025-11-05,Nairobi,Store,Electronics,Wireless Earbuds,1,45.070959620709324,0.05,42.81741163967386,25,17.817411639673857
BM-14242,2025-11-05,Addis Ababa,Online,Beauty,Hair Dryer,1,40.091188693968355,0.05,38.086629259269934,20,18.086629259269934
BM-14243,2025-11-05,Addis Ababa,Store,Fashion,Sneakers,2,65.6384751290835,0.05,124.71310274525865,74,50.71310274525865
BM-14244,2025-11-06,Bahir Dar,Store,Beauty,Hair Dryer,1,38.12636825177563,0.05,36.22004983918685,20,16.22004983918685
BM-14245,2025-11-06,Dubai,Store,Beauty,Perfume,2,54.800943472331156,0.05,104.12179259742919,56,48.12179259742919
BM-14246,2025-11-06,Dubai,Online,Beauty,Shampoo,2,10.480448886917022,0.02,20.541679818357363,8,12.541679818357363
BM-14247,2025-11-06,Addis Ababa,Store,Home,Storage Box,1,15.50647791712756,0.02,15.19634835878501,6,9.19634835878501
BM-14248,2025-11-06,Addis Ababa,Online,Electronics,Phone Charger,1,17.181333053380143,0.02,16.83770639231254,7,9.83770639231254
BM-14249,2025-11-06,Dubai,Online,Electronics,Smartphone,1,594.783972558109,0.1,535.305575302298,350,185.30557530229805
BM-14250,2025-11-06,Addis Ababa,Store,Beauty,Makeup Kit,4,70.28940853619206,0.05,267.0997524375298,140,127.09975243752979
BM-14251,2025-11-06,Dubai,Online,Home,Desk Lamp,1,30.645752967692605,0.05,29.113465319307974,14,15.113465319307974
BM-14252,2025-11-06,Nairobi,Store,Beauty,Hair Dryer,1,40.827506332965065,0.05,38.78613101631681,20,18.78613101631681
BM-14253,2025-11-06,Bahir Dar,Online,Electronics,Bluetooth Speaker,2,59.66160545748393,0.05,113.35705036921946,70,43.357050369219465
BM-14254,2025-11-06,Nairobi,Online,Electronics,Phone Charger,2,18.04504612679296,0.02,35.368290408514206,14,21.368290408514206
BM-14255,2025-11-06,Addis Ababa,Online,Electronics,Tablet,2,200.16403603728043,0.08,368.301826308596,240,128.301826308596
BM-14256,2025-11-06,Addis Ababa,Online,Electronics,Laptop,4,1240.3240609475617,0.1,4465.166619411222,2000,2465.166619411222
BM-14257,2025-11-06,Dubai,Online,Home,Water Bottle,1,12.092066466207918,0.02,11.85022513688376,4,7.8502251368837594
BM-14258,2025-11-06,Addis Ababa,Store,Beauty,Face Cream,1,23.268587637405396,0.02,22.803215884657288,10,12.803215884657288
BM-14259,2025-11-06,Dubai,Online,Fashion,Sneakers,1,65.15445147753358,0.05,61.8967289036569,37,24.8967289036569
BM-14260,2025-11-06,Bahir Dar,Store,Electronics,Smartphone,1,606.8882853481774,0.1,546.1994568133597,350,196.1994568133597
BM-14261,2025-11-06,Addis Ababa,Online,Fashion,Jacket,1,85.48542744954194,0.05,81.21115607706484,45,36.21115607706484
BM-14262,2025-11-06,Addis Ababa,Online,Home,Water Bottle,1,11.522827432620478,0.02,11.292370883968069,4,7.2923708839680685
BM-14263,2025-11-06,Bahir Dar,Online,Home,Water Bottle,2,11.6820275654087,0.02,22.89677402820105,8,14.896774028201051
BM-14264,2025-11-07,Dubai,Store,Beauty,Hair Dryer,3,40.44639714947947,0.05,115.27223187601649,60,55.27223187601649
BM-14265,2025-11-07,Addis Ababa,Store,Beauty,Perfume,1,53.64344863370366,0.05,50.961276202018475,28,22.961276202018475
BM-14266,2025-11-07,Addis Ababa,Store,Home,Vacuum Cleaner,1,148.62977686468787,0.08,136.73939471551284,80,56.739394715512844
BM-14267,2025-11-07,Addis Ababa,Store,Electronics,Smartphone,1,596.2546226141479,0.1,536.6291603527332,350,186.62916035273315
BM-14268,2025-11-07,Bahir Dar,Online,Beauty,Perfume,1,57.069051740246714,0.05,54.21559915323437,28,26.215599153234372
BM-14269,2025-11-07,Dubai,Online,Beauty,Perfume,3,54.5722353416926,0.05,155.5308707238239,84,71.53087072382391
BM-14270,2025-11-07,Addis Ababa,Online,Beauty,Hair Dryer,1,40.35612346073121,0.05,38.33831728769465,20,18.33831728769465
BM-14271,2025-11-07,Hawassa,Store,Home,Vacuum Cleaner,2,139.87063532442932,0.08,257.36196899694994,160,97.36196899694994
BM-14272,2025-11-07,Dubai,Store,Beauty,Makeup Kit,1,70.73288146587082,0.05,67.19623739257727,35,32.196237392577274
BM-14273,2025-11-07,Dubai,Online,Fashion,Hoodie,1,41.665361568182654,0.05,39.58209348977352,20,19.58209348977352
BM-14274,2025-11-07,Bahir Dar,Online,Beauty,Face Cream,1,24.53451386821088,0.02,24.04382359084666,10,14.04382359084666
BM-14275,2025-11-07,Bahir Dar,Online,Fashion,T-Shirt,1,20.165202476786686,0.02,19.76189842725095,8,11.761898427250951
BM-14276,2025-11-07,Bahir Dar,Store,Home,Coffee Maker,1,87.9153258721061,0.05,83.51955957850079,45,38.51955957850079
BM-14277,2025-11-08,Bahir Dar,Online,Home,Vacuum Cleaner,1,152.64987237189084,0.08,140.43788258213957,80,60.437882582139565
BM-14278,2025-11-08,Dubai,Online,Electronics,Tablet,1,205.17207818296924,0.08,188.75831192833172,120,68.75831192833172
BM-14279,2025-11-08,Dubai,Online,Fashion,Sneakers,2,65.73301578899301,0.05,124.89272999908673,74,50.892729999086725
BM-14280,2025-11-08,Addis Ababa,Store,Electronics,Tablet,2,184.0592683603091,0.08,338.6690537829687,240,98.66905378296872
BM-14281,2025-11-08,Dubai,Store,Electronics,Smartphone,2,613.0865125380238,0.1,1103.555722568443,700,403.5557225684429
BM-14282,2025-11-08,Dubai,Online,Beauty,Perfume,1,55.669822004260645,0.05,52.88633090404761,28,24.88633090404761
BM-14283,2025-11-08,Hawassa,Online,Home,Water Bottle,1,12.180109871283598,0.02,11.936507673857927,4,7.9365076738579265
BM-14284,2025-11-08,Nairobi,Online,Beauty,Face Cream,2,24.336578895967214,0.02,47.69969463609574,20,27.699694636095742
BM-14285,2025-11-08,Addis Ababa,Store,Electronics,Smartphone,2,598.0013652451056,0.1,1076.40245744119,700,376.4024574411901
BM-14286,2025-11-08,Addis Ababa,Store,Fashion,Jacket,1,94.10754349391097,0.05,89.40216631921541,45,44.40216631921541
BM-14287,2025-11-08,Bahir Dar,Online,Fashion,T-Shirt,2,19.99681512633247,0.02,39.19375764761164,16,23.19375764761164
BM-14288,2025-11-08,Dubai,Online,Home,Desk Lamp,1,30.48271970187066,0.05,28.958583716777127,14,14.958583716777127
BM-14289,2025-11-08,Addis Ababa,Store,Beauty,Hair Dryer,1,39.93913816271593,0.05,37.94218125458013,20,17.942181254580127
BM-14290,2025-11-08,Dubai,Store,Beauty,Hair Dryer,3,41.511838342876814,0.05,118.30873927719891,60,58.30873927719891
BM-14291,2025-11-08,Addis Ababa,Store,Beauty,Face Cream,3,24.003954217340443,0.02,70.57162539898091,30,40.57162539898091
BM-14292,2025-11-08,Hawassa,Online,Home,Storage Box,1,14.808335662727782,0.02,14.512168949473226,6,8.512168949473226
BM-14293,2025-11-08,Addis Ababa,Online,Home,Storage Box,1,14.867554167326357,0.02,14.57020308397983,6,8.57020308397983
BM-14294,2025-11-08,Nairobi,Online,Beauty,Hair Dryer,1,41.10955806674674,0.05,39.0540801634094,20,19.054080163409402
BM-14295,2025-11-08,Bahir Dar,Store,Electronics,Tablet,1,199.10521378717024,0.08,183.17679668419663,120,63.17679668419663
BM-14296,2025-11-08,Bahir Dar,Store,Fashion,Jacket,1,88.83296430961555,0.05,84.39131609413477,45,39.391316094134766
BM-14297,2025-11-08,Hawassa,Online,Beauty,Makeup Kit,1,69.58609235928994,0.05,66.10678774132543,35,31.106787741325434
BM-14298,2025-11-08,Addis Ababa,Online,Fashion,Sneakers,2,63.741872886184474,0.05,121.10955848375049,74,47.10955848375049
BM-14299,2025-11-08,Addis Ababa,Online,Electronics,Wireless Earbuds,2,44.81773241187011,0.05,85.15369158255321,50,35.15369158255321
BM-14300,2025-11-08,Dubai,Online,Fashion,Jeans,1,52.244563997918945,0.05,49.63233579802299,25,24.632335798022993
BM-14301,2025-11-08,Nairobi,Online,Fashion,Hoodie,1,42.50203830982559,0.05,40.376936394334315,20,20.376936394334315
BM-14302,2025-11-08,Addis Ababa,Store,Beauty,Perfume,1,54.281304433521605,0.05,51.567239211845525,28,23.567239211845525
BM-14303,2025-11-08,Dubai,Online,Beauty,Face Cream,1,24.251518151398255,0.02,23.766487788370288,10,13.766487788370288
BM-14304,2025-11-08,Nairobi,Online,Electronics,Bluetooth Speaker,1,59.82496491009502,0.05,56.83371666459026,35,21.833716664590263
BM-14305,2025-11-08,Addis Ababa,Online,Electronics,Phone Charger,3,18.354770862076816,0.02,53.963026334505834,21,32.963026334505834
BM-14306,2025-11-09,Hawassa,Store,Fashion,Sneakers,2,67.50696712746101,0.05,128.26323754217591,74,54.263237542175915
BM-14307,2025-11-09,Nairobi,Store,Electronics,Smartphone,1,596.8735818706353,0.1,537.1862236835718,350,187.18622368357182
BM-14308,2025-11-09,Addis Ababa,Store,Beauty,Face Cream,1,22.86706740079655,0.02,22.40972605278062,10,12.40972605278062
BM-14309,2025-11-09,Addis Ababa,Store,Beauty,Makeup Kit,1,70.7553472515387,0.05,67.21757988896175,35,32.21757988896175
BM-14310,2025-11-09,Hawassa,Store,Home,Coffee Maker,1,90.48390563825441,0.05,85.95971035634169,45,40.95971035634169
BM-14311,2025-11-09,Nairobi,Online,Home,Coffee Maker,1,90.94054742600173,0.05,86.39352005470164,45,41.39352005470164
BM-14312,2025-11-09,Dubai,Store,Home,Coffee Maker,2,88.40123828394756,0.05,167.96235273950037,90,77.96235273950037
BM-14313,2025-11-09,Addis Ababa,Store,Electronics,Smartphone,1,608.8592652332757,0.1,547.9733387099482,350,197.97333870994817
BM-14314,2025-11-09,Nairobi,Store,Fashion,Jeans,1,51.3340190939602,0.05,48.76731813926219,25,23.767318139262187
BM-14315,2025-11-09,Addis Ababa,Online,Beauty,Shampoo,2,11.256353996257449,0.02,22.0624538326646,8,14.062453832664598
BM-14316,2025-11-09,Bahir Dar,Online,Fashion,Jacket,2,89.28740837716909,0.05,169.64607591662124,90,79.64607591662124
BM-14317,2025-11-09,Hawassa,Store,Beauty,Hair Dryer,1,39.521082147167846,0.05,37.54502803980945,20,17.545028039809452
BM-14318,2025-11-09,Bahir Dar,Online,Electronics,Smart Watch,3,81.70071778402843,0.05,232.847045684481,144,88.847045684481
BM-14319,2025-11-09,Addis Ababa,Online,Beauty,Face Cream,2,23.93012701277064,0.02,46.903048945030456,20,26.903048945030456
BM-14320,2025-11-09,Addis Ababa,Store,Home,Desk Lamp,1,29.84842208311532,0.05,28.356000978959553,14,14.356000978959553
BM-14321,2025-11-09,Addis Ababa,Online,Electronics,Bluetooth Speaker,1,60.20432180980172,0.05,57.19410571931163,35,22.19410571931163
BM-14322,2025-11-10,Addis Ababa,Online,Home,Water Bottle,1,11.682200839521549,0.02,11.448556822731119,4,7.448556822731119
BM-14323,2025-11-10,Addis Ababa,Online,Beauty,Hair Dryer,3,40.40508167110485,0.05,115.15448276264883,60,55.154482762648826
BM-14324,2025-11-10,Dubai,Online,Electronics,Smart Watch,1,81.84896713773954,0.05,77.75651878085256,48,29.75651878085256
BM-14325,2025-11-10,Bahir Dar,Online,Beauty,Makeup Kit,1,70.85822456156524,0.05,67.31531333348697,35,32.31531333348697
BM-14326,2025-11-10,Dubai,Online,Beauty,Face Cream,1,23.706626745672395,0.02,23.232494210758947,10,13.232494210758947
BM-14327,2025-11-10,Bahir Dar,Store,Fashion,Sneakers,1,66.68320923647788,0.05,63.34904877465398,37,26.34904877465398
BM-14328,2025-11-10,Addis Ababa,Online,Home,Water Bottle,1,12.101410906647203,0.02,11.859382688514259,4,7.859382688514259
BM-14329,2025-11-10,Dubai,Store,Fashion,Jacket,1,88.18175955767553,0.05,83.77267157979175,45,38.77267157979175
BM-14330,2025-11-10,Addis Ababa,Store,Fashion,Sneakers,1,61.428915286629696,0.05,58.35746952229821,37,21.35746952229821
BM-14331,2025-11-10,Addis Ababa,Store,Fashion,Hoodie,1,40.690528327711455,0.05,38.65600191132588,20,18.65600191132588
BM-14332,2025-11-10,Dubai,Online,Home,Storage Box,1,14.83993124757287,0.02,14.543132622621412,6,8.543132622621412
BM-14333,2025-11-10,Nairobi,Online,Beauty,Shampoo,1,10.886188898840631,0.02,10.668465120863818,4,6.668465120863818
BM-14334,2025-11-10,Dubai,Online,Beauty,Face Cream,1,22.94790782454959,0.02,22.488949668058595,10,12.488949668058595
BM-14335,2025-11-10,Addis Ababa,Online,Fashion,Jacket,2,88.21777763461998,0.05,167.61377750577796,90,77.61377750577796
BM-14336,2025-11-10,Addis Ababa,Online,Beauty,Face Cream,1,23.111919282164763,0.02,22.649680896521467,10,12.649680896521467
BM-14337,2025-11-10,Dubai,Online,Electronics,Bluetooth Speaker,1,61.46117687227109,0.05,58.38811802865753,35,23.38811802865753
BM-14338,2025-11-10,Dubai,Online,Fashion,Sneakers,1,64.05338916755859,0.05,60.85071970918066,37,23.85071970918066
BM-14339,2025-11-10,Dubai,Store,Electronics,Phone Charger,1,18.39391008636153,0.02,18.0260318846343,7,11.0260318846343
BM-14340,2025-11-10,Dubai,Online,Beauty,Hair Dryer,1,39.9299348502064,0.05,37.93343810769608,20,17.933438107696077
BM-14341,2025-11-10,Dubai,Online,Fashion,Jeans,1,50.856797477203905,0.05,48.31395760334371,25,23.31395760334371
BM-14342,2025-11-11,Addis Ababa,Store,Beauty,Makeup Kit,1,69.56700947771137,0.05,66.0886590038258,35,31.088659003825796
BM-14343,2025-11-11,Dubai,Online,Electronics,Smartphone,2,606.9205247387553,0.1,1092.4569445297595,700,392.45694452975954
BM-14344,2025-11-11,Dubai,Store,Electronics,Laptop,1,1205.6468611350967,0.1,1085.082175021587,500,585.0821750215871
BM-14345,2025-11-11,Dubai,Store,Electronics,Tablet,1,208.31765993441854,0.08,191.65224713966506,120,71.65224713966506
BM-14346,2025-11-11,Addis Ababa,Online,Home,Water Bottle,3,11.918345841811023,0.02,35.039936774924406,12,23.039936774924406
BM-14347,2025-11-11,Addis Ababa,Online,Home,Desk Lamp,2,30.432610481247092,0.05,57.82195991436947,28,29.821959914369472
BM-14348,2025-11-11,Addis Ababa,Online,Home,Vacuum Cleaner,3,144.77480170362196,0.08,399.57845270199664,240,159.57845270199664
BM-14349,2025-11-11,Hawassa,Store,Electronics,Smart Watch,3,81.65913922370979,0.05,232.72854678757287,144,88.72854678757287
BM-14350,2025-11-11,Addis Ababa,Online,Beauty,Makeup Kit,2,71.63502921930596,0.05,136.1065555166813,70,66.10655551668131
BM-14351,2025-11-11,Bahir Dar,Store,Home,Desk Lamp,2,28.737362306542018,0.05,54.60098838242983,28,26.600988382429833
BM-14352,2025-11-11,Addis Ababa,Store,Home,Desk Lamp,1,30.19266576188929,0.05,28.683032473794825,14,14.683032473794825
BM-14353,2025-11-11,Bahir Dar,Store,Home,Vacuum Cleaner,2,146.97717778493606,0.08,270.43800712428236,160,110.43800712428236
BM-14354,2025-11-11,Addis Ababa,Store,Fashion,Jacket,2,87.47695031084875,0.05,166.20620559061263,90,76.20620559061263
BM-14355,2025-11-11,Addis Ababa,Online,Beauty,Shampoo,1,10.68633023755132,0.02,10.472603632800293,4,6.472603632800293
BM-14356,2025-11-11,Hawassa,Store,Fashion,T-Shirt,2,20.109435769254137,0.02,39.41449410773811,16,23.414494107738108
BM-14357,2025-11-11,Addis Ababa,Store,Fashion,Sneakers,2,66.62112775023633,0.05,126.58014272544901,74,52.58014272544901
BM-14358,2025-11-11,Addis Ababa,Store,Electronics,Smartphone,1,611.0222560009306,0.1,549.9200304008376,350,199.92003040083762
BM-14359,2025-11-11,Dubai,Online,Electronics,Bluetooth Speaker,1,61.433871949143594,0.05,58.36217835168641,35,23.36217835168641
BM-14360,2025-11-11,Nairobi,Online,Beauty,Makeup Kit,2,72.67397968278331,0.05,138.08056139728828,70,68.08056139728828
BM-14361,2025-11-11,Dubai,Store,Beauty,Shampoo,2,11.269911199263968,0.02,22.089025950557375,8,14.089025950557375
BM-14362,2025-11-12,Bahir Dar,Online,Home,Water Bottle,1,12.05206696370341,0.02,11.811025624429343,4,7.811025624429343
BM-14363,2025-11-12,Addis Ababa,Store,Beauty,Perfume,1,56.455495124137656,0.05,53.63272036793077,28,25.632720367930773
BM-14364,2025-11-12,Dubai,Online,Beauty,Makeup Kit,3,69.1406271282632,0.05,197.05078731555014,105,92.05078731555014
BM-14365,2025-11-12,Addis Ababa,Store,Beauty,Face Cream,1,23.10205953303459,0.02,22.6400183423739,10,12.6400183423739
BM-14366,2025-11-12,Hawassa,Online,Electronics,Phone Charger,1,18.657382877022602,0.02,18.28423521948215,7,11.284235219482149
BM-14367,2025-11-12,Addis Ababa,Online,Home,Coffee Maker,1,88.27729272165116,0.05,83.8634280855686,45,38.8634280855686
BM-14368,2025-11-12,Addis Ababa,Store,Electronics,Laptop,2,1220.669314918373,0.1,2197.2047668530713,1000,1197.2047668530713
BM-14369,2025-11-12,Addis Ababa,Online,Fashion,Hoodie,1,41.97396852907834,0.05,39.87527010262442,20,19.87527010262442
BM-14370,2025-11-12,Addis Ababa,Store,Electronics,Bluetooth Speaker,1,58.24804327349044,0.05,55.33564110981592,35,20.335641109815917
BM-14371,2025-11-12,Hawassa,Store,Electronics,Smart Watch,1,79.88586943408501,0.05,75.89157596238076,48,27.891575962380756
BM-14372,2025-11-12,Bahir Dar,Online,Fashion,Hoodie,3,40.77310685820221,0.05,116.2033545458763,60,56.203354545876294
BM-14373,2025-11-12,Addis Ababa,Online,Beauty,Face Cream,1,23.393154765286955,0.02,22.925291669981217,10,12.925291669981217
BM-14374,2025-11-12,Nairobi,Online,Electronics,Bluetooth Speaker,3,58.27245722788198,0.05,166.07650309946365,105,61.07650309946365
BM-14375,2025-11-12,Dubai,Online,Electronics,Smartphone,1,604.2279575768991,0.1,543.8051618192093,350,193.80516181920927
BM-14376,2025-11-12,Addis Ababa,Online,Beauty,Makeup Kit,2,68.1576832477647,0.05,129.4995981707529,70,59.499598170752904
BM-14377,2025-11-12,Addis Ababa,Online,Electronics,Wireless Earbuds,3,46.6441991070277,0.05,132.93596745502896,75,57.93596745502896
BM-14378,2025-11-12,Addis Ababa,Online,Home,Coffee Maker,2,91.74052522822826,0.05,174.30699793363368,90,84.30699793363368
BM-14379,2025-11-12,Nairobi,Online,Beauty,Face Cream,2,24.48229685709817,0.02,47.98530183991241,20,27.98530183991241
BM-14380,2025-11-12,Addis Ababa,Store,Electronics,Laptop,1,1154.4616893799355,0.1,1039.015520441942,500,539.015520441942
BM-14381,2025-11-12,Dubai,Online,Beauty,Face Cream,2,24.396450211458244,0.02,47.81704241445816,20,27.817042414458157
BM-14382,2025-11-12,Addis Ababa,Online,Fashion,Hoodie,1,42.14322279661723,0.05,40.036061656786366,20,20.036061656786366
BM-14383,2025-11-12,Nairobi,Online,Electronics,Phone Charger,1,18.33872255044746,0.02,17.97194809943851,7,10.97194809943851
BM-14384,2025-11-12,Bahir Dar,Store,Home,Coffee Maker,2,90.6024560345641,0.05,172.14466646567178,90,82.14466646567178
BM-14385,2025-11-12,Addis Ababa,Online,Home,Water Bottle,1,12.034305302296133,0.02,11.79361919625021,4,7.79361919625021
BM-14386,2025-11-12,Addis Ababa,Online,Fashion,T-Shirt,1,20.904644221775794,0.02,20.486551337340277,8,12.486551337340277
BM-14387,2025-11-12,Addis Ababa,Store,Fashion,Jacket,1,88.81703300337074,0.05,84.3761813532022,45,39.3761813532022
BM-14388,2025-11-12,Nairobi,Store,Home,Vacuum Cleaner,1,155.99958595484242,0.08,143.51961907845504,80,63.51961907845504
BM-14389,2025-11-13,Addis Ababa,Online,Beauty,Hair Dryer,2,40.255262710562725,0.05,76.48499915006917,40,36.48499915006917
BM-14390,2025-11-13,Bahir Dar,Store,Electronics,Tablet,4,199.39039808122482,0.08,733.7566649389073,480,253.7566649389073
BM-14391,2025-11-13,Dubai,Online,Electronics,Smartphone,2,601.9608214923894,0.1,1083.529478686301,700,383.529478686301
BM-14392,2025-11-13,Addis Ababa,Online,Beauty,Face Cream,1,24.18622550942156,0.02,23.70250099923313,10,13.70250099923313
BM-14393,2025-11-13,Addis Ababa,Store,Beauty,Hair Dryer,1,38.628415575036186,0.05,36.69699479628437,20,16.696994796284372
BM-14394,2025-11-13,Nairobi,Online,Electronics,Laptop,3,1192.0400365030048,0.1,3218.508098558113,1500,1718.508098558113
BM-14395,2025-11-13,Addis Ababa,Store,Beauty,Perfume,2,56.50203428029984,0.05,107.3538651325697,56,51.353865132569695
BM-14396,2025-11-13,Dubai,Online,Home,Desk Lamp,2,29.228722894430252,0.05,55.534573499417476,28,27.534573499417476
BM-14397,2025-11-13,Addis Ababa,Online,Electronics,Tablet,2,200.0252746560533,0.08,368.04650536713814,240,128.04650536713814
BM-14398,2025-11-13,Dubai,Store,Fashion,Jacket,1,88.70196045899085,0.05,84.26686243604131,45,39.26686243604131
BM-14399,2025-11-13,Nairobi,Store,Beauty,Shampoo,1,11.074542133819367,0.02,10.853051291142979,4,6.853051291142979
BM-14400,2025-11-13,Addis Ababa,Store,Home,Vacuum Cleaner,2,156.76939679766332,0.08,288.45569010770055,160,128.45569010770055
BM-14401,2025-11-13,Bahir Dar,Online,Electronics,Bluetooth Speaker,1,56.478033092506706,0.05,53.65413143788137,35,18.654131437881368
BM-14402,2025-11-13,Bahir Dar,Store,Home,Vacuum Cleaner,1,140.64167436880746,0.08,129.39034041930287,80,49.39034041930287
BM-14403,2025-11-13,Dubai,Online,Home,Water Bottle,2,11.691257413774796,0.02,22.9148645309986,8,14.9148645309986
BM-14404,2025-11-13,Addis Ababa,Online,Electronics,Tablet,1,207.33607702511452,0.08,190.74919086310535,120,70.74919086310535
BM-14405,2025-11-13,Addis Ababa,Store,Beauty,Perfume,1,55.46275482709517,0.05,52.68961708574041,28,24.68961708574041
BM-14406,2025-11-13,Bahir Dar,Store,Electronics,Smart Watch,2,81.64789849438144,0.05,155.1310071393247,96,59.13100713932471
BM-14407,2025-11-13,Addis Ababa,Store,Home,Vacuum Cleaner,1,151.8632684152216,0.08,139.71420694200387,80,59.71420694200387
BM-14408,2025-11-13,Addis Ababa,Store,Fashion,Jacket,1,90.83652143757318,0.05,86.29469536569452,45,41.29469536569452
BM-14409,2025-11-13,Addis Ababa,Store,Fashion,Jeans,1,49.90596185878085,0.05,47.410663765841804,25,22.410663765841804
BM-14410,2025-11-13,Addis Ababa,Store,Fashion,Jeans,1,51.181184714357286,0.05,48.62212547863942,25,23.62212547863942
BM-14411,2025-11-13,Dubai,Online,Home,Coffee Maker,1,89.88765098321417,0.05,85.39326843405345,45,40.393268434053454
BM-14412,2025-11-13,Bahir Dar,Online,Beauty,Shampoo,2,11.190746113159548,0.02,21.933862381792714,8,13.933862381792714
BM-14413,2025-11-13,Dubai,Store,Fashion,Jeans,1,49.88637625334674,0.05,47.3920574406794,25,22.3920574406794
BM-14414,2025-11-14,Addis Ababa,Store,Electronics,Wireless Earbuds,1,44.897847633260774,0.05,42.65295525159773,25,17.65295525159773
BM-14415,2025-11-14,Addis Ababa,Store,Fashion,Hoodie,3,41.38085835541306,0.05,117.93544631292721,60,57.93544631292721
BM-14416,2025-11-14,Dubai,Online,Beauty,Face Cream,2,23.604868183391236,0.02,46.26554163944682,20,26.265541639446823
BM-14417,2025-11-14,Nairobi,Online,Electronics,Tablet,1,197.7908954675175,0.08,181.96762383011608,120,61.96762383011608
BM-14418,2025-11-14,Addis Ababa,Online,Electronics,Laptop,2,1168.8001693816493,0.1,2103.8403048869686,1000,1103.8403048869686
BM-14419,2025-11-14,Bahir Dar,Online,Home,Water Bottle,2,12.353279349047675,0.02,24.212427524133442,8,16.212427524133442
BM-14420,2025-11-14,Addis Ababa,Online,Beauty,Makeup Kit,3,70.52334981639675,0.05,200.99154697673072,105,95.99154697673072
BM-14421,2025-11-14,Dubai,Store,Fashion,Jeans,1,49.50038506652245,0.05,47.02536581319632,25,22.025365813196323
BM-14422,2025-11-14,Dubai,Store,Beauty,Hair Dryer,2,39.884992846297266,0.05,75.7814864079648,40,35.781486407964806
BM-14423,2025-11-14,Nairobi,Online,Electronics,Phone Charger,2,18.131979987577957,0.02,35.53868077565279,14,21.538680775652793
BM-14424,2025-11-14,Addis Ababa,Online,Home,Storage Box,1,15.034327746742619,0.02,14.733641191807767,6,8.733641191807767
BM-14425,2025-11-14,Bahir Dar,Online,Electronics,Wireless Earbuds,3,45.41645362697518,0.05,129.43689283687928,75,54.43689283687928
BM-14426,2025-11-14,Addis Ababa,Store,Beauty,Shampoo,1,11.267680961897348,0.02,11.042327342659402,4,7.0423273426594015
BM-14427,2025-11-14,Dubai,Online,Beauty,Shampoo,1,10.99265295452547,0.02,10.77279989543496,4,6.772799895434961
BM-14428,2025-11-14,Addis Ababa,Store,Electronics,Smartphone,1,599.891971736478,0.1,539.9027745628302,350,189.90277456283025
BM-14429,2025-11-14,Bahir Dar,Online,Beauty,Makeup Kit,2,70.40541009196201,0.05,133.77027917472782,70,63.77027917472782
BM-14430,2025-11-14,Addis Ababa,Online,Electronics,Laptop,2,1216.215039345834,0.1,2189.187070822501,1000,1189.187070822501
BM-14431,2025-11-14,Addis Ababa,Store,Fashion,T-Shirt,1,20.22210551456829,0.02,19.817663404276924,8,11.817663404276924
BM-14432,2025-11-14,Dubai,Online,Beauty,Perfume,2,57.13409256693514,0.05,108.55477587717675,56,52.55477587717675
BM-14433,2025-11-14,Bahir Dar,Store,Beauty,Hair Dryer,1,40.116618502303865,0.05,38.11078757718867,20,18.110787577188667
BM-14434,2025-11-14,Nairobi,Store,Beauty,Shampoo,1,11.132118049258983,0.02,10.909475688273803,4,6.909475688273803
BM-14435,2025-11-14,Dubai,Store,Electronics,Bluetooth Speaker,1,60.40083014729534,0.05,57.38078863993057,35,22.38078863993057
BM-14436,2025-11-14,Dubai,Online,Beauty,Makeup Kit,1,71.63614454872663,0.05,68.0543373212903,35,33.054337321290305
BM-14437,2025-11-14,Nairobi,Online,Beauty,Perfume,1,56.230064833307445,0.05,53.41856159164207,28,25.418561591642067
BM-14438,2025-11-14,Nairobi,Store,Fashion,Jeans,1,48.71105000481706,0.05,46.27549750457621,25,21.275497504576208
BM-14439,2025-11-15,Addis Ababa,Store,Beauty,Face Cream,2,24.291464264933055,0.02,47.61126995926879,20,27.61126995926879
BM-14440,2025-11-15,Addis Ababa,Store,Home,Storage Box,1,15.033169030673518,0.02,14.732505650060048,6,8.732505650060048
BM-14441,2025-11-15,Dubai,Store,Home,Desk Lamp,1,29.92193591045915,0.05,28.425839114936192,14,14.425839114936192
BM-14442,2025-11-15,Bahir Dar,Store,Fashion,Jeans,1,51.276562169842734,0.05,48.712734061350595,25,23.712734061350595
BM-14443,2025-11-15,Dubai,Store,Fashion,Hoodie,1,41.37573157469032,0.05,39.3069449959558,20,19.306944995955803
BM-14444,2025-11-15,Addis Ababa,Store,Beauty,Face Cream,2,22.65550512657836,0.02,44.40479004809358,20,24.40479004809358
BM-14445,2025-11-15,Nairobi,Online,Home,Water Bottle,1,11.885712756597783,0.02,11.647998501465828,4,7.647998501465828
BM-14446,2025-11-15,Nairobi,Store,Fashion,T-Shirt,3,19.685965645489205,0.02,57.87673899773826,24,33.87673899773826
BM-14447,2025-11-15,Addis Ababa,Store,Electronics,Wireless Earbuds,2,44.54183933553563,0.05,84.62949473751769,50,34.62949473751769
BM-14448,2025-11-15,Nairobi,Online,Fashion,Sneakers,1,63.077334465892854,0.05,59.923467742598206,37,22.923467742598206
BM-14449,2025-11-15,Addis Ababa,Online,Beauty,Face Cream,1,23.25119459785268,0.02,22.78617070589563,10,12.786170705895628
BM-14450,2025-11-15,Dubai,Online,Home,Coffee Maker,3,87.53075888638264,0.05,249.46266282619055,135,114.46266282619055
BM-14451,2025-11-15,Dubai,Online,Electronics,Bluetooth Speaker,1,60.32283034281058,0.05,57.30668882567005,35,22.30668882567005
BM-14452,2025-11-15,Addis Ababa,Store,Electronics,Tablet,1,194.87098404688027,0.08,179.28130532312986,120,59.28130532312986
BM-14453,2025-11-15,Dubai,Store,Beauty,Hair Dryer,2,40.161010942150824,0.05,76.30592079008656,40,36.30592079008656
BM-14454,2025-11-15,Addis Ababa,Online,Beauty,Hair Dryer,1,38.86589892173695,0.05,36.9226039756501,20,16.922603975650098
BM-14455,2025-11-15,Addis Ababa,Online,Fashion,T-Shirt,2,19.915466991843623,0.02,39.0343153040135,16,23.034315304013496
BM-14456,2025-11-15,Bahir Dar,Store,Electronics,Wireless Earbuds,1,44.780500337797086,0.05,42.54147532090723,25,17.54147532090723
BM-14457,2025-11-15,Dubai,Online,Beauty,Makeup Kit,2,69.93660729108518,0.05,132.87955385306185,70,62.87955385306185
BM-14458,2025-11-15,Nairobi,Online,Home,Vacuum Cleaner,1,142.2737428273561,0.08,130.89184340116762,80,50.89184340116762
BM-14459,2025-11-15,Nairobi,Online,Beauty,Makeup Kit,3,70.43667032610401,0.05,200.7445104293964,105,95.7445104293964
BM-14460,2025-11-15,Dubai,Online,Home,Vacuum Cleaner,1,156.02400754466825,0.08,143.5420869410948,80,63.542086941094794
BM-14461,2025-11-15,Addis Ababa,Online,Home,Vacuum Cleaner,1,150.19589694324893,0.08,138.180225187789,80,58.180225187789006
BM-14462,2025-11-15,Dubai,Store,Electronics,Smart Watch,1,82.28470952701761,0.05,78.17047405066673,48,30.170474050666726
BM-14463,2025-11-15,Addis Ababa,Online,Home,Storage Box,1,14.94043340670174,0.02,14.641624738567705,6,8.641624738567705
BM-14464,2025-11-15,Bahir Dar,Online,Home,Storage Box,1,14.605341830184347,0.02,14.313234993580659,6,8.313234993580659
BM-14465,2025-11-16,Bahir Dar,Online,Beauty,Hair Dryer,1,38.51809327690217,0.05,36.59218861305706,20,16.59218861305706
BM-14466,2025-11-16,Addis Ababa,Store,Home,Storage Box,1,15.17565375383503,0.02,14.87214067875833,6,8.87214067875833
BM-14467,2025-11-16,Addis Ababa,Online,Fashion,Sneakers,2,64.98004125712778,0.05,123.46207838854278,74,49.46207838854278
BM-14468,2025-11-16,Dubai,Store,Home,Water Bottle,2,11.742710380572237,0.02,23.015712345921585,8,15.015712345921585
BM-14469,2025-11-16,Dubai,Store,Beauty,Perfume,1,51.69377566383703,0.05,49.10908688064518,28,21.10908688064518
BM-14470,2025-11-16,Dubai,Online,Beauty,Shampoo,1,10.696239948465177,0.02,10.482315149495873,4,6.482315149495873
BM-14471,2025-11-16,Dubai,Online,Home,Vacuum Cleaner,1,148.3221814291182,0.08,136.45640691478874,80,56.456406914788744
BM-14472,2025-11-16,Dubai,Online,Home,Water Bottle,2,12.315034402347068,0.02,24.137467428600253,8,16.137467428600253
BM-14473,2025-11-16,Dubai,Store,Fashion,T-Shirt,1,19.988969327380946,0.02,19.58918994083333,8,11.589189940833329
BM-14474,2025-11-16,Nairobi,Store,Home,Desk Lamp,2,30.869664831238907,0.05,58.65236317935392,28,30.65236317935392
BM-14475,2025-11-16,Addis Ababa,Store,Home,Desk Lamp,2,29.912649257725054,0.05,56.8340335896776,28,28.834033589677603
BM-14476,2025-11-16,Nairobi,Store,Home,Storage Box,1,15.455762238869632,0.02,15.146646994092238,6,9.146646994092238
BM-14477,2025-11-16,Addis Ababa,Online,Electronics,Smartphone,1,593.4989711155946,0.1,534.1490740040351,350,184.14907400403513
BM-14478,2025-11-16,Dubai,Store,Electronics,Bluetooth Speaker,4,62.2913687637826,0.05,236.70720130237387,140,96.70720130237387
BM-14479,2025-11-16,Addis Ababa,Online,Fashion,Sneakers,2,63.26267928826511,0.05,120.19909064770371,74,46.19909064770371
BM-14480,2025-11-16,Dubai,Store,Home,Storage Box,2,15.205332704622826,0.02,29.802452101060737,12,17.802452101060737
BM-14481,2025-11-16,Addis Ababa,Store,Fashion,Sneakers,1,63.43358769008597,0.05,60.26190830558167,37,23.26190830558167
BM-14482,2025-11-16,Dubai,Store,Beauty,Face Cream,2,24.461969489622845,0.02,47.94546019966078,20,27.94546019966078
BM-14483,2025-11-16,Addis Ababa,Online,Beauty,Perfume,1,55.00929645940899,0.05,52.25883163643854,28,24.258831636438543
BM-14484,2025-11-16,Bahir Dar,Store,Fashion,Sneakers,1,64.11348864910165,0.05,60.90781421664657,37,23.90781421664657
BM-14485,2025-11-16,Dubai,Online,Fashion,Sneakers,1,63.047922417530835,0.05,59.89552629665429,37,22.89552629665429
BM-14486,2025-11-16,Dubai,Online,Home,Coffee Maker,2,88.62277581026376,0.05,168.38327403950115,90,78.38327403950115
BM-14487,2025-11-17,Dubai,Store,Electronics,Phone Charger,3,18.22702820782811,0.02,53.587462931014635,21,32.587462931014635
BM-14488,2025-11-17,Dubai,Store,Electronics,Smartphone,2,592.3745718698469,0.1,1066.2742293657245,700,366.2742293657245
BM-14489,2025-11-17,Nairobi,Online,Beauty,Hair Dryer,4,41.199206267408414,0.05,156.55698381615196,80,76.55698381615196
BM-14490,2025-11-17,Dubai,Online,Beauty,Face Cream,1,23.864110148386185,0.02,23.38682794541846,10,13.38682794541846
BM-14491,2025-11-17,Nairobi,Online,Electronics,Bluetooth Speaker,2,60.41887708191604,0.05,114.79586645564046,70,44.795866455640464
BM-14492,2025-11-17,Addis Ababa,Store,Beauty,Face Cream,4,23.715006097967624,0.02,92.96282390403309,40,52.96282390403309
BM-14493,2025-11-17,Dubai,Online,Home,Storage Box,1,14.279002842327612,0.02,13.99342278548106,6,7.9934227854810604
BM-14494,2025-11-17,Addis Ababa,Online,Beauty,Hair Dryer,1,40.960077298371374,0.05,38.912073433452804,20,18.912073433452804
BM-14495,2025-11-17,Dubai,Online,Fashion,Jacket,2,92.1786621959109,0.05,175.13945817223072,90,85.13945817223072
BM-14496,2025-11-17,Addis Ababa,Online,Beauty,Makeup Kit,1,69.28844672519706,0.05,65.8240243889372,35,30.824024388937204
BM-14497,2025-11-17,Dubai,Store,Home,Coffee Maker,3,89.16578125666268,0.05,254.12247658148863,135,119.12247658148863
BM-14498,2025-11-17,Bahir Dar,Online,Fashion,Jeans,2,50.34803133793796,0.05,95.66125954208212,50,45.66125954208212
BM-14499,2025-11-17,Dubai,Online,Electronics,Smart Watch,1,81.5274043493474,0.05,77.45103413188004,48,29.451034131880036
BM-14500,2025-11-17,Dubai,Store,Electronics,Bluetooth Speaker,1,59.56962191372589,0.05,56.59114081803959,35,21.59114081803959
BM-14501,2025-11-17,Addis Ababa,Store,Fashion,Sneakers,1,63.15029437895018,0.05,59.99277966000267,37,22.992779660002668
BM-14502,2025-11-17,Bahir Dar,Online,Beauty,Makeup Kit,1,70.72817268279618,0.05,67.19176404865637,35,32.19176404865637
BM-14503,2025-11-17,Bahir Dar,Store,Electronics,Wireless Earbuds,1,43.676926774969495,0.05,41.49308043622102,25,16.49308043622102
BM-14504,2025-11-17,Nairobi,Store,Fashion,Jeans,2,50.85050168764984,0.05,96.61595320653468,50,46.615953206534684
BM-14505,2025-11-17,Dubai,Online,Home,Coffee Maker,1,86.39496808236404,0.05,82.07521967824584,45,37.075219678245844
BM-14506,2025-11-18,Bahir Dar,Store,Fashion,Sneakers,1,64.3301301455513,0.05,61.11362363827373,37,24.11362363827373
BM-14507,2025-11-18,Bahir Dar,Online,Fashion,Hoodie,3,42.76523095408072,0.05,121.88090821913005,60,61.88090821913005
BM-14508,2025-11-18,Nairobi,Store,Fashion,Hoodie,1,43.96299039437813,0.05,41.76484087465922,20,21.76484087465922
BM-14509,2025-11-18,Bahir Dar,Store,Home,Vacuum Cleaner,3,147.36898321517458,0.08,406.7383936738819,240,166.7383936738819
BM-14510,2025-11-18,Addis Ababa,Store,Electronics,Phone Charger,2,17.2776691193294,0.02,33.864231473885624,14,19.864231473885624
BM-14511,2025-11-18,Dubai,Online,Home,Water Bottle,1,12.313337362150417,0.02,12.067070614907408,4,8.067070614907408
BM-14512,2025-11-18,Addis Ababa,Store,Electronics,Wireless Earbuds,1,45.80473217645177,0.05,43.51449556762918,25,18.514495567629183
BM-14513,2025-11-18,Dubai,Store,Home,Storage Box,1,14.82189157535493,0.02,14.525453743847832,6,8.525453743847832
BM-14514,2025-11-18,Addis Ababa,Online,Fashion,Sneakers,1,66.8984238556175,0.05,63.553502662836614,37,26.553502662836614
BM-14515,2025-11-18,Addis Ababa,Store,Home,Water Bottle,1,12.487631166510868,0.02,12.237878543180651,4,8.237878543180651
BM-14516,2025-11-18,Dubai,Online,Electronics,Tablet,1,206.72197910515578,0.08,190.18422077674333,120,70.18422077674333
BM-14517,2025-11-18,Addis Ababa,Store,Fashion,Hoodie,1,42.8049947119992,0.05,40.66474497639924,20,20.66474497639924
BM-14518,2025-11-18,Addis Ababa,Online,Home,Vacuum Cleaner,1,151.6500986686477,0.08,139.51809077515588,80,59.51809077515588
BM-14519,2025-11-18,Bahir Dar,Store,Beauty,Face Cream,3,24.5303373457469,0.02,72.11919179649588,30,42.11919179649588
BM-14520,2025-11-18,Nairobi,Online,Fashion,Sneakers,1,63.807573666095976,0.05,60.617194982791176,37,23.617194982791176
BM-14521,2025-11-18,Nairobi,Online,Beauty,Perfume,1,54.57157966291791,0.05,51.84300067977201,28,23.84300067977201
BM-14522,2025-11-18,Addis Ababa,Store,Fashion,Sneakers,1,66.15568016797006,0.05,62.847896159571555,37,25.847896159571555
BM-14523,2025-11-18,Addis Ababa,Online,Electronics,Wireless Earbuds,1,44.51712318612437,0.05,42.291267026818154,25,17.291267026818154
BM-14524,2025-11-18,Dubai,Store,Home,Vacuum Cleaner,1,148.5928156972006,0.08,136.70539044142456,80,56.705390441424555
BM-14525,2025-11-18,Bahir Dar,Store,Electronics,Laptop,2,1135.5177617763763,0.1,2043.9319711974774,1000,1043.9319711974774
BM-14526,2025-11-18,Addis Ababa,Online,Electronics,Tablet,1,191.82955662242495,0.08,176.48319209263096,120,56.48319209263096
BM-14527,2025-11-18,Dubai,Online,Home,Coffee Maker,1,88.93043068452279,0.05,84.48390915029664,45,39.48390915029664
BM-14528,2025-11-18,Dubai,Online,Fashion,Hoodie,1,41.968700064206026,0.05,39.87026506099572,20,19.87026506099572
BM-14529,2025-11-18,Nairobi,Online,Fashion,Sneakers,1,64.31912417162202,0.05,61.10316796304092,37,24.103167963040917
BM-14530,2025-11-19,Addis Ababa,Online,Electronics,Bluetooth Speaker,1,60.28692434588621,0.05,57.2725781285919,35,22.272578128591903
BM-14531,2025-11-19,Dubai,Store,Home,Coffee Maker,2,90.49505401112684,0.05,171.94060262114098,90,81.94060262114098
BM-14532,2025-11-19,Dubai,Online,Electronics,Smartphone,1,612.0357773239575,0.1,550.8321995915618,350,200.8321995915618
BM-14533,2025-11-19,Addis Ababa,Store,Beauty,Perfume,1,53.87455466572756,0.05,51.18082693244118,28,23.180826932441178
BM-14534,2025-11-19,Dubai,Store,Electronics,Phone Charger,1,18.555588841371954,0.02,18.184477064544513,7,11.184477064544513
BM-14535,2025-11-19,Addis Ababa,Online,Beauty,Hair Dryer,1,40.127836266537855,0.05,38.12144445321096,20,18.121444453210962
BM-14536,2025-11-19,Nairobi,Store,Electronics,Smartphone,2,579.2351829637543,0.1,1042.6233293347577,700,342.6233293347577
BM-14537,2025-11-19,Nairobi,Online,Fashion,Hoodie,1,40.9667946305901,0.05,38.91845489906059,20,18.918454899060592
BM-14538,2025-11-19,Nairobi,Online,Beauty,Perfume,1,53.42605608383445,0.05,50.75475327964273,28,22.754753279642728
BM-14539,2025-11-19,Nairobi,Online,Fashion,Jeans,1,51.15621339925536,0.05,48.59840272929259,25,23.598402729292587
BM-14540,2025-11-19,Nairobi,Online,Fashion,Hoodie,1,41.216053219269604,0.05,39.15525055830612,20,19.155250558306122
BM-14541,2025-11-19,Addis Ababa,Online,Electronics,Smartphone,2,600.241855594895,0.1,1080.435340070811,700,380.435340070811
BM-14542,2025-11-19,Addis Ababa,Online,Electronics,Wireless Earbuds,4,44.84048224827693,0.05,170.3938325434523,100,70.3938325434523
BM-14543,2025-11-19,Bahir Dar,Store,Fashion,Hoodie,1,44.67622035093587,0.05,42.44240933338907,20,22.442409333389072
BM-14544,2025-11-19,Bahir Dar,Online,Electronics,Smartphone,1,599.392123993115,0.1,539.4529115938035,350,189.4529115938035
BM-14545,2025-11-19,Bahir Dar,Online,Beauty,Shampoo,4,11.020081662044129,0.02,43.198720115212986,16,27.198720115212986
BM-14546,2025-11-19,Addis Ababa,Store,Home,Water Bottle,1,11.787493638628918,0.02,11.55174376585634,4,7.55174376585634
BM-14547,2025-11-19,Bahir Dar,Online,Home,Storage Box,1,15.42420718969884,0.02,15.115723045904863,6,9.115723045904863
BM-14548,2025-11-19,Addis Ababa,Store,Home,Vacuum Cleaner,1,149.14998435451366,0.08,137.21798560615258,80,57.21798560615258
BM-14549,2025-11-19,Dubai,Online,Beauty,Makeup Kit,3,70.9290024684778,0.05,202.14765703516176,105,97.14765703516176
BM-14550,2025-11-19,Dubai,Online,Home,Coffee Maker,2,91.09639680050577,0.05,173.08315392096097,90,83.08315392096097
BM-14551,2025-11-19,Addis Ababa,Online,Beauty,Perfume,1,52.969336537000316,0.05,50.3208697101503,28,22.320869710150298
BM-14552,2025-11-20,Addis Ababa,Store,Electronics,Smartphone,2,598.3181846940086,0.1,1076.9727324492155,700,376.9727324492155
BM-14553,2025-11-20,Addis Ababa,Store,Fashion,Sneakers,1,64.2327821564496,0.05,61.02114304862712,37,24.021143048627117
BM-14554,2025-11-20,Dubai,Online,Beauty,Hair Dryer,1,39.52553027040313,0.05,37.549253756882976,20,17.549253756882976
BM-14555,2025-11-20,Addis Ababa,Online,Home,Vacuum Cleaner,2,150.98448568930536,0.08,277.81145366832186,160,117.81145366832186
BM-14556,2025-11-20,Addis Ababa,Online,Fashion,T-Shirt,1,19.693607615561984,0.02,19.299735463250745,8,11.299735463250745
BM-14557,2025-11-20,Addis Ababa,Store,Electronics,Phone Charger,2,17.57592967849613,0.02,34.44882216985241,14,20.448822169852413
BM-14558,2025-11-20,Addis Ababa,Store,Fashion,Jacket,1,92.52896929534433,0.05,87.9025208305771,45,42.9025208305771
BM-14559,2025-11-20,Nairobi,Online,Electronics,Phone Charger,1,18.957259945351215,0.02,18.57811474644419,7,11.57811474644419
BM-14560,2025-11-20,Addis Ababa,Store,Fashion,Hoodie,1,42.0843518605018,0.05,39.98013426747671,20,19.980134267476707
BM-14561,2025-11-20,Dubai,Online,Beauty,Makeup Kit,2,72.1565249124623,0.05,137.09739733367837,70,67.09739733367837
BM-14562,2025-11-20,Addis Ababa,Store,Electronics,Laptop,1,1190.7008918462332,0.1,1071.6308026616098,500,571.6308026616098
BM-14563,2025-11-20,Bahir Dar,Online,Fashion,Sneakers,1,64.5063375355641,0.05,61.28102065878589,37,24.28102065878589
BM-14564,2025-11-20,Dubai,Online,Home,Storage Box,2,14.947794294941948,0.02,29.297676818086217,12,17.297676818086217
BM-14565,2025-11-20,Bahir Dar,Store,Fashion,Jacket,1,89.9163818106427,0.05,85.42056272011057,45,40.42056272011057
BM-14566,2025-11-20,Addis Ababa,Online,Beauty,Face Cream,1,24.086922103103753,0.02,23.60518366104168,10,13.605183661041679
BM-14567,2025-11-20,Addis Ababa,Online,Home,Storage Box,1,15.039994515850944,0.02,14.739194625533925,6,8.739194625533925
BM-14568,2025-11-20,Nairobi,Online,Electronics,Phone Charger,2,18.000587640556912,0.02,35.281151775491544,14,21.281151775491544
BM-14569,2025-11-20,Nairobi,Store,Beauty,Perfume,2,55.301551681917864,0.05,105.07294819564393,56,49.07294819564393
BM-14570,2025-11-20,Bahir Dar,Store,Electronics,Wireless Earbuds,1,44.53179271488681,0.05,42.30520307914247,25,17.305203079142473
BM-14571,2025-11-20,Nairobi,Online,Electronics,Smart Watch,1,77.89593994179876,0.05,74.00114294470882,48,26.001142944708818
BM-14572,2025-11-20,Addis Ababa,Online,Home,Desk Lamp,2,29.78456920156892,0.05,56.59068148298095,28,28.590681482980948
BM-14573,2025-11-20,Addis Ababa,Online,Beauty,Perfume,1,56.14415852015344,0.05,53.33695059414576,28,25.336950594145762
BM-14574,2025-11-20,Nairobi,Online,Fashion,Jacket,1,86.83964930875226,0.05,82.49766684331465,45,37.49766684331465
BM-14575,2025-11-20,Dubai,Store,Fashion,Sneakers,2,63.563858656318594,0.05,120.77133144700532,74,46.77133144700532
BM-14576,2025-11-21,Dubai,Online,Beauty,Hair Dryer,1,38.27723477933731,0.05,36.36337304037045,20,16.363373040370448
BM-14577,2025-11-21,Bahir Dar,Store,Electronics,Tablet,2,202.66660976457965,0.08,372.9065619668266,240,132.9065619668266
BM-14578,2025-11-21,Addis Ababa,Store,Fashion,Hoodie,1,42.93941505914652,0.05,40.79244430618919,20,20.79244430618919
BM-14579,2025-11-21,Addis Ababa,Store,Fashion,T-Shirt,1,20.037326787439326,0.02,19.63658025169054,8,11.636580251690539
BM-14580,2025-11-21,Hawassa,Online,Fashion,T-Shirt,1,19.501252025377028,0.02,19.111226984869486,8,11.111226984869486
BM-14581,2025-11-21,Nairobi,Store,Beauty,Makeup Kit,1,72.15002707325279,0.05,68.54252571959015,35,33.542525719590145
BM-14582,2025-11-21,Nairobi,Store,Home,Vacuum Cleaner,3,150.9029058492788,0.08,416.4920201440095,240,176.49202014400947
BM-14583,2025-11-21,Bahir Dar,Online,Electronics,Smart Watch,3,79.18811294793369,0.05,225.68612190161102,144,81.68612190161102
BM-14584,2025-11-21,Addis Ababa,Store,Fashion,Jacket,1,92.92025464866961,0.05,88.27424191623612,45,43.27424191623612
BM-14585,2025-11-21,Bahir Dar,Store,Fashion,T-Shirt,2,19.344609564729225,0.02,37.91543474686928,16,21.91543474686928
BM-14586,2025-11-21,Dubai,Online,Fashion,Hoodie,2,41.64139894152158,0.05,79.118657988891,40,39.118657988891
BM-14587,2025-11-21,Dubai,Online,Beauty,Shampoo,1,10.921917464141568,0.02,10.703479114858737,4,6.703479114858737
BM-14588,2025-11-21,Bahir Dar,Store,Fashion,Jacket,1,92.21184117136764,0.05,87.60124911279925,45,42.60124911279925
BM-14589,2025-11-21,Nairobi,Store,Beauty,Perfume,1,56.40670288952037,0.05,53.58636774504435,28,25.58636774504435
BM-14590,2025-11-21,Nairobi,Store,Electronics,Smart Watch,1,81.18926177627054,0.05,77.12979868745701,48,29.12979868745701
BM-14591,2025-11-21,Addis Ababa,Online,Home,Desk Lamp,1,30.39287100798599,0.05,28.873227457586687,14,14.873227457586687
BM-14592,2025-11-21,Bahir Dar,Online,Fashion,T-Shirt,1,19.73770472484899,0.02,19.342950630352007,8,11.342950630352007
BM-14593,2025-11-21,Addis Ababa,Online,Home,Desk Lamp,2,29.78294630861897,0.05,56.58759798637604,28,28.58759798637604
BM-14594,2025-11-21,Addis Ababa,Online,Home,Coffee Maker,1,92.16036024508043,0.05,87.5523422328264,45,42.552342232826405
BM-14595,2025-11-21,Dubai,Store,Fashion,T-Shirt,2,19.729292746229135,0.02,38.669413782609105,16,22.669413782609105
BM-14596,2025-11-21,Addis Ababa,Store,Electronics,Tablet,1,205.2409482074409,0.08,188.82167235084563,120,68.82167235084563
BM-14597,2025-11-22,Addis Ababa,Online,Home,Coffee Maker,1,89.97251202229984,0.05,85.47388642118484,45,40.473886421184844
BM-14598,2025-11-22,Dubai,Online,Home,Coffee Maker,1,86.37365267004229,0.05,82.05497003654017,45,37.05497003654017
BM-14599,2025-11-22,Bahir Dar,Online,Home,Vacuum Cleaner,1,148.63234342881603,0.08,136.74175595451075,80,56.74175595451075
BM-14600,2025-11-22,Addis Ababa,Online,Beauty,Hair Dryer,2,39.60482367852073,0.05,75.24916498918938,40,35.24916498918938
BM-14601,2025-11-22,Bahir Dar,Store,Beauty,Makeup Kit,1,69.80548459291141,0.05,66.31521036326583,35,31.315210363265834
BM-14602,2025-11-22,Addis Ababa,Store,Beauty,Perfume,2,53.275691061549104,0.05,101.2238130169433,56,45.223813016943296
BM-14603,2025-11-22,Addis Ababa,Store,Electronics,Tablet,4,202.18441728025104,0.08,744.0386555913238,480,264.03865559132385
BM-14604,2025-11-22,Bahir Dar,Online,Electronics,Phone Charger,1,17.866466672325547,0.02,17.509137338879036,7,10.509137338879036
BM-14605,2025-11-22,Dubai,Online,Electronics,Smartphone,1,601.8988553560469,0.1,541.7089698204422,350,191.70896982044223
BM-14606,2025-11-22,Nairobi,Store,Fashion,Jacket,2,91.04060726527496,0.05,172.9771538040224,90,82.97715380402241
BM-14607,2025-11-22,Addis Ababa,Online,Beauty,Perfume,1,55.71402767679975,0.05,52.92832629295976,28,24.92832629295976
BM-14608,2025-11-22,Dubai,Online,Beauty,Shampoo,1,11.22016001909277,0.02,10.995756818710914,4,6.995756818710914
BM-14609,2025-11-22,Nairobi,Store,Home,Desk Lamp,1,29.726649584915176,0.05,28.240317105669416,14,14.240317105669416
BM-14610,2025-11-22,Hawassa,Online,Beauty,Face Cream,1,24.050077561650742,0.02,23.569076010417728,10,13.569076010417728
BM-14611,2025-11-22,Bahir Dar,Online,Beauty,Perfume,1,53.96615634217777,0.05,51.26784852506888,28,23.267848525068878
BM-14612,2025-11-22,Addis Ababa,Online,Fashion,Jeans,2,49.83964807732335,0.05,94.69533134691437,50,44.69533134691437
BM-14613,2025-11-22,Dubai,Online,Electronics,Bluetooth Speaker,2,59.91150720744469,0.05,113.83186369414491,70,43.831863694144914
BM-14614,2025-11-22,Dubai,Online,Home,Vacuum Cleaner,1,151.7472243310618,0.08,139.60744638457686,80,59.60744638457686
BM-14615,2025-11-22,Bahir Dar,Store,Beauty,Makeup Kit,1,74.3773541518812,0.05,70.65848644428715,35,35.65848644428715
BM-14616,2025-11-22,Bahir Dar,Online,Fashion,Jeans,2,50.10192644301404,0.05,95.19366024172666,50,45.19366024172666
BM-14617,2025-11-22,Nairobi,Online,Fashion,Jacket,1,87.87448235265401,0.05,83.48075823502131,45,38.48075823502131
BM-14618,2025-11-22,Hawassa,Online,Electronics,Bluetooth Speaker,2,59.979523320122304,0.05,113.96109430823238,70,43.961094308232376
BM-14619,2025-11-23,Bahir Dar,Online,Electronics,Wireless Earbuds,1,42.668980624700474,0.05,40.53553159346545,25,15.53553159346545
BM-14620,2025-11-23,Addis Ababa,Online,Fashion,Jacket,1,89.43792226084395,0.05,84.96602614780174,45,39.96602614780174
BM-14621,2025-11-23,Addis Ababa,Online,Home,Storage Box,1,14.570871403211036,0.02,14.279453975146815,6,8.279453975146815
BM-14622,2025-11-23,Dubai,Online,Electronics,Smartphone,1,601.5180384738286,0.1,541.3662346264457,350,191.3662346264457
BM-14623,2025-11-23,Nairobi,Online,Beauty,Perfume,2,56.582135776871,0.05,107.50605797605489,56,51.50605797605489
BM-14624,2025-11-23,Addis Ababa,Online,Beauty,Face Cream,2,23.439848357578974,0.02,45.94210278085479,20,25.94210278085479
BM-14625,2025-11-23,Addis Ababa,Store,Beauty,Makeup Kit,1,69.45223982750132,0.05,65.97962783612624,35,30.97962783612624
BM-14626,2025-11-23,Bahir Dar,Online,Beauty,Shampoo,2,11.007142558271044,0.02,21.573999414211244,8,13.573999414211244
BM-14627,2025-11-23,Addis Ababa,Online,Home,Coffee Maker,2,88.081548373452,0.05,167.3549419095588,90,77.35494190955879
BM-14628,2025-11-23,Addis Ababa,Online,Fashion,Jacket,3,89.75963871916966,0.05,255.81497034963354,135,120.81497034963354
BM-14629,2025-11-23,Addis Ababa,Store,Electronics,Smart Watch,1,77.69277655211656,0.05,73.80813772451073,48,25.80813772451073
BM-14630,2025-11-23,Dubai,Online,Home,Coffee Maker,1,91.81152792317329,0.05,87.22095152701462,45,42.22095152701462
BM-14631,2025-11-23,Bahir Dar,Online,Electronics,Laptop,1,1152.9784400990395,0.1,1037.6805960891356,500,537.6805960891356
BM-14632,2025-11-23,Addis Ababa,Online,Fashion,T-Shirt,4,19.45083718854815,0.02,76.24728177910875,32,44.24728177910875
BM-14633,2025-11-23,Dubai,Online,Beauty,Shampoo,1,10.583299793084132,0.02,10.371633797222449,4,6.371633797222449
BM-14634,2025-11-23,Bahir Dar,Store,Electronics,Wireless Earbuds,1,46.305739493900184,0.05,43.99045251920517,25,18.99045251920517
BM-14635,2025-11-23,Bahir Dar,Store,Electronics,Phone Charger,1,18.333055314579077,0.02,17.966394208287497,7,10.966394208287497
BM-14636,2025-11-23,Addis Ababa,Online,Fashion,Sneakers,1,63.56057081997728,0.05,60.38254227897841,37,23.382542278978413
BM-14637,2025-11-23,Dubai,Online,Home,Desk Lamp,1,31.633385889504456,0.05,30.051716595029234,14,16.051716595029234
BM-14638,2025-11-24,Bahir Dar,Online,Electronics,Tablet,4,197.88230097409624,0.08,728.2068675846742,480,248.20686758467423
BM-14639,2025-11-24,Bahir Dar,Online,Home,Vacuum Cleaner,1,151.11584299146713,0.08,139.02657555214978,80,59.02657555214978
BM-14640,2025-11-24,Addis Ababa,Online,Electronics,Laptop,3,1204.1523520017097,0.1,3251.211350404616,1500,1751.211350404616
BM-14641,2025-11-24,Addis Ababa,Store,Beauty,Hair Dryer,2,42.01368246969737,0.05,79.82599669242501,40,39.82599669242501
BM-14642,2025-11-24,Addis Ababa,Store,Electronics,Laptop,2,1225.7995934414262,0.1,2206.4392681945674,1000,1206.4392681945674
BM-14643,2025-11-24,Bahir Dar,Online,Home,Vacuum Cleaner,1,153.3801653827854,0.08,141.10975215216257,80,61.10975215216257
BM-14644,2025-11-24,Nairobi,Online,Fashion,Sneakers,2,67.72646869850537,0.05,128.6802905271602,74,54.680290527160196
BM-14645,2025-11-24,Bahir Dar,Online,Electronics,Wireless Earbuds,1,45.23755409688038,0.05,42.97567639203636,25,17.975676392036362
BM-14646,2025-11-24,Addis Ababa,Online,Electronics,Wireless Earbuds,3,44.777772968455736,0.05,127.61665296009885,75,52.61665296009885
BM-14647,2025-11-24,Bahir Dar,Store,Fashion,T-Shirt,1,21.36026156371878,0.02,20.933056332444405,8,12.933056332444405
BM-14648,2025-11-24,Dubai,Online,Beauty,Makeup Kit,1,66.41756840854063,0.05,63.096689988113596,35,28.096689988113596
BM-14649,2025-11-24,Addis Ababa,Online,Electronics,Phone Charger,1,18.057626421643967,0.02,17.69647389321109,7,10.696473893211088
BM-14650,2025-11-24,Addis Ababa,Store,Home,Water Bottle,1,11.730298777076012,0.02,11.495692801534492,4,7.495692801534492
BM-14651,2025-11-24,Nairobi,Online,Beauty,Shampoo,1,11.335084728495888,0.02,11.10838303392597,4,7.1083830339259695
BM-14652,2025-11-24,Dubai,Online,Beauty,Perfume,2,56.505665818816794,0.05,107.3607650557519,56,51.3607650557519
BM-14653,2025-11-24,Nairobi,Online,Electronics,Laptop,1,1165.903005248765,0.1,1049.3127047238886,500,549.3127047238886
BM-14654,2025-11-24,Dubai,Online,Fashion,Hoodie,1,41.92367815273729,0.05,39.827494245100425,20,19.827494245100425
BM-14655,2025-11-24,Addis Ababa,Store,Fashion,Jeans,2,51.59739082759547,0.05,98.03504257243138,50,48.03504257243138
BM-14656,2025-11-24,Addis Ababa,Store,Beauty,Hair Dryer,3,38.33070441833952,0.05,109.24250759226763,60,49.24250759226763
BM-14657,2025-11-25,Addis Ababa,Online,Electronics,Laptop,1,1205.0303410642493,0.1,1084.5273069578245,500,584.5273069578245
BM-14658,2025-11-25,Addis Ababa,Online,Fashion,Sneakers,3,65.31512886685805,0.05,186.1481172705454,111,75.14811727054541
BM-14659,2025-11-25,Hawassa,Online,Beauty,Face Cream,1,23.33562590431089,0.02,22.868913386224673,10,12.868913386224673
BM-14660,2025-11-25,Nairobi,Store,Electronics,Smart Watch,2,80.7213069471105,0.05,153.37048319950995,96,57.37048319950995
BM-14661,2025-11-25,Hawassa,Online,Electronics,Laptop,1,1252.6260365779622,0.1,1127.363432920166,500,627.3634329201659
BM-14662,2025-11-25,Hawassa,Online,Electronics,Tablet,1,200.42781132148494,0.08,184.39358641576615,120,64.39358641576615
BM-14663,2025-11-25,Bahir Dar,Store,Electronics,Smart Watch,1,81.88425318366241,0.05,77.79004052447928,48,29.79004052447928
BM-14664,2025-11-25,Dubai,Online,Home,Vacuum Cleaner,1,152.13750806708902,0.08,139.9665074217219,80,59.9665074217219
BM-14665,2025-11-25,Nairobi,Online,Home,Water Bottle,4,12.565016335625156,0.02,49.25486403565061,16,33.25486403565061
BM-14666,2025-11-25,Nairobi,Store,Beauty,Face Cream,1,24.307263949143056,0.02,23.821118670160196,10,13.821118670160196
BM-14667,2025-11-25,Nairobi,Store,Fashion,Hoodie,1,40.70597297872849,0.05,38.670674329792064,20,18.670674329792064
BM-14668,2025-11-25,Addis Ababa,Online,Electronics,Tablet,2,204.94928715939724,0.08,377.1066883732909,240,137.10668837329092
BM-14669,2025-11-25,Dubai,Store,Electronics,Smart Watch,3,80.05365570837915,0.05,228.15291876888057,144,84.15291876888057
BM-14670,2025-11-25,Bahir Dar,Store,Fashion,Hoodie,4,42.787665633574754,0.05,162.59312940758406,80,82.59312940758406
BM-14671,2025-11-25,Addis Ababa,Store,Fashion,Sneakers,2,63.16758767609299,0.05,120.01841658457668,74,46.018416584576684
BM-14672,2025-11-25,Nairobi,Online,Fashion,Sneakers,1,63.572573761917305,0.05,60.393945073821435,37,23.393945073821435
BM-14673,2025-11-25,Addis Ababa,Online,Beauty,Shampoo,1,11.141214508459097,0.02,10.918390218289915,4,6.918390218289915
BM-14674,2025-11-25,Bahir Dar,Store,Home,Vacuum Cleaner,1,148.03131735406393,0.08,136.1888119657388,80,56.18881196573881
BM-14675,2025-11-25,Hawassa,Online,Home,Vacuum Cleaner,1,145.4664973422013,0.08,133.8291775548252,80,53.82917755482521
BM-14676,2025-11-25,Addis Ababa,Online,Electronics,Wireless Earbuds,1,45.17074384902904,0.05,42.91220665657758,25,17.91220665657758
BM-14677,2025-11-25,Dubai,Store,Home,Water Bottle,4,12.143533155358847,0.02,47.60264996900668,16,31.602649969006677
BM-14678,2025-11-25,Addis Ababa,Online,Home,Storage Box,1,14.873901659210958,0.02,14.576423626026738,6,8.576423626026738
BM-14679,2025-11-25,Dubai,Online,Beauty,Shampoo,1,11.182902691185841,0.02,10.959244637362124,4,6.959244637362124
BM-14680,2025-11-25,Addis Ababa,Online,Beauty,Makeup Kit,3,68.39554660669145,0.05,194.92730782907063,105,89.92730782907063
BM-14681,2025-11-25,Addis Ababa,Online,Beauty,Hair Dryer,2,38.064137246500074,0.05,72.32186076835013,40,32.321860768350135
BM-14682,2025-11-26,Nairobi,Store,Fashion,Hoodie,1,42.43100116665749,0.05,40.30945110832461,20,20.30945110832461
BM-14683,2025-11-26,Nairobi,Store,Electronics,Smart Watch,3,78.0741125483635,0.05,222.51122076283596,144,78.51122076283596
BM-14684,2025-11-26,Bahir Dar,Online,Beauty,Perfume,1,54.542982117480776,0.05,51.815833011606735,28,23.815833011606735
BM-14685,2025-11-26,Addis Ababa,Store,Beauty,Shampoo,1,10.952830459815265,0.02,10.73377385061896,4,6.7337738506189595
BM-14686,2025-11-26,Bahir Dar,Online,Electronics,Phone Charger,1,17.85012849328489,0.02,17.49312592341919,7,10.49312592341919
BM-14687,2025-11-26,Addis Ababa,Online,Home,Desk Lamp,1,29.701004903420117,0.05,28.21595465824911,14,14.21595465824911
BM-14688,2025-11-26,Dubai,Store,Electronics,Smart Watch,2,77.99552513440975,0.05,148.19149775537852,96,52.19149775537852
BM-14689,2025-11-26,Dubai,Store,Electronics,Wireless Earbuds,1,46.42214839455224,0.05,44.10104097482463,25,19.101040974824627
BM-14690,2025-11-26,Addis Ababa,Store,Fashion,Sneakers,4,65.5105238341588,0.05,248.93999056980343,148,100.93999056980343
BM-14691,2025-11-26,Addis Ababa,Store,Electronics,Wireless Earbuds,1,45.01670142430852,0.05,42.765866353093095,25,17.765866353093095
BM-14692,2025-11-26,Addis Ababa,Store,Beauty,Perfume,1,55.73430531193557,0.05,52.94759004633879,28,24.94759004633879
BM-14693,2025-11-26,Addis Ababa,Online,Electronics,Wireless Earbuds,1,44.70646326612722,0.05,42.47114010282086,25,17.47114010282086
BM-14694,2025-11-26,Hawassa,Online,Fashion,Jeans,1,51.108231951521866,0.05,48.55282035394577,25,23.55282035394577
BM-14695,2025-11-26,Dubai,Online,Electronics,Laptop,1,1232.8687096801211,0.1,1109.581838712109,500,609.581838712109
BM-14696,2025-11-26,Bahir Dar,Store,Electronics,Laptop,1,1215.5062484045989,0.1,1093.955623564139,500,593.9556235641389
BM-14697,2025-11-26,Bahir Dar,Store,Fashion,Sneakers,1,64.80313427039617,0.05,61.56297755687636,37,24.562977556876362
BM-14698,2025-11-26,Addis Ababa,Online,Electronics,Bluetooth Speaker,1,62.765706921786574,0.05,59.62742157569724,35,24.62742157569724
BM-14699,2025-11-26,Dubai,Online,Electronics,Phone Charger,1,18.295353118723032,0.02,17.92944605634857,7,10.92944605634857
BM-14700,2025-11-26,Addis Ababa,Store,Electronics,Phone Charger,2,17.693943812067413,0.02,34.68012987165213,14,20.680129871652127
BM-14701,2025-11-26,Addis Ababa,Store,Home,Water Bottle,1,11.947953870660333,0.02,11.708994793247127,4,7.708994793247127
BM-14702,2025-11-27,Addis Ababa,Online,Beauty,Face Cream,1,24.33297351590353,0.02,23.84631404558546,10,13.846314045585459
BM-14703,2025-11-27,Dubai,Online,Fashion,Hoodie,1,41.90945028406469,0.05,39.81397776986145,20,19.813977769861452
BM-14704,2025-11-27,Addis Ababa,Online,Fashion,Sneakers,2,62.861722825910995,0.05,119.43727336923088,74,45.43727336923088
BM-14705,2025-11-27,Nairobi,Store,Electronics,Laptop,2,1217.9262283724029,0.1,2192.267211070325,1000,1192.2672110703252
BM-14706,2025-11-27,Dubai,Store,Fashion,T-Shirt,1,20.346985752887733,0.02,19.940046037829976,8,11.940046037829976
BM-14707,2025-11-27,Bahir Dar,Store,Electronics,Smartphone,1,590.2050990404807,0.1,531.1845891364327,350,181.1845891364327
BM-14708,2025-11-27,Addis Ababa,Online,Fashion,Jacket,2,90.71427585346197,0.05,172.35712412157773,90,82.35712412157773
BM-14709,2025-11-27,Dubai,Online,Beauty,Perfume,2,56.326358088295656,0.05,107.02008036776174,56,51.020080367761736
BM-14710,2025-11-27,Addis Ababa,Online,Electronics,Laptop,1,1197.6467431690282,0.1,1077.8820688521255,500,577.8820688521255
BM-14711,2025-11-27,Hawassa,Store,Beauty,Perfume,2,54.87801958277095,0.05,104.2682372072648,56,48.268237207264804
BM-14712,2025-11-27,Addis Ababa,Online,Fashion,Hoodie,1,42.747525730748066,0.05,40.61014944421066,20,20.610149444210663
BM-14713,2025-11-27,Nairobi,Store,Electronics,Smartphone,3,582.0133781214043,0.1,1571.4361209277918,1050,521.4361209277918
BM-14714,2025-11-27,Hawassa,Store,Beauty,Shampoo,3,11.132495979660977,0.02,32.72953818020328,12,20.729538180203278
BM-14715,2025-11-27,Addis Ababa,Online,Fashion,Hoodie,1,42.900986874999326,0.05,40.75593753124936,20,20.75593753124936
BM-14716,2025-11-27,Bahir Dar,Online,Beauty,Shampoo,1,11.328862657947772,0.02,11.102285404788816,4,7.102285404788816
BM-14717,2025-11-27,Bahir Dar,Store,Home,Water Bottle,1,11.491368670893124,0.02,11.261541297475262,4,7.261541297475262
BM-14718,2025-11-27,Dubai,Store,Fashion,Jacket,1,92.44566608287143,0.05,87.82338277872785,45,42.82338277872785
BM-14719,2025-11-27,Nairobi,Online,Beauty,Makeup Kit,1,67.07991062121087,0.05,63.72591509015032,35,28.725915090150323
BM-14720,2025-11-27,Bahir Dar,Online,Beauty,Makeup Kit,1,71.11033289196791,0.05,67.55481624736952,35,32.554816247369516
BM-14721,2025-11-27,Addis Ababa,Store,Beauty,Shampoo,1,11.23418555994467,0.02,11.009501848745776,4,7.009501848745776
BM-14722,2025-11-27,Addis Ababa,Online,Fashion,T-Shirt,2,19.738880991707344,0.02,38.68820674374639,16,22.68820674374639
BM-14723,2025-11-27,Dubai,Online,Electronics,Smartphone,1,607.4912179987724,0.1,546.7420961988952,350,196.74209619889518
BM-14724,2025-11-28,Nairobi,Store,Beauty,Shampoo,1,10.496357397942619,0.02,10.286430249983766,4,6.286430249983766
BM-14725,2025-11-28,Dubai,Store,Fashion,Sneakers,2,63.16733641307753,0.05,120.0179391848473,74,46.01793918484729
BM-14726,2025-11-28,Dubai,Online,Home,Storage Box,3,14.350138954364164,0.02,42.18940852583064,18,24.189408525830643
BM-14727,2025-11-28,Addis Ababa,Online,Electronics,Laptop,1,1202.0937246330182,0.1,1081.8843521697163,500,581.8843521697163
BM-14728,2025-11-28,Dubai,Store,Home,Coffee Maker,1,87.31558575734162,0.05,82.94980646947454,45,37.94980646947454
BM-14729,2025-11-28,Addis Ababa,Store,Fashion,Jeans,1,49.333494266885744,0.05,46.866819553541454,25,21.866819553541454
BM-14730,2025-11-28,Bahir Dar,Online,Beauty,Makeup Kit,2,69.22202767939571,0.05,131.52185259085184,70,61.521852590851836
BM-14731,2025-11-28,Bahir Dar,Online,Fashion,Jacket,1,94.16494499491996,0.05,89.45669774517395,45,44.456697745173955
BM-14732,2025-11-28,Addis Ababa,Online,Fashion,Sneakers,2,65.33134178229128,0.05,124.12954938635342,74,50.12954938635342
BM-14733,2025-11-28,Bahir Dar,Online,Home,Storage Box,1,14.943343770998121,0.02,14.644476895578158,6,8.644476895578158
BM-14734,2025-11-28,Hawassa,Online,Beauty,Hair Dryer,4,38.89303370029942,0.05,147.79352806113778,80,67.79352806113778
BM-14735,2025-11-28,Addis Ababa,Online,Electronics,Bluetooth Speaker,4,59.00922223772758,0.05,224.23504450336478,140,84.23504450336478
BM-14736,2025-11-28,Dubai,Online,Electronics,Smart Watch,3,83.90271033727126,0.05,239.12272446122307,144,95.12272446122307
BM-14737,2025-11-28,Dubai,Online,Electronics,Phone Charger,1,18.359473702771925,0.02,17.992284228716485,7,10.992284228716485
BM-14738,2025-11-28,Nairobi,Online,Electronics,Tablet,1,203.6686614371761,0.08,187.37516852220202,120,67.37516852220202
BM-14739,2025-11-28,Bahir Dar,Store,Fashion,Sneakers,1,65.81961398242088,0.05,62.528633283299826,37,25.528633283299826
BM-14740,2025-11-28,Nairobi,Online,Beauty,Shampoo,1,11.289473178400057,0.02,11.063683714832056,4,7.063683714832056
BM-14741,2025-11-28,Addis Ababa,Online,Home,Coffee Maker,1,94.53204403451139,0.05,89.80544183278582,45,44.80544183278582
BM-14742,2025-11-28,Dubai,Online,Beauty,Shampoo,1,10.641698959746849,0.02,10.428864980551912,4,6.4288649805519125
BM-14743,2025-11-28,Addis Ababa,Online,Electronics,Smartphone,1,626.8440839368963,0.1,564.1596755432066,350,214.15967554320662
BM-14744,2025-11-28,Addis Ababa,Online,Home,Coffee Maker,1,93.0055879836095,0.05,88.35530858442903,45,43.355308584429025
BM-14745,2025-11-28,Addis Ababa,Online,Home,Vacuum Cleaner,2,154.38391861795793,0.08,284.0664102570426,160,124.0664102570426
BM-14746,2025-11-29,Addis Ababa,Store,Fashion,Jeans,1,49.86050126499958,0.05,47.3674762017496,25,22.367476201749596
BM-14747,2025-11-29,Dubai,Store,Home,Vacuum Cleaner,1,141.51520033602918,0.08,130.19398430914686,80,50.193984309146856
BM-14748,2025-11-29,Addis Ababa,Store,Fashion,Jacket,1,88.37528470379087,0.05,83.95652046860133,45,38.956520468601326
BM-14749,2025-11-29,Addis Ababa,Online,Beauty,Shampoo,2,10.715971786984264,0.02,21.003304702489157,8,13.003304702489157
BM-14750,2025-11-29,Addis Ababa,Store,Home,Storage Box,2,15.074929078093934,0.02,29.54686099306411,12,17.54686099306411
BM-14751,2025-11-29,Bahir Dar,Online,Beauty,Makeup Kit,1,70.05189807123962,0.05,66.54930316767764,35,31.549303167677635
BM-14752,2025-11-29,Bahir Dar,Online,Beauty,Perfume,1,54.3046354903154,0.05,51.58940371579963,28,23.589403715799627
BM-14753,2025-11-29,Addis Ababa,Online,Home,Storage Box,1,14.787021643054759,0.02,14.491281210193664,6,8.491281210193664
BM-14754,2025-11-29,Addis Ababa,Store,Electronics,Smartphone,2,626.0725996719714,0.1,1126.9306794095485,700,426.9306794095485
BM-14755,2025-11-29,Bahir Dar,Online,Electronics,Bluetooth Speaker,2,59.928097446059105,0.05,113.86338514751229,70,43.86338514751229
BM-14756,2025-11-29,Bahir Dar,Online,Electronics,Smart Watch,1,79.62666676124465,0.05,75.64533342318241,48,27.645333423182407
BM-14757,2025-11-29,Addis Ababa,Store,Electronics,Bluetooth Speaker,1,62.89942955613412,0.05,59.75445807832742,35,24.754458078327417
BM-14758,2025-11-29,Bahir Dar,Online,Electronics,Laptop,3,1178.2380818657298,0.1,3181.2428210374705,1500,1681.2428210374705
BM-14759,2025-11-29,Bahir Dar,Store,Electronics,Smart Watch,2,79.82231952690529,0.05,151.66240710112004,96,55.66240710112004
BM-14760,2025-11-29,Dubai,Store,Electronics,Bluetooth Speaker,2,63.16172336749544,0.05,120.00727439824134,70,50.007274398241336
BM-14761,2025-11-29,Nairobi,Online,Beauty,Makeup Kit,1,73.75469959621114,0.05,70.06696461640058,35,35.06696461640058
BM-14762,2025-11-29,Addis Ababa,Online,Home,Desk Lamp,4,29.286506624196125,0.05,111.28872517194527,56,55.28872517194527
BM-14763,2025-11-29,Bahir Dar,Online,Electronics,Phone Charger,1,17.15590383146644,0.02,16.812785754837112,7,9.812785754837112
BM-14764,2025-11-29,Dubai,Online,Fashion,T-Shirt,1,20.59343646063038,0.02,20.181567731417772,8,12.181567731417772
BM-14765,2025-11-29,Dubai,Online,Home,Coffee Maker,2,91.85640546618461,0.05,174.52717038575076,90,84.52717038575076
BM-14766,2025-11-29,Addis Ababa,Online,Beauty,Shampoo,1,11.559606972231784,0.02,11.328414832787148,4,7.328414832787148
BM-14767,2025-11-29,Nairobi,Store,Home,Coffee Maker,2,85.22607314453187,0.05,161.92953897461055,90,71.92953897461055
BM-14768,2025-11-29,Addis Ababa,Online,Electronics,Laptop,1,1263.2800638991937,0.1,1136.9520575092743,500,636.9520575092743
BM-14769,2025-11-29,Addis Ababa,Store,Fashion,T-Shirt,2,19.598087045893838,0.02,38.41225060995192,16,22.41225060995192
BM-14770,2025-11-29,Dubai,Store,Beauty,Face Cream,1,23.875500370693896,0.02,23.397990363280016,10,13.397990363280016
BM-14771,2025-11-29,Addis Ababa,Store,Electronics,Tablet,3,200.41646039004033,0.08,553.1494306765113,360,193.14943067651132
BM-14772,2025-11-29,Addis Ababa,Store,Beauty,Face Cream,1,23.218915734275484,0.02,22.754537419589973,10,12.754537419589973
BM-14773,2025-11-29,Addis Ababa,Online,Fashion,Sneakers,2,68.48630471739226,0.05,130.1239789630453,74,56.12397896304529
BM-14774,2025-11-29,Dubai,Online,Home,Storage Box,1,14.075497008949466,0.02,13.793987068770475,6,7.793987068770475
BM-14775,2025-11-29,Nairobi,Online,Beauty,Makeup Kit,1,70.07406965922313,0.05,66.57036617626197,35,31.57036617626197
BM-14776,2025-11-29,Nairobi,Online,Home,Vacuum Cleaner,2,145.91008884652746,0.08,268.47456347761056,160,108.47456347761056
BM-14777,2025-11-30,Addis Ababa,Online,Fashion,Sneakers,1,63.65569212711815,0.05,60.47290752076224,37,23.47290752076224
BM-14778,2025-11-30,Dubai,Store,Fashion,Sneakers,2,62.98049243505504,0.05,119.66293562660458,74,45.66293562660458
BM-14779,2025-11-30,Bahir Dar,Online,Electronics,Smartphone,2,599.3932860100268,0.1,1078.9079148180483,700,378.9079148180483
BM-14780,2025-11-30,Nairobi,Online,Beauty,Shampoo,1,10.718457008533534,0.02,10.504087868362863,4,6.504087868362863
BM-14781,2025-11-30,Dubai,Store,Fashion,Jacket,1,93.25794286600774,0.05,88.59504572270735,45,43.595045722707354
BM-14782,2025-11-30,Dubai,Online,Beauty,Perfume,1,55.90352087342133,0.05,53.10834482975026,28,25.10834482975026
BM-14783,2025-11-30,Nairobi,Store,Electronics,Laptop,1,1207.8415477754095,0.1,1087.0573929978686,500,587.0573929978686
BM-14784,2025-11-30,Dubai,Online,Home,Vacuum Cleaner,1,157.20199525209318,0.08,144.62583563192572,80,64.62583563192572
BM-14785,2025-11-30,Hawassa,Online,Fashion,Sneakers,1,62.919477449342025,0.05,59.77350357687492,37,22.773503576874923
BM-14786,2025-11-30,Nairobi,Store,Fashion,T-Shirt,1,20.040466662903427,0.02,19.639657329645356,8,11.639657329645356
BM-14787,2025-11-30,Addis Ababa,Online,Home,Vacuum Cleaner,4,154.35784670561668,0.08,568.0368758766695,320,248.03687587666946
BM-14788,2025-11-30,Dubai,Online,Home,Vacuum Cleaner,1,153.27903341756948,0.08,141.01671074416393,80,61.01671074416393
BM-14789,2025-11-30,Dubai,Online,Home,Vacuum Cleaner,3,150.75008420817994,0.08,416.07023241457665,240,176.07023241457665
BM-14790,2025-11-30,Dubai,Store,Home,Storage Box,1,15.138734724995825,0.02,14.835960030495908,6,8.835960030495908
BM-14791,2025-11-30,Nairobi,Online,Home,Coffee Maker,1,88.04193401673591,0.05,83.63983731589911,45,38.639837315899115
BM-14792,2025-11-30,Addis Ababa,Online,Fashion,Hoodie,1,41.26483879761049,0.05,39.20159685772996,20,19.20159685772996
BM-14793,2025-11-30,Nairobi,Store,Home,Coffee Maker,3,88.13953987111472,0.05,251.19768863267694,135,116.19768863267694
BM-14794,2025-11-30,Bahir Dar,Store,Electronics,Phone Charger,1,17.80571737591686,0.02,17.44960302839852,7,10.44960302839852
BM-14795,2025-11-30,Addis Ababa,Online,Fashion,T-Shirt,2,19.983792801547885,0.02,39.16823389103386,16,23.168233891033857
BM-14796,2025-11-30,Nairobi,Online,Electronics,Bluetooth Speaker,1,59.29554395352701,0.05,56.330766755850654,35,21.330766755850654
BM-14797,2025-11-30,Addis Ababa,Store,Electronics,Laptop,1,1258.2575840786556,0.1,1132.43182567079,500,632.43182567079
BM-14798,2025-11-30,Bahir Dar,Online,Electronics,Smartphone,1,606.8655593707224,0.1,546.1790034336502,350,196.17900343365022
BM-14799,2025-11-30,Bahir Dar,Online,Fashion,Sneakers,2,64.79829812444116,0.05,123.1167664364382,74,49.1167664364382
BM-14800,2025-12-01,Bahir Dar,Online,Electronics,Smartphone,1,598.5548608321359,0.1,538.6993747489223,350,188.6993747489223
BM-14801,2025-12-01,Dubai,Online,Beauty,Shampoo,2,11.06725063810832,0.02,21.691811250692307,8,13.691811250692307
BM-14802,2025-12-01,Dubai,Store,Home,Coffee Maker,1,89.20538170197369,0.05,84.745112616875,45,39.745112616875005
BM-14803,2025-12-01,Bahir Dar,Online,Fashion,T-Shirt,2,20.157699196497433,0.02,39.509090425134964,16,23.509090425134964
BM-14804,2025-12-01,Nairobi,Store,Home,Water Bottle,1,11.898824713167143,0.02,11.6608482189038,4,7.6608482189038
BM-14805,2025-12-01,Addis Ababa,Store,Home,Vacuum Cleaner,1,148.2598748792721,0.08,136.39908488893033,80,56.39908488893033
BM-14806,2025-12-01,Addis Ababa,Online,Beauty,Face Cream,1,24.511460325432743,0.02,24.02123111892409,10,14.021231118924089
BM-14807,2025-12-01,Dubai,Store,Fashion,Sneakers,1,64.27826571691372,0.05,61.06435243106803,37,24.06435243106803
BM-14808,2025-12-01,Addis Ababa,Online,Home,Storage Box,1,15.067234377804963,0.02,14.765889690248864,6,8.765889690248864
BM-14809,2025-12-01,Hawassa,Online,Electronics,Smart Watch,1,79.39713302937898,0.05,75.42727637791002,48,27.42727637791002
BM-14810,2025-12-01,Nairobi,Store,Home,Water Bottle,1,12.028451309247007,0.02,11.787882283062066,4,7.787882283062066
BM-14811,2025-12-01,Nairobi,Online,Fashion,Jacket,1,89.3650815951221,0.05,84.896827515366,45,39.896827515366
BM-14812,2025-12-01,Bahir Dar,Store,Electronics,Wireless Earbuds,1,46.15889901373659,0.05,43.850954063049755,25,18.850954063049755
BM-14813,2025-12-01,Nairobi,Store,Electronics,Bluetooth Speaker,1,60.12381775537814,0.05,57.11762686760923,35,22.117626867609232
BM-14814,2025-12-01,Dubai,Store,Fashion,Sneakers,3,64.05958170639803,0.05,182.5698078632344,111,71.56980786323439
BM-14815,2025-12-01,Nairobi,Online,Beauty,Hair Dryer,3,39.70824409464656,0.05,113.16849566974268,60,53.16849566974268
BM-14816,2025-12-01,Bahir Dar,Store,Beauty,Makeup Kit,1,68.22288938409311,0.05,64.81174491488845,35,29.81174491488845
BM-14817,2025-12-01,Addis Ababa,Online,Fashion,Sneakers,1,64.79331247649523,0.05,61.55364685267047,37,24.553646852670468
BM-14818,2025-12-01,Nairobi,Online,Home,Coffee Maker,1,87.90771968281105,0.05,83.51233369867049,45,38.51233369867049
BM-14819,2025-12-01,Dubai,Store,Home,Storage Box,1,15.20329023404231,0.02,14.899224429361464,6,8.899224429361464
BM-14820,2025-12-01,Bahir Dar,Store,Beauty,Perfume,2,54.2392548033858,0.05,103.05458412643301,56,47.054584126433014
BM-14821,2025-12-01,Addis Ababa,Store,Home,Coffee Maker,2,89.5266013862106,0.05,170.10054263380013,90,80.10054263380013
BM-14822,2025-12-01,Bahir Dar,Store,Electronics,Laptop,2,1206.4113932225662,0.1,2171.5405078006193,1000,1171.5405078006193
BM-14823,2025-12-01,Addis Ababa,Online,Electronics,Bluetooth Speaker,1,58.41824788892086,0.05,55.49733549447481,35,20.49733549447481
BM-14824,2025-12-01,Dubai,Store,Electronics,Tablet,1,201.99835880878032,0.08,185.83849010407792,120,65.83849010407792
BM-14825,2025-12-02,Nairobi,Online,Home,Coffee Maker,1,90.58098413360247,0.05,86.05193492692234,45,41.05193492692234
BM-14826,2025-12-02,Addis Ababa,Store,Fashion,Sneakers,2,65.98433353271449,0.05,125.37023371215751,74,51.370233712157514
BM-14827,2025-12-02,Dubai,Online,Beauty,Shampoo,1,10.779493803974866,0.02,10.563903927895367,4,6.5639039278953675
BM-14828,2025-12-02,Addis Ababa,Store,Fashion,Jacket,1,96.52164596684521,0.05,91.69556366850294,45,46.69556366850294
BM-14829,2025-12-02,Nairobi,Store,Fashion,T-Shirt,1,20.04855707311077,0.02,19.647585931648557,8,11.647585931648557
BM-14830,2025-12-02,Addis Ababa,Store,Electronics,Smart Watch,1,79.76089884486625,0.05,75.77285390262293,48,27.772853902622927
BM-14831,2025-12-02,Dubai,Store,Beauty,Perfume,2,52.085020213739234,0.05,98.96153840610454,56,42.96153840610454
BM-14832,2025-12-02,Dubai,Store,Beauty,Makeup Kit,1,68.69038046423036,0.05,65.25586144101884,35,30.255861441018837
BM-14833,2025-12-02,Bahir Dar,Online,Home,Vacuum Cleaner,3,149.85345710356438,0.08,413.5955416058377,240,173.5955416058377
BM-14834,2025-12-02,Bahir Dar,Online,Fashion,Jacket,2,89.63573136917306,0.05,170.3078896014288,90,80.3078896014288
BM-14835,2025-12-02,Nairobi,Online,Beauty,Shampoo,2,11.08522189561609,0.02,21.727034915407536,8,13.727034915407536
BM-14836,2025-12-02,Bahir Dar,Online,Home,Storage Box,1,14.873802459795925,0.02,14.576326410600007,6,8.576326410600007
BM-14837,2025-12-02,Dubai,Online,Electronics,Phone Charger,1,18.23110658226757,0.02,17.86648445062222,7,10.86648445062222
BM-14838,2025-12-02,Nairobi,Online,Home,Water Bottle,1,11.715496869624836,0.02,11.481186932232339,4,7.4811869322323385
BM-14839,2025-12-02,Dubai,Store,Electronics,Tablet,1,191.87288541944335,0.08,176.52305458588788,120,56.52305458588788
BM-14840,2025-12-03,Addis Ababa,Online,Home,Storage Box,2,14.849839533158242,0.02,29.105685484990154,12,17.105685484990154
BM-14841,2025-12-03,Bahir Dar,Online,Home,Coffee Maker,1,84.09076853344365,0.05,79.88623010677146,45,34.886230106771464
BM-14842,2025-12-03,Dubai,Online,Fashion,T-Shirt,4,19.973487263221525,0.02,78.29607007182838,32,46.29607007182838
BM-14843,2025-12-03,Addis Ababa,Store,Home,Vacuum Cleaner,2,152.77047144472445,0.08,281.097667458293,160,121.09766745829302
BM-14844,2025-12-03,Dubai,Online,Fashion,Jeans,1,49.843244448456836,0.05,47.351082226033995,25,22.351082226033995
BM-14845,2025-12-03,Addis Ababa,Online,Fashion,Jacket,1,91.72379642754083,0.05,87.13760660616379,45,42.137606606163786
BM-14846,2025-12-03,Nairobi,Online,Fashion,Hoodie,1,41.41800342977291,0.05,39.347103258284264,20,19.347103258284264
BM-14847,2025-12-03,Hawassa,Online,Fashion,Jeans,2,50.06242788313424,0.05,95.11861297795505,50,45.11861297795505
BM-14848,2025-12-03,Dubai,Online,Fashion,T-Shirt,1,19.52762619579447,0.02,19.13707367187858,8,11.137073671878579
BM-14849,2025-12-03,Nairobi,Store,Fashion,Sneakers,3,63.15539098055946,0.05,179.99286429459445,111,68.99286429459445
BM-14850,2025-12-03,Addis Ababa,Online,Fashion,Jeans,1,49.58671246025334,0.05,47.10737683724067,25,22.107376837240672
BM-14851,2025-12-03,Addis Ababa,Store,Beauty,Perfume,1,56.40413555397658,0.05,53.58392877627775,28,25.58392877627775
BM-14852,2025-12-03,Addis Ababa,Store,Beauty,Shampoo,1,10.907203488387655,0.02,10.689059418619902,4,6.689059418619902
BM-14853,2025-12-03,Dubai,Store,Home,Desk Lamp,1,32.10857766300551,0.05,30.503148779855234,14,16.503148779855234
BM-14854,2025-12-03,Dubai,Online,Beauty,Makeup Kit,1,72.24022834141749,0.05,68.62821692434662,35,33.62821692434662
BM-14855,2025-12-03,Addis Ababa,Online,Electronics,Smart Watch,2,84.18458635820492,0.05,159.95071408058934,96,63.950714080589336
BM-14856,2025-12-03,Nairobi,Store,Electronics,Tablet,2,198.58313229052158,0.08,365.3929634145597,240,125.39296341455969
BM-14857,2025-12-03,Addis Ababa,Online,Fashion,Sneakers,2,65.75407476248513,0.05,124.93274204872175,74,50.93274204872175
BM-14858,2025-12-03,Addis Ababa,Store,Beauty,Perfume,3,53.9925293256502,0.05,153.87870857810307,84,69.87870857810307
BM-14859,2025-12-03,Hawassa,Online,Home,Storage Box,2,15.470043905460555,0.02,30.321286054702686,12,18.321286054702686
BM-14860,2025-12-04,Bahir Dar,Online,Electronics,Tablet,4,204.15874170399536,0.08,751.304169470703,480,271.30416947070296
BM-14861,2025-12-04,Bahir Dar,Store,Home,Water Bottle,2,12.040313557056827,0.02,23.59901457183138,8,15.599014571831379
BM-14862,2025-12-04,Nairobi,Online,Home,Storage Box,1,14.421749235080348,0.02,14.13331425037874,6,8.13331425037874
BM-14863,2025-12-04,Dubai,Online,Fashion,T-Shirt,2,20.40399478993583,0.02,39.991829788274224,16,23.991829788274224
BM-14864,2025-12-04,Bahir Dar,Store,Home,Water Bottle,1,12.408957267337009,0.02,12.160778121990267,4,8.160778121990267
BM-14865,2025-12-04,Addis Ababa,Store,Fashion,Jacket,1,90.38659543970755,0.05,85.86726566772217,45,40.867265667722165
BM-14866,2025-12-04,Bahir Dar,Online,Home,Desk Lamp,3,31.47147048221102,0.05,89.69369087430141,42,47.69369087430141
BM-14867,2025-12-04,Bahir Dar,Online,Beauty,Makeup Kit,1,69.762561690384,0.05,66.2744336058648,35,31.2744336058648
BM-14868,2025-12-04,Addis Ababa,Online,Beauty,Hair Dryer,2,38.18168868374989,0.05,72.54520849912478,40,32.54520849912478
BM-14869,2025-12-04,Hawassa,Store,Home,Desk Lamp,2,30.120600859390578,0.05,57.229141632842094,28,29.229141632842094
BM-14870,2025-12-04,Addis Ababa,Online,Beauty,Face Cream,2,24.077988027910408,0.02,47.1928565347044,20,27.192856534704397
BM-14871,2025-12-04,Addis Ababa,Online,Electronics,Laptop,3,1208.0921605208425,0.1,3261.848833406275,1500,1761.848833406275
BM-14872,2025-12-04,Hawassa,Online,Beauty,Perfume,1,54.15308519600176,0.05,51.445430936201674,28,23.445430936201674
BM-14873,2025-12-04,Bahir Dar,Online,Fashion,Jacket,2,87.56472969718494,0.05,166.37298642465137,90,76.37298642465137
BM-14874,2025-12-04,Addis Ababa,Online,Beauty,Perfume,1,57.088505351948655,0.05,54.23408008435122,28,26.23408008435122
BM-14875,2025-12-04,Addis Ababa,Store,Electronics,Tablet,1,207.5099509315061,0.08,190.90915485698562,120,70.90915485698562
BM-14876,2025-12-04,Bahir Dar,Online,Beauty,Perfume,1,55.738206778148246,0.05,52.951296439240835,28,24.951296439240835
BM-14877,2025-12-04,Nairobi,Online,Beauty,Perfume,1,54.49438972558199,0.05,51.76967023930289,28,23.76967023930289
BM-14878,2025-12-04,Addis Ababa,Store,Electronics,Tablet,1,202.64620660473648,0.08,186.43451007635755,120,66.43451007635755
BM-14879,2025-12-04,Addis Ababa,Store,Electronics,Tablet,1,197.28407566478475,0.08,181.50134961160197,120,61.50134961160197
BM-14880,2025-12-04,Nairobi,Store,Fashion,Sneakers,1,61.78982352002372,0.05,58.70033234402253,37,21.700332344022527
BM-14881,2025-12-04,Addis Ababa,Online,Home,Desk Lamp,1,29.940986552165487,0.05,28.44393722455721,14,14.44393722455721
BM-14882,2025-12-04,Addis Ababa,Store,Home,Vacuum Cleaner,1,153.88864987686676,0.08,141.57755788671744,80,61.57755788671744
BM-14883,2025-12-05,Dubai,Online,Home,Desk Lamp,1,28.514721113823008,0.05,27.088985058131858,14,13.088985058131858
BM-14884,2025-12-05,Addis Ababa,Store,Home,Coffee Maker,1,88.79407450763031,0.05,84.3543707822488,45,39.35437078224879
BM-14885,2025-12-05,Dubai,Online,Beauty,Face Cream,1,23.626571267490128,0.02,23.154039842140325,10,13.154039842140325
BM-14886,2025-12-05,Addis Ababa,Store,Home,Water Bottle,1,12.437531765251679,0.02,12.188781129946644,4,8.188781129946644
BM-14887,2025-12-05,Dubai,Store,Home,Vacuum Cleaner,1,151.45764715560298,0.08,139.34103538315475,80,59.34103538315475
BM-14888,2025-12-05,Bahir Dar,Store,Fashion,Jeans,2,48.23113143984538,0.05,91.63914973570621,50,41.63914973570621
BM-14889,2025-12-05,Addis Ababa,Online,Home,Vacuum Cleaner,1,161.19597389169093,0.08,148.30029598035566,80,68.30029598035566
BM-14890,2025-12-05,Dubai,Online,Fashion,Hoodie,1,43.3008406653651,0.05,41.135798632096844,20,21.135798632096844
BM-14891,2025-12-05,Addis Ababa,Online,Fashion,Jacket,1,84.35928386390036,0.05,80.14131967070534,45,35.14131967070534
BM-14892,2025-12-05,Addis Ababa,Store,Beauty,Hair Dryer,1,39.26066710928246,0.05,37.29763375381833,20,17.29763375381833
BM-14893,2025-12-05,Addis Ababa,Store,Beauty,Face Cream,1,24.94167818148547,0.02,24.442844617855762,10,14.442844617855762
BM-14894,2025-12-05,Addis Ababa,Store,Electronics,Laptop,1,1201.3620936855648,0.1,1081.2258843170084,500,581.2258843170084
BM-14895,2025-12-05,Addis Ababa,Store,Home,Water Bottle,1,12.131212842945104,0.02,11.888588586086202,4,7.888588586086202
BM-14896,2025-12-05,Addis Ababa,Online,Beauty,Shampoo,1,11.251121719009495,0.02,11.026099284629305,4,7.026099284629305
BM-14897,2025-12-05,Dubai,Online,Home,Vacuum Cleaner,1,153.84673555554718,0.08,141.5389967111034,80,61.53899671110341
BM-14898,2025-12-05,Dubai,Store,Beauty,Perfume,1,55.489462631667884,0.05,52.714989500084485,28,24.714989500084485
BM-14899,2025-12-05,Bahir Dar,Online,Home,Water Bottle,2,11.838726403716167,0.02,23.203903751283686,8,15.203903751283686
BM-14900,2025-12-05,Dubai,Store,Electronics,Laptop,1,1184.8929320584912,0.1,1066.4036388526422,500,566.4036388526422
BM-14901,2025-12-05,Dubai,Online,Beauty,Hair Dryer,2,40.08038464703576,0.05,76.15273082936794,40,36.15273082936794
BM-14902,2025-12-05,Nairobi,Online,Fashion,Jeans,1,51.12808164678133,0.05,48.57167756444226,25,23.57167756444226
BM-14903,2025-12-05,Addis Ababa,Online,Home,Vacuum Cleaner,1,148.98519578354205,0.08,137.0663801208587,80,57.066380120858696
BM-14904,2025-12-05,Dubai,Store,Home,Storage Box,2,14.680882349237773,0.02,28.774529404506037,12,16.774529404506037
BM-14905,2025-12-05,Bahir Dar,Online,Fashion,Jacket,1,85.9841276873994,0.05,81.68492130302943,45,36.68492130302943
BM-14906,2025-12-06,Addis Ababa,Store,Beauty,Hair Dryer,2,40.06915822501644,0.05,76.13140062753122,40,36.13140062753122
BM-14907,2025-12-06,Addis Ababa,Store,Beauty,Shampoo,1,11.090150741682237,0.02,10.868347726848592,4,6.868347726848592
BM-14908,2025-12-06,Dubai,Online,Beauty,Face Cream,3,23.745031413510826,0.02,69.81039235572183,30,39.81039235572183
BM-14909,2025-12-06,Addis Ababa,Online,Fashion,Jacket,1,86.49927431293226,0.05,82.17431059728564,45,37.17431059728564
BM-14910,2025-12-06,Bahir Dar,Online,Beauty,Makeup Kit,2,69.14286206181285,0.05,131.3714379174444,70,61.37143791744441
BM-14911,2025-12-06,Dubai,Online,Electronics,Bluetooth Speaker,1,60.761088629014715,0.05,57.723034197563976,35,22.723034197563976
BM-14912,2025-12-06,Dubai,Store,Fashion,Hoodie,2,41.03783106872377,0.05,77.97187903057515,40,37.97187903057515
BM-14913,2025-12-06,Addis Ababa,Online,Home,Vacuum Cleaner,1,153.34306554051997,0.08,141.0756202972784,80,61.07562029727839
BM-14914,2025-12-06,Nairobi,Online,Electronics,Laptop,1,1268.5702846124977,0.1,1141.713256151248,500,641.7132561512481
BM-14915,2025-12-06,Hawassa,Online,Fashion,Sneakers,1,66.93191192742823,0.05,63.585316331056816,37,26.585316331056816
BM-14916,2025-12-06,Dubai,Store,Fashion,Hoodie,2,42.808181386173956,0.05,81.3355446337305,40,41.33554463373051
BM-14917,2025-12-06,Bahir Dar,Online,Electronics,Laptop,2,1243.2660975754106,0.1,2237.878975635739,1000,1237.8789756357392
BM-14918,2025-12-06,Addis Ababa,Online,Beauty,Makeup Kit,1,68.06442880232619,0.05,64.66120736220988,35,29.66120736220988
BM-14919,2025-12-06,Addis Ababa,Store,Home,Vacuum Cleaner,3,146.69894636247,0.08,404.8890919604172,240,164.8890919604172
BM-14920,2025-12-06,Dubai,Online,Home,Vacuum Cleaner,2,151.0599102717381,0.08,277.9502348999981,160,117.95023489999812
BM-14921,2025-12-06,Addis Ababa,Online,Home,Storage Box,2,15.080566116020936,0.02,29.557909587401035,12,17.557909587401035
BM-14922,2025-12-06,Nairobi,Online,Home,Coffee Maker,1,92.05518468595288,0.05,87.45242545165523,45,42.45242545165523
BM-14923,2025-12-06,Dubai,Online,Fashion,Hoodie,2,42.404350068706755,0.05,80.56826513054283,40,40.56826513054283
BM-14924,2025-12-06,Bahir Dar,Store,Beauty,Makeup Kit,1,70.62604282868027,0.05,67.09474068724626,35,32.09474068724626
BM-14925,2025-12-06,Addis Ababa,Online,Beauty,Hair Dryer,2,39.32925089286562,0.05,74.72557669644468,40,34.725576696444676
BM-14926,2025-12-06,Dubai,Store,Electronics,Laptop,1,1249.6546782911234,0.1,1124.689210462011,500,624.689210462011
BM-14927,2025-12-06,Hawassa,Store,Fashion,Sneakers,1,65.87642598668766,0.05,62.582604687353275,37,25.582604687353275
BM-14928,2025-12-07,Dubai,Online,Beauty,Face Cream,1,24.07311104041499,0.02,23.59164881960669,10,13.59164881960669
BM-14929,2025-12-07,Hawassa,Store,Beauty,Face Cream,2,23.387352929208223,0.02,45.839211741248114,20,25.839211741248114
BM-14930,2025-12-07,Addis Ababa,Store,Home,Water Bottle,1,11.992849191002296,0.02,11.75299220718225,4,7.752992207182251
BM-14931,2025-12-07,Addis Ababa,Store,Electronics,Bluetooth Speaker,2,63.038718784854744,0.05,119.77356569122401,70,49.77356569122401
BM-14932,2025-12-07,Nairobi,Online,Beauty,Face Cream,1,23.99708557403602,0.02,23.5171438625553,10,13.5171438625553
BM-14933,2025-12-07,Dubai,Store,Fashion,Hoodie,2,41.28041000553619,0.05,78.43277901051876,40,38.43277901051876
BM-14934,2025-12-07,Bahir Dar,Store,Fashion,Hoodie,2,41.27178943768281,0.05,78.41639993159734,40,38.41639993159734
BM-14935,2025-12-07,Addis Ababa,Store,Beauty,Shampoo,1,11.173479247361556,0.02,10.950009662414324,4,6.950009662414324
BM-14936,2025-12-07,Dubai,Store,Home,Water Bottle,1,11.74573015012917,0.02,11.510815547126587,4,7.510815547126587
BM-14937,2025-12-07,Addis Ababa,Store,Home,Storage Box,1,15.02095720601677,0.02,14.720538061896436,6,8.720538061896436
BM-14938,2025-12-07,Addis Ababa,Online,Home,Storage Box,1,15.441545115610808,0.02,15.132714213298591,6,9.132714213298591
BM-14939,2025-12-07,Hawassa,Online,Electronics,Smartphone,2,607.3926226284611,0.1,1093.3067207312301,700,393.30672073123014
BM-14940,2025-12-07,Addis Ababa,Store,Fashion,T-Shirt,1,19.316255300813864,0.02,18.92993019479759,8,10.929930194797588
BM-14941,2025-12-07,Hawassa,Online,Home,Desk Lamp,1,32.016780452189515,0.05,30.415941429580037,14,16.415941429580037
BM-14942,2025-12-07,Dubai,Online,Electronics,Smart Watch,2,80.77349963182941,0.05,153.46964930047588,96,57.46964930047588
BM-14943,2025-12-07,Addis Ababa,Online,Beauty,Hair Dryer,1,39.72433212336932,0.05,37.73811551720085,20,17.738115517200853
BM-14944,2025-12-07,Dubai,Online,Fashion,Sneakers,1,61.77855163868033,0.05,58.68962405674631,37,21.68962405674631
BM-14945,2025-12-07,Addis Ababa,Store,Home,Coffee Maker,1,92.17415650205879,0.05,87.56544867695585,45,42.56544867695585
BM-14946,2025-12-07,Addis Ababa,Store,Electronics,Laptop,2,1207.905404724338,0.1,2174.2297285038085,1000,1174.2297285038085
BM-14947,2025-12-07,Addis Ababa,Online,Beauty,Shampoo,1,11.054446483898957,0.02,10.833357554220978,4,6.833357554220978
BM-14948,2025-12-07,Dubai,Online,Electronics,Smart Watch,2,79.85855782289806,0.05,151.73125986350632,96,55.731259863506324
BM-14949,2025-12-07,Dubai,Online,Beauty,Shampoo,2,11.029956539370371,0.02,21.618714817165927,8,13.618714817165927
BM-14950,2025-12-07,Bahir Dar,Store,Fashion,Hoodie,1,42.87748069296399,0.05,40.73360665831579,20,20.733606658315793
BM-14951,2025-12-07,Addis Ababa,Online,Beauty,Perfume,1,55.386704592733956,0.05,52.617369363097254,28,24.617369363097254
BM-14952,2025-12-07,Dubai,Online,Fashion,Jeans,1,50.69594591214154,0.05,48.16114861653446,25,23.16114861653446
BM-14953,2025-12-07,Bahir Dar,Store,Electronics,Smart Watch,1,81.01545419267751,0.05,76.96468148304363,48,28.964681483043634
BM-14954,2025-12-07,Addis Ababa,Online,Beauty,Hair Dryer,2,39.835428294576445,0.05,75.68731375969524,40,35.68731375969524
BM-14955,2025-12-07,Hawassa,Online,Fashion,Sneakers,2,66.34662914594159,0.05,126.05859537728902,74,52.05859537728902
BM-14956,2025-12-07,Nairobi,Store,Fashion,Sneakers,3,64.80287071334577,0.05,184.68818153303542,111,73.68818153303542
BM-14957,2025-12-08,Dubai,Store,Beauty,Hair Dryer,1,39.65922104727514,0.05,37.67625999491138,20,17.676259994911383
BM-14958,2025-12-08,Hawassa,Online,Beauty,Perfume,1,55.25791091933448,0.05,52.49501537336775,28,24.49501537336775
BM-14959,2025-12-08,Addis Ababa,Store,Beauty,Shampoo,1,10.545626664854073,0.02,10.334714131556991,4,6.334714131556991
BM-14960,2025-12-08,Addis Ababa,Store,Electronics,Wireless Earbuds,1,43.60192506423682,0.05,41.42182881102498,25,16.42182881102498
BM-14961,2025-12-08,Addis Ababa,Store,Fashion,Jacket,2,87.92030662661566,0.05,167.04858259056974,90,77.04858259056974
BM-14962,2025-12-08,Addis Ababa,Online,Home,Water Bottle,2,12.512867162426318,0.02,24.525219638355583,8,16.525219638355583
BM-14963,2025-12-08,Hawassa,Online,Fashion,T-Shirt,1,20.73468660667765,0.02,20.319992874544095,8,12.319992874544095
BM-14964,2025-12-08,Addis Ababa,Online,Home,Water Bottle,1,12.140081908223404,0.02,11.897280270058936,4,7.8972802700589355
BM-14965,2025-12-08,Addis Ababa,Store,Electronics,Tablet,1,202.98568263386193,0.08,186.74682802315297,120,66.74682802315297
BM-14966,2025-12-08,Bahir Dar,Online,Home,Coffee Maker,1,89.31889821528681,0.05,84.85295330452246,45,39.85295330452246
BM-14967,2025-12-08,Bahir Dar,Store,Beauty,Face Cream,1,24.17560927916071,0.02,23.692097093577495,10,13.692097093577495
BM-14968,2025-12-08,Addis Ababa,Online,Beauty,Perfume,1,55.90432957926011,0.05,53.1091131002971,28,25.1091131002971
BM-14969,2025-12-08,Dubai,Store,Home,Desk Lamp,2,30.180981955785924,0.05,57.34386571599325,28,29.343865715993253
BM-14970,2025-12-08,Bahir Dar,Online,Fashion,T-Shirt,1,19.702057847263795,0.02,19.308016690318517,8,11.308016690318517
BM-14971,2025-12-08,Addis Ababa,Online,Electronics,Wireless Earbuds,4,44.49115694894959,0.05,169.06639640600844,100,69.06639640600844
BM-14972,2025-12-08,Addis Ababa,Online,Electronics,Wireless Earbuds,2,42.64808113636353,0.05,81.0313541590907,50,31.031354159090696
BM-14973,2025-12-08,Addis Ababa,Store,Electronics,Tablet,1,197.02172050183458,0.08,181.25998286168783,120,61.25998286168783
BM-14974,2025-12-08,Bahir Dar,Online,Electronics,Smartphone,1,626.5713789467818,0.1,563.9142410521036,350,213.91424105210365
BM-14975,2025-12-08,Dubai,Online,Home,Coffee Maker,1,87.83033845963128,0.05,83.43882153664971,45,38.43882153664971
BM-14976,2025-12-08,Dubai,Store,Fashion,Jeans,2,48.20861322055008,0.05,91.59636511904515,50,41.596365119045146
BM-14977,2025-12-08,Addis Ababa,Online,Electronics,Smartphone,2,608.6553288140417,0.1,1095.579591865275,700,395.579591865275
BM-14978,2025-12-08,Addis Ababa,Store,Beauty,Hair Dryer,2,39.68159972687785,0.05,75.39503948106791,40,35.39503948106791
BM-14979,2025-12-08,Dubai,Online,Fashion,Jacket,2,90.177499257014,0.05,171.33724858832662,90,81.33724858832662
BM-14980,2025-12-08,Nairobi,Online,Electronics,Smart Watch,1,80.2939938345774,0.05,76.27929414284853,48,28.279294142848528
BM-14981,2025-12-08,Hawassa,Online,Electronics,Wireless Earbuds,1,45.75896291737287,0.05,43.47101477150422,25,18.471014771504223
BM-14982,2025-12-08,Nairobi,Store,Beauty,Makeup Kit,4,72.59295779905221,0.05,275.8532396363984,140,135.85323963639843
BM-14983,2025-12-08,Dubai,Online,Fashion,Jacket,1,90.65527435034656,0.05,86.12251063282923,45,41.12251063282923
BM-14984,2025-12-08,Bahir Dar,Store,Electronics,Laptop,2,1170.9382006016072,0.1,2107.688761082893,1000,1107.688761082893
BM-14985,2025-12-09,Dubai,Store,Home,Coffee Maker,1,91.75271314483149,0.05,87.16507748758991,45,42.16507748758991
BM-14986,2025-12-09,Bahir Dar,Store,Electronics,Bluetooth Speaker,2,60.220828335840736,0.05,114.41957383809739,70,44.41957383809739
BM-14987,2025-12-09,Bahir Dar,Online,Electronics,Smartphone,1,577.4870160129503,0.1,519.7383144116553,350,169.73831441165532
BM-14988,2025-12-09,Dubai,Store,Beauty,Face Cream,1,24.850199083375998,0.02,24.353195101708476,10,14.353195101708476
BM-14989,2025-12-09,Addis Ababa,Store,Home,Water Bottle,2,12.090821392806593,0.02,23.69800992990092,8,15.69800992990092
BM-14990,2025-12-09,Hawassa,Store,Beauty,Makeup Kit,2,67.4228033109402,0.05,128.10332629078636,70,58.103326290786356
BM-14991,2025-12-09,Nairobi,Online,Home,Vacuum Cleaner,1,148.92092286319044,0.08,137.0072490341352,80,57.007249034135214
BM-14992,2025-12-09,Addis Ababa,Store,Electronics,Smart Watch,1,80.50151150366406,0.05,76.47643592848085,48,28.476435928480853
BM-14993,2025-12-09,Bahir Dar,Store,Fashion,Jacket,2,92.88283565758091,0.05,176.47738774940373,90,86.47738774940373
BM-14994,2025-12-09,Nairobi,Store,Fashion,Hoodie,2,41.880546940788214,0.05,79.5730391874976,40,39.5730391874976
BM-14995,2025-12-09,Bahir Dar,Store,Home,Water Bottle,3,12.326451014332388,0.02,36.239765982137214,12,24.239765982137214
BM-14996,2025-12-09,Dubai,Store,Electronics,Wireless Earbuds,3,44.59840444577581,0.05,127.10545267046105,75,52.10545267046105
BM-14997,2025-12-09,Dubai,Online,Fashion,Hoodie,1,40.13256076678443,0.05,38.12593272844521,20,18.125932728445207
BM-14998,2025-12-09,Bahir Dar,Online,Fashion,T-Shirt,3,19.420950334030163,0.02,57.09759398204867,24,33.09759398204867
BM-14999,2025-12-09,Dubai,Store,Beauty,Face Cream,2,24.91869511324091,0.02,48.84064242195218,20,28.840642421952182
BM-15000,2025-12-09,Addis Ababa,Store,Beauty,Shampoo,1,11.011853400932793,0.02,10.791616332914137,4,6.791616332914137
BM-15001,2025-12-09,Dubai,Store,Fashion,Sneakers,1,63.667064680447034,0.05,60.48371144642468,37,23.483711446424678
BM-15002,2025-12-10,Bahir Dar,Online,Home,Vacuum Cleaner,1,155.30997193244576,0.08,142.8851741778501,80,62.885174177850104
BM-15003,2025-12-10,Dubai,Online,Beauty,Face Cream,1,23.61438814540054,0.02,23.14210038249253,10,13.14210038249253
BM-15004,2025-12-10,Hawassa,Online,Electronics,Smartphone,1,618.5005268738298,0.1,556.6504741864469,350,206.6504741864469
BM-15005,2025-12-10,Dubai,Store,Fashion,T-Shirt,1,19.68152627416492,0.02,19.28789574868162,8,11.28789574868162
BM-15006,2025-12-10,Nairobi,Store,Beauty,Hair Dryer,2,42.21446760164453,0.05,80.2074884431246,40,40.2074884431246
BM-15007,2025-12-10,Dubai,Online,Beauty,Face Cream,1,23.52723748850864,0.02,23.056692738738466,10,13.056692738738466
BM-15008,2025-12-10,Dubai,Store,Home,Vacuum Cleaner,1,151.33383289929498,0.08,139.2271262673514,80,59.227126267351395
BM-15009,2025-12-10,Dubai,Store,Home,Storage Box,2,14.2492640998459,0.02,27.928557635697963,12,15.928557635697963
BM-15010,2025-12-10,Dubai,Store,Home,Coffee Maker,2,87.25343327685736,0.05,165.78152322602898,90,75.78152322602898
BM-15011,2025-12-10,Nairobi,Online,Home,Coffee Maker,2,86.86445565758613,0.05,165.04246574941365,90,75.04246574941365
BM-15012,2025-12-10,Addis Ababa,Store,Beauty,Perfume,1,54.50096729809327,0.05,51.775918933188606,28,23.775918933188606
BM-15013,2025-12-10,Addis Ababa,Store,Home,Water Bottle,1,11.937643760899762,0.02,11.698890885681767,4,7.698890885681767
BM-15014,2025-12-10,Dubai,Online,Beauty,Shampoo,1,11.2269257192846,0.02,11.002387204898907,4,7.002387204898907
BM-15015,2025-12-10,Hawassa,Online,Beauty,Shampoo,2,11.473936209596523,0.02,22.488914970809187,8,14.488914970809187
BM-15016,2025-12-10,Addis Ababa,Online,Electronics,Phone Charger,1,17.217025150772,0.02,16.872684647756557,7,9.872684647756557
BM-15017,2025-12-10,Nairobi,Store,Home,Water Bottle,1,12.100651605690974,0.02,11.858638573577155,4,7.858638573577155
BM-15018,2025-12-10,Addis Ababa,Online,Beauty,Shampoo,1,11.191861314050128,0.02,10.968024087769125,4,6.968024087769125
BM-15019,2025-12-10,Nairobi,Store,Home,Water Bottle,1,12.004956481117976,0.02,11.764857351495616,4,7.764857351495616
BM-15020,2025-12-10,Addis Ababa,Store,Beauty,Face Cream,1,22.87784717445885,0.02,22.420290230969673,10,12.420290230969673
BM-15021,2025-12-10,Addis Ababa,Store,Home,Desk Lamp,3,29.994730082650136,0.05,85.48498073555288,42,43.48498073555288
BM-15022,2025-12-10,Bahir Dar,Online,Beauty,Makeup Kit,1,69.37828536039926,0.05,65.90937109237929,35,30.90937109237929
BM-15023,2025-12-10,Addis Ababa,Online,Beauty,Face Cream,1,24.755539744122288,0.02,24.26042894923984,10,14.260428949239842
BM-15024,2025-12-10,Dubai,Online,Beauty,Face Cream,1,23.86467820751386,0.02,23.387384643363585,10,13.387384643363585
BM-15025,2025-12-11,Nairobi,Online,Fashion,T-Shirt,1,19.436828077709734,0.02,19.048091516155537,8,11.048091516155537
BM-15026,2025-12-11,Nairobi,Store,Electronics,Phone Charger,1,17.018107341143914,0.02,16.677745194321034,7,9.677745194321034
BM-15027,2025-12-11,Addis Ababa,Store,Beauty,Shampoo,1,11.11724536174216,0.02,10.894900454507317,4,6.894900454507317
BM-15028,2025-12-11,Bahir Dar,Online,Electronics,Tablet,2,190.4596930629151,0.08,350.4458352357638,240,110.44583523576381
BM-15029,2025-12-11,Dubai,Store,Fashion,Jacket,1,93.21948590292367,0.05,88.55851160777748,45,43.558511607777476
BM-15030,2025-12-11,Dubai,Store,Home,Vacuum Cleaner,1,158.98852566200165,0.08,146.26944360904153,80,66.26944360904153
BM-15031,2025-12-11,Bahir Dar,Store,Beauty,Shampoo,1,11.172993368677668,0.02,10.949533501304114,4,6.9495335013041135
BM-15032,2025-12-11,Nairobi,Online,Fashion,Hoodie,1,43.49963043701019,0.05,41.32464891515968,20,21.324648915159678
BM-15033,2025-12-11,Bahir Dar,Online,Home,Water Bottle,1,11.736549477316196,0.02,11.50181848776987,4,7.501818487769871
BM-15034,2025-12-11,Addis Ababa,Online,Beauty,Shampoo,1,10.646148449095264,0.02,10.433225480113359,4,6.433225480113359
BM-15035,2025-12-11,Dubai,Online,Electronics,Laptop,1,1195.1513013392057,0.1,1075.636171205285,500,575.6361712052851
BM-15036,2025-12-11,Bahir Dar,Online,Fashion,Sneakers,3,63.16826202155626,0.05,180.02954676143534,111,69.02954676143534
BM-15037,2025-12-11,Dubai,Store,Fashion,T-Shirt,1,19.762422713502772,0.02,19.367174259232716,8,11.367174259232716
BM-15038,2025-12-11,Addis Ababa,Store,Beauty,Face Cream,2,23.93120762329609,0.02,46.90516694166033,20,26.905166941660333
BM-15039,2025-12-12,Nairobi,Online,Beauty,Shampoo,1,11.160965194970057,0.02,10.937745891070655,4,6.937745891070655
BM-15040,2025-12-12,Addis Ababa,Online,Fashion,T-Shirt,1,19.269848147748995,0.02,18.884451184794013,8,10.884451184794013
BM-15041,2025-12-12,Addis Ababa,Online,Electronics,Phone Charger,1,18.03413875009204,0.02,17.6734559750902,7,10.6734559750902
BM-15042,2025-12-12,Addis Ababa,Store,Home,Storage Box,2,15.008036290104604,0.02,29.415751128605024,12,17.415751128605024
BM-15043,2025-12-12,Nairobi,Store,Home,Storage Box,1,15.002671971949407,0.02,14.702618532510419,6,8.702618532510419
BM-15044,2025-12-12,Dubai,Online,Beauty,Hair Dryer,2,40.49863323644953,0.05,76.9474031492541,40,36.9474031492541
BM-15045,2025-12-12,Bahir Dar,Online,Beauty,Perfume,3,54.95781063112342,0.05,156.62976029870174,84,72.62976029870174
BM-15046,2025-12-12,Dubai,Online,Home,Desk Lamp,2,30.713850252381697,0.05,58.35631547952522,28,30.35631547952522
BM-15047,2025-12-12,Bahir Dar,Store,Beauty,Face Cream,1,24.367327461271305,0.02,23.879980912045877,10,13.879980912045877
BM-15048,2025-12-12,Bahir Dar,Store,Beauty,Hair Dryer,2,39.55609904452977,0.05,75.15658818460656,40,35.15658818460656
BM-15049,2025-12-12,Hawassa,Store,Home,Storage Box,1,14.664660473141431,0.02,14.371367263678602,6,8.371367263678602
BM-15050,2025-12-12,Bahir Dar,Store,Electronics,Tablet,2,201.59364315033744,0.08,370.9323033966209,240,130.9323033966209
BM-15051,2025-12-12,Hawassa,Store,Electronics,Smartphone,4,615.9708880032669,0.1,2217.4951968117607,1400,817.4951968117607
BM-15052,2025-12-12,Addis Ababa,Online,Fashion,Hoodie,1,42.84510156791096,0.05,40.70284648951541,20,20.70284648951541
BM-15053,2025-12-12,Bahir Dar,Online,Home,Water Bottle,1,12.068285869124876,0.02,11.826920151742378,4,7.826920151742378
BM-15054,2025-12-13,Nairobi,Store,Electronics,Bluetooth Speaker,1,58.79926611171396,0.05,55.85930280612826,35,20.859302806128262
BM-15055,2025-12-13,Dubai,Online,Beauty,Face Cream,1,24.22997290621118,0.02,23.74537344808696,10,13.745373448086958
BM-15056,2025-12-13,Dubai,Store,Fashion,Sneakers,1,65.49987200636203,0.05,62.22487840604392,37,25.22487840604392
BM-15057,2025-12-13,Dubai,Store,Fashion,T-Shirt,1,20.02162874301297,0.02,19.621196168152707,8,11.621196168152707
BM-15058,2025-12-13,Nairobi,Store,Fashion,Sneakers,1,64.92540460175162,0.05,61.67913437166404,37,24.67913437166404
BM-15059,2025-12-13,Bahir Dar,Online,Beauty,Hair Dryer,1,39.84494062479524,0.05,37.85269359355548,20,17.85269359355548
BM-15060,2025-12-13,Hawassa,Online,Electronics,Bluetooth Speaker,2,61.14546698689907,0.05,116.17638727510824,70,46.17638727510824
BM-15061,2025-12-13,Dubai,Online,Beauty,Shampoo,2,10.595296814401571,0.02,20.76678175622708,8,12.76678175622708
BM-15062,2025-12-13,Addis Ababa,Online,Fashion,T-Shirt,1,20.39340213019013,0.02,19.985534087586327,8,11.985534087586327
BM-15063,2025-12-13,Addis Ababa,Online,Beauty,Face Cream,2,24.72649073758482,0.02,48.46392184566625,20,28.46392184566625
BM-15064,2025-12-13,Addis Ababa,Online,Beauty,Shampoo,1,10.84814904014654,0.02,10.631186059343609,4,6.631186059343609
BM-15065,2025-12-13,Hawassa,Online,Electronics,Phone Charger,2,17.798281266951793,0.02,34.88463128322552,14,20.884631283225517
BM-15066,2025-12-13,Addis Ababa,Store,Beauty,Perfume,1,52.615995944903084,0.05,49.98519614765793,28,21.98519614765793
BM-15067,2025-12-13,Nairobi,Online,Home,Storage Box,2,15.945157154963372,0.02,31.252508023728208,12,19.252508023728208
BM-15068,2025-12-13,Hawassa,Online,Fashion,Sneakers,1,64.78595258997868,0.05,61.54665496047974,37,24.546654960479742
BM-15069,2025-12-13,Hawassa,Online,Beauty,Shampoo,1,11.182918637168195,0.02,10.959260264424831,4,6.959260264424831
BM-15070,2025-12-13,Addis Ababa,Online,Electronics,Smartphone,2,602.2636043538903,0.1,1084.0744878370026,700,384.0744878370026
BM-15071,2025-12-13,Addis Ababa,Store,Home,Storage Box,1,14.977535189212473,0.02,14.677984485428222,6,8.677984485428222
BM-15072,2025-12-13,Addis Ababa,Online,Fashion,Jacket,2,89.11785031385824,0.05,169.32391559633066,90,79.32391559633066
BM-15073,2025-12-13,Dubai,Store,Fashion,Jeans,2,52.289067749723415,0.05,99.34922872447449,50,49.349228724474486
BM-15074,2025-12-13,Bahir Dar,Online,Fashion,T-Shirt,1,20.592412503249008,0.02,20.180564253184027,8,12.180564253184027
BM-15075,2025-12-13,Addis Ababa,Online,Electronics,Laptop,2,1202.3099145111482,0.1,2164.157846120067,1000,1164.157846120067
BM-15076,2025-12-13,Bahir Dar,Store,Home,Desk Lamp,1,29.746986784322825,0.05,28.259637445106684,14,14.259637445106684
BM-15077,2025-12-13,Addis Ababa,Online,Electronics,Wireless Earbuds,1,44.946014002812014,0.05,42.69871330267141,25,17.698713302671408
BM-15078,2025-12-13,Bahir Dar,Online,Beauty,Hair Dryer,1,40.7082567378434,0.05,38.67284390095123,20,18.67284390095123
BM-15079,2025-12-13,Nairobi,Online,Fashion,Jeans,1,50.605172471367844,0.05,48.07491384779945,25,23.07491384779945
BM-15080,2025-12-13,Addis Ababa,Store,Beauty,Hair Dryer,1,40.84621635315539,0.05,38.80390553549762,20,18.80390553549762
BM-15081,2025-12-14,Bahir Dar,Online,Electronics,Smartphone,1,582.8692743437452,0.1,524.5823469093707,350,174.5823469093707
BM-15082,2025-12-14,Bahir Dar,Online,Electronics,Wireless Earbuds,1,45.57420199273298,0.05,43.29549189309633,25,18.295491893096333
BM-15083,2025-12-14,Addis Ababa,Online,Home,Coffee Maker,3,88.94546471237106,0.05,253.49457443025753,135,118.49457443025753
BM-15084,2025-12-14,Bahir Dar,Online,Fashion,Jacket,2,90.04669366468616,0.05,171.0887179629037,90,81.0887179629037
BM-15085,2025-12-14,Bahir Dar,Online,Beauty,Makeup Kit,2,71.29954229653792,0.05,135.46913036342204,70,65.46913036342204
BM-15086,2025-12-14,Dubai,Store,Electronics,Wireless Earbuds,3,44.773727223659456,0.05,127.60512258742945,75,52.60512258742945
BM-15087,2025-12-14,Nairobi,Store,Home,Storage Box,1,14.077942133315807,0.02,13.79638329064949,6,7.796383290649491
BM-15088,2025-12-14,Bahir Dar,Online,Electronics,Smartphone,1,602.2468311086922,0.1,542.0221479978229,350,192.0221479978229
BM-15089,2025-12-14,Addis Ababa,Store,Electronics,Tablet,1,200.94316153809842,0.08,184.86770861505056,120,64.86770861505056
BM-15090,2025-12-14,Dubai,Store,Home,Vacuum Cleaner,1,148.09574080177103,0.08,136.24808153762936,80,56.24808153762936
BM-15091,2025-12-14,Dubai,Store,Beauty,Face Cream,1,23.558913988250733,0.02,23.087735708485717,10,13.087735708485717
BM-15092,2025-12-14,Addis Ababa,Store,Electronics,Smartphone,1,601.9573304960109,0.1,541.7615974464098,350,191.76159744640984
BM-15093,2025-12-14,Nairobi,Online,Home,Coffee Maker,2,90.68502843891194,0.05,172.3015540339327,90,82.30155403393269
BM-15094,2025-12-14,Dubai,Online,Home,Storage Box,2,14.763889555771192,0.02,28.937223529311535,12,16.937223529311535
BM-15095,2025-12-14,Nairobi,Store,Fashion,Sneakers,1,65.1049558700753,0.05,61.84970807657153,37,24.84970807657153
BM-15096,2025-12-14,Addis Ababa,Store,Fashion,Hoodie,2,42.89334985674202,0.05,81.49736472780984,40,41.49736472780984
BM-15097,2025-12-14,Addis Ababa,Store,Beauty,Hair Dryer,3,41.661811616943744,0.05,118.73616310828967,60,58.736163108289674
BM-15098,2025-12-14,Dubai,Online,Beauty,Hair Dryer,1,40.269673820438086,0.05,38.25619012941618,20,18.256190129416183
BM-15099,2025-12-15,Dubai,Online,Home,Vacuum Cleaner,1,145.68073873061672,0.08,134.0262796321674,80,54.02627963216739
BM-15100,2025-12-15,Bahir Dar,Online,Home,Storage Box,3,14.841260530877273,0.02,43.63330596077918,18,25.633305960779182
BM-15101,2025-12-15,Addis Ababa,Store,Fashion,Sneakers,3,66.96497024415315,0.05,190.85016519583647,111,79.85016519583647
BM-15102,2025-12-15,Addis Ababa,Store,Electronics,Phone Charger,1,17.636865891102254,0.02,17.28412857328021,7,10.28412857328021
BM-15103,2025-12-15,Addis Ababa,Store,Home,Vacuum Cleaner,2,155.28008449941595,0.08,285.71535547892535,160,125.71535547892535
BM-15104,2025-12-15,Dubai,Online,Electronics,Laptop,1,1156.389518130973,0.1,1040.7505663178758,500,540.7505663178758
BM-15105,2025-12-15,Bahir Dar,Store,Electronics,Laptop,3,1164.1192078836393,0.1,3143.121861285826,1500,1643.121861285826
BM-15106,2025-12-15,Bahir Dar,Online,Electronics,Laptop,4,1232.2361061842362,0.1,4436.04998226325,2000,2436.04998226325
BM-15107,2025-12-15,Nairobi,Online,Fashion,Sneakers,1,62.53793376880226,0.05,59.41103708036215,37,22.41103708036215
BM-15108,2025-12-15,Addis Ababa,Online,Fashion,Sneakers,1,64.88974791603904,0.05,61.64526052023709,37,24.645260520237088
BM-15109,2025-12-15,Nairobi,Store,Electronics,Smartphone,2,602.9927688183208,0.1,1085.3869838729775,700,385.38698387297745
BM-15110,2025-12-15,Addis Ababa,Store,Fashion,Hoodie,1,42.87431147660735,0.05,40.73059590277698,20,20.730595902776983
BM-15111,2025-12-15,Nairobi,Store,Beauty,Shampoo,1,10.813676261482343,0.02,10.597402736252695,4,6.597402736252695
BM-15112,2025-12-15,Addis Ababa,Online,Electronics,Phone Charger,1,18.198703081977634,0.02,17.83472902033808,7,10.83472902033808
BM-15113,2025-12-15,Dubai,Online,Beauty,Makeup Kit,1,69.90685551872215,0.05,66.41151274278604,35,31.411512742786044
BM-15114,2025-12-15,Nairobi,Store,Beauty,Hair Dryer,1,40.20647603191777,0.05,38.19615223032188,20,18.19615223032188
BM-15115,2025-12-15,Addis Ababa,Online,Home,Storage Box,2,15.678976853679048,0.02,30.730794633210934,12,18.730794633210934
BM-15116,2025-12-15,Dubai,Online,Home,Vacuum Cleaner,1,153.1590046236736,0.08,140.90628425377972,80,60.90628425377972
BM-15117,2025-12-15,Bahir Dar,Online,Electronics,Smart Watch,1,79.93808468385662,0.05,75.94118044966378,48,27.941180449663776
BM-15118,2025-12-15,Nairobi,Online,Fashion,Hoodie,4,42.3564100106906,0.05,160.95435804062427,80,80.95435804062427
BM-15119,2025-12-15,Bahir Dar,Online,Home,Desk Lamp,1,30.52645216801113,0.05,29.00012955961057,14,15.00012955961057
BM-15120,2025-12-16,Addis Ababa,Store,Beauty,Hair Dryer,3,41.358156364702275,0.05,117.87074563940149,60,57.87074563940149
BM-15121,2025-12-16,Dubai,Online,Home,Storage Box,1,14.628372415867819,0.02,14.335804967550462,6,8.335804967550462
BM-15122,2025-12-16,Hawassa,Store,Home,Water Bottle,3,12.025582526989815,0.02,35.355212629350056,12,23.355212629350056
BM-15123,2025-12-16,Dubai,Online,Beauty,Makeup Kit,2,70.14181310281676,0.05,133.26944489535182,70,63.269444895351825
BM-15124,2025-12-16,Dubai,Online,Home,Coffee Maker,1,88.59658748292664,0.05,84.1667581087803,45,39.1667581087803
BM-15125,2025-12-16,Bahir Dar,Online,Beauty,Makeup Kit,2,70.98646234364521,0.05,134.8742784529259,70,64.87427845292589
BM-15126,2025-12-16,Dubai,Online,Electronics,Wireless Earbuds,2,46.12050029272113,0.05,87.62895055617015,50,37.62895055617015
BM-15127,2025-12-16,Nairobi,Store,Electronics,Smart Watch,4,78.05078115509517,0.05,296.5929683893616,192,104.5929683893616
BM-15128,2025-12-16,Dubai,Store,Home,Desk Lamp,3,28.839963777579584,0.05,82.19389676610182,42,40.193896766101815
BM-15129,2025-12-16,Hawassa,Online,Fashion,Jeans,1,47.58434899190867,0.05,45.20513154231323,25,20.205131542313232
BM-15130,2025-12-16,Dubai,Online,Fashion,Jeans,1,48.40197198552292,0.05,45.98187338624677,25,20.981873386246768
BM-15131,2025-12-16,Dubai,Online,Beauty,Makeup Kit,1,70.20243675883424,0.05,66.69231492089253,35,31.692314920892528
BM-15132,2025-12-16,Addis Ababa,Online,Fashion,Sneakers,1,65.28933114228475,0.05,62.02486458517051,37,25.024864585170512
BM-15133,2025-12-16,Dubai,Online,Fashion,Sneakers,1,66.44063662330856,0.05,63.11860479214313,37,26.11860479214313
BM-15134,2025-12-16,Addis Ababa,Store,Electronics,Wireless Earbuds,1,45.96203348449606,0.05,43.66393181027126,25,18.663931810271258
BM-15135,2025-12-16,Bahir Dar,Online,Beauty,Face Cream,1,24.835994916599837,0.02,24.33927501826784,10,14.339275018267841
BM-15136,2025-12-16,Dubai,Online,Fashion,Sneakers,1,63.77422445569378,0.05,60.58551323290909,37,23.585513232909094
BM-15137,2025-12-16,Addis Ababa,Online,Fashion,Hoodie,1,39.961206122186496,0.05,37.96314581607717,20,17.963145816077173
BM-15138,2025-12-16,Bahir Dar,Online,Home,Desk Lamp,2,30.440853294200217,0.05,57.83762125898041,28,29.837621258980413
BM-15139,2025-12-17,Dubai,Online,Beauty,Shampoo,1,11.255755236146616,0.02,11.030640131423683,4,7.030640131423683
BM-15140,2025-12-17,Bahir Dar,Store,Beauty,Shampoo,2,11.803950971399274,0.02,23.135743903942576,8,15.135743903942576
BM-15141,2025-12-17,Bahir Dar,Online,Fashion,Jeans,1,49.4967712866201,0.05,47.021932722289094,25,22.021932722289094
BM-15142,2025-12-17,Addis Ababa,Online,Fashion,Hoodie,1,41.625351767240794,0.05,39.544084178878755,20,19.544084178878755
BM-15143,2025-12-17,Hawassa,Online,Electronics,Bluetooth Speaker,1,61.918990984079734,0.05,58.82304143487575,35,23.823041434875748
BM-15144,2025-12-17,Dubai,Online,Fashion,T-Shirt,1,19.4449693689237,0.02,19.056069981545228,8,11.056069981545228
BM-15145,2025-12-17,Bahir Dar,Store,Home,Coffee Maker,3,91.42049386284238,0.05,260.5484075091008,135,125.5484075091008
BM-15146,2025-12-17,Addis Ababa,Online,Beauty,Hair Dryer,1,41.390062725757424,0.05,39.32055958946955,20,19.320559589469553
BM-15147,2025-12-17,Addis Ababa,Store,Beauty,Hair Dryer,1,41.9429304211714,0.05,39.84578390011283,20,19.845783900112828
BM-15148,2025-12-17,Addis Ababa,Online,Electronics,Phone Charger,1,18.573319197769123,0.02,18.20185281381374,7,11.20185281381374
BM-15149,2025-12-17,Addis Ababa,Online,Home,Vacuum Cleaner,3,149.92075958245775,0.08,413.7812964475834,240,173.78129644758337
BM-15150,2025-12-17,Dubai,Store,Home,Vacuum Cleaner,1,146.3202528561952,0.08,134.6146326276996,80,54.61463262769959
BM-15151,2025-12-17,Nairobi,Online,Beauty,Shampoo,3,11.186304910127571,0.02,32.887736435775054,12,20.887736435775054
BM-15152,2025-12-17,Dubai,Online,Electronics,Tablet,1,200.69962610498462,0.08,184.64365601658585,120,64.64365601658585
BM-15153,2025-12-17,Dubai,Online,Home,Coffee Maker,2,88.12410327724955,0.05,167.43579622677413,90,77.43579622677413
BM-15154,2025-12-17,Bahir Dar,Online,Electronics,Phone Charger,1,18.262971825344977,0.02,17.897712388838077,7,10.897712388838077
BM-15155,2025-12-17,Addis Ababa,Online,Electronics,Wireless Earbuds,1,46.245707204848514,0.05,43.93342184460609,25,18.933421844606087
BM-15156,2025-12-17,Hawassa,Online,Electronics,Wireless Earbuds,1,44.0068720036904,0.05,41.80652840350587,25,16.806528403505872
BM-15157,2025-12-17,Dubai,Online,Fashion,Hoodie,1,41.663744327289166,0.05,39.58055711092471,20,19.58055711092471
BM-15158,2025-12-17,Addis Ababa,Online,Electronics,Tablet,3,197.99079568719876,0.08,546.4545960966685,360,186.45459609666852
BM-15159,2025-12-17,Nairobi,Store,Home,Water Bottle,1,12.028816610545885,0.02,11.788240278334968,4,7.788240278334968
BM-15160,2025-12-17,Nairobi,Online,Fashion,Jacket,1,93.95765577142217,0.05,89.25977298285106,45,44.25977298285106
BM-15161,2025-12-18,Addis Ababa,Store,Fashion,Jacket,2,92.08820269075906,0.05,174.9675851124422,90,84.96758511244221
BM-15162,2025-12-18,Dubai,Online,Home,Storage Box,2,14.535838012125664,0.02,28.4902425037663,12,16.4902425037663
BM-15163,2025-12-18,Addis Ababa,Store,Electronics,Bluetooth Speaker,1,60.24349103721532,0.05,57.231316485354554,35,22.231316485354554
BM-15164,2025-12-18,Dubai,Store,Home,Desk Lamp,1,29.893256206157737,0.05,28.39859339584985,14,14.39859339584985
BM-15165,2025-12-18,Dubai,Store,Fashion,Sneakers,1,65.33115397385808,0.05,62.06459627516517,37,25.064596275165172
BM-15166,2025-12-18,Bahir Dar,Online,Fashion,Hoodie,2,41.05642794498841,0.05,78.00721309547797,40,38.007213095477965
BM-15167,2025-12-18,Addis Ababa,Online,Fashion,Jeans,1,50.68394999297258,0.05,48.149752493323945,25,23.149752493323945
BM-15168,2025-12-18,Nairobi,Online,Electronics,Bluetooth Speaker,1,59.775749736997476,0.05,56.786962250147596,35,21.786962250147596
BM-15169,2025-12-18,Addis Ababa,Online,Beauty,Makeup Kit,1,68.44949116778706,0.05,65.0270166093977,35,30.027016609397705
BM-15170,2025-12-18,Nairobi,Online,Home,Coffee Maker,3,88.54026112198594,0.05,252.33974419765988,135,117.33974419765988
BM-15171,2025-12-18,Addis Ababa,Store,Electronics,Tablet,1,204.42020254814713,0.08,188.06658634429536,120,68.06658634429536
BM-15172,2025-12-18,Addis Ababa,Online,Beauty,Face Cream,1,23.118791289979928,0.02,22.65641546418033,10,12.65641546418033
BM-15173,2025-12-18,Dubai,Online,Beauty,Perfume,4,54.791913454424126,0.05,208.20927112681167,112,96.20927112681167
BM-15174,2025-12-18,Dubai,Store,Fashion,Sneakers,1,63.16837458387004,0.05,60.009955854676534,37,23.009955854676534
BM-15175,2025-12-18,Addis Ababa,Online,Fashion,Jeans,2,47.67770140512272,0.05,90.58763266973317,50,40.58763266973317
BM-15176,2025-12-18,Dubai,Online,Fashion,Sneakers,1,65.11626021250783,0.05,61.86044720188243,37,24.86044720188243
BM-15177,2025-12-18,Addis Ababa,Store,Home,Storage Box,1,15.040383993894586,0.02,14.739576314016695,6,8.739576314016695
BM-15178,2025-12-18,Dubai,Store,Beauty,Face Cream,4,24.095615983043317,0.02,94.4548146535298,40,54.454814653529795
BM-15179,2025-12-18,Hawassa,Store,Home,Water Bottle,1,12.50928409964142,0.02,12.259098417648591,4,8.259098417648591
BM-15180,2025-12-18,Dubai,Online,Beauty,Perfume,2,55.6704273673213,0.05,105.77381199791047,56,49.77381199791047
BM-15181,2025-12-18,Bahir Dar,Store,Beauty,Shampoo,3,10.596477986670166,0.02,31.153645280810288,12,19.153645280810288
BM-15182,2025-12-18,Bahir Dar,Online,Fashion,Hoodie,2,43.437470732349254,0.05,82.53119439146359,40,42.531194391463586
BM-15183,2025-12-18,Addis Ababa,Online,Electronics,Laptop,2,1183.156376807831,0.1,2129.681478254096,1000,1129.681478254096
BM-15184,2025-12-18,Dubai,Online,Beauty,Shampoo,3,10.54814389869394,0.02,31.011543062160182,12,19.011543062160182
BM-15185,2025-12-18,Nairobi,Store,Beauty,Face Cream,1,24.77146436337502,0.02,24.27603507610752,10,14.276035076107519
BM-15186,2025-12-19,Addis Ababa,Online,Beauty,Shampoo,1,10.555610610345784,0.02,10.34449839813887,4,6.344498398138869
BM-15187,2025-12-19,Dubai,Store,Electronics,Bluetooth Speaker,1,60.736845111043614,0.05,57.700002855491434,35,22.700002855491434
BM-15188,2025-12-19,Addis Ababa,Online,Fashion,Hoodie,2,44.23823504529446,0.05,84.05264658605947,40,44.05264658605947
BM-15189,2025-12-19,Bahir Dar,Online,Electronics,Wireless Earbuds,1,47.22616888485888,0.05,44.864860440615935,25,19.864860440615935
BM-15190,2025-12-19,Addis Ababa,Online,Fashion,T-Shirt,1,20.66175896709001,0.02,20.24852378774821,8,12.248523787748208
BM-15191,2025-12-19,Addis Ababa,Online,Home,Desk Lamp,2,30.466647477080965,0.05,57.88663020645383,28,29.88663020645383
BM-15192,2025-12-19,Bahir Dar,Online,Home,Vacuum Cleaner,1,152.34425162973236,0.08,140.15671149935378,80,60.156711499353776
BM-15193,2025-12-19,Bahir Dar,Online,Beauty,Hair Dryer,2,38.96998042900101,0.05,74.04296281510192,40,34.042962815101916
BM-15194,2025-12-19,Bahir Dar,Online,Fashion,Sneakers,1,66.33950746853138,0.05,63.02253209510481,37,26.022532095104808
BM-15195,2025-12-19,Dubai,Online,Beauty,Makeup Kit,2,70.44266602512923,0.05,133.84106544774554,70,63.841065447745535
BM-15196,2025-12-19,Addis Ababa,Online,Beauty,Shampoo,1,11.310486366648245,0.02,11.08427663931528,4,7.084276639315281
BM-15197,2025-12-19,Nairobi,Online,Fashion,Jacket,1,86.6388099149413,0.05,82.30686941919424,45,37.30686941919424
BM-15198,2025-12-19,Dubai,Online,Fashion,Jeans,2,51.07837323115283,0.05,97.04890913919037,50,47.04890913919037
BM-15199,2025-12-19,Dubai,Online,Home,Water Bottle,1,11.6906577360269,0.02,11.456844581306362,4,7.4568445813063615
BM-15200,2025-12-19,Addis Ababa,Store,Home,Desk Lamp,1,29.846857691372268,0.05,28.354514806803653,14,14.354514806803653
BM-15201,2025-12-19,Dubai,Store,Home,Coffee Maker,2,92.10445083525744,0.05,174.99845658698914,90,84.99845658698914
BM-15202,2025-12-19,Addis Ababa,Online,Home,Vacuum Cleaner,4,156.36844431809934,0.08,575.4358750906056,320,255.43587509060558
BM-15203,2025-12-20,Dubai,Store,Fashion,Jeans,2,49.22755377860066,0.05,93.53235217934125,50,43.532352179341245
BM-15204,2025-12-20,Dubai,Store,Beauty,Makeup Kit,2,71.88745862974271,0.05,136.58617139651113,70,66.58617139651113
BM-15205,2025-12-20,Nairobi,Online,Beauty,Shampoo,2,10.9406238095875,0.02,21.443622666791498,8,13.443622666791498
BM-15206,2025-12-20,Dubai,Store,Fashion,Sneakers,3,64.75715449585388,0.05,184.55789031318355,111,73.55789031318355
BM-15207,2025-12-20,Nairobi,Store,Beauty,Face Cream,1,25.06995951605159,0.02,24.56856032573056,10,14.568560325730559
BM-15208,2025-12-20,Hawassa,Online,Beauty,Hair Dryer,1,39.951852640004795,0.05,37.95426000800455,20,17.954260008004553
BM-15209,2025-12-20,Nairobi,Online,Home,Coffee Maker,1,89.1393936041992,0.05,84.68242392398923,45,39.682423923989234
BM-15210,2025-12-20,Addis Ababa,Online,Beauty,Hair Dryer,3,40.24104982302093,0.05,114.68699199560965,60,54.686991995609645
BM-15211,2025-12-20,Dubai,Online,Electronics,Laptop,2,1220.5859305158037,0.1,2197.0546749284467,1000,1197.0546749284467
BM-15212,2025-12-20,Bahir Dar,Store,Fashion,Jacket,3,89.29731937362699,0.05,254.49736021483693,135,119.49736021483693
BM-15213,2025-12-20,Bahir Dar,Online,Fashion,Sneakers,1,65.89662117563574,0.05,62.601790116853955,37,25.601790116853955
BM-15214,2025-12-20,Addis Ababa,Online,Home,Coffee Maker,2,91.84380503821679,0.05,174.50322957261187,90,84.50322957261187
BM-15215,2025-12-20,Dubai,Store,Electronics,Phone Charger,4,18.11361277798336,0.02,71.00536208969477,28,43.00536208969477
BM-15216,2025-12-20,Addis Ababa,Online,Electronics,Phone Charger,3,17.767555739724386,0.02,52.2366138747897,21,31.236613874789697
BM-15217,2025-12-20,Addis Ababa,Store,Fashion,T-Shirt,2,19.757925876119028,0.02,38.72553471719329,16,22.72553471719329
BM-15218,2025-12-20,Hawassa,Store,Electronics,Smartphone,1,609.6485094731308,0.1,548.6836585258178,350,198.6836585258178
BM-15219,2025-12-20,Addis Ababa,Store,Fashion,Sneakers,2,65.05804189940763,0.05,123.61027960887448,74,49.61027960887448
BM-15220,2025-12-20,Dubai,Online,Beauty,Makeup Kit,4,71.71707717003203,0.05,272.5248932461217,140,132.52489324612168
BM-15221,2025-12-20,Bahir Dar,Online,Electronics,Smartphone,2,600.9202629523254,0.1,1081.6564733141859,700,381.65647331418586
BM-15222,2025-12-20,Addis Ababa,Online,Fashion,Hoodie,3,41.43951907305255,0.05,118.10262935819976,60,58.10262935819976
BM-15223,2025-12-20,Addis Ababa,Online,Fashion,Jeans,2,49.26981774257027,0.05,93.6126537108835,50,43.61265371088351
BM-15224,2025-12-20,Hawassa,Store,Fashion,Sneakers,1,65.64731367241083,0.05,62.364947988790284,37,25.364947988790284
BM-15225,2025-12-20,Dubai,Store,Home,Desk Lamp,4,27.46086550368698,0.05,104.35128891401051,56,48.35128891401051
BM-15226,2025-12-20,Nairobi,Store,Beauty,Shampoo,1,11.052731264967726,0.02,10.831676639668371,4,6.8316766396683715
BM-15227,2025-12-20,Bahir Dar,Store,Fashion,Jeans,1,47.736206553426136,0.05,45.34939622575483,25,20.34939622575483
BM-15228,2025-12-20,Bahir Dar,Online,Fashion,T-Shirt,1,19.832858913269135,0.02,19.436201735003753,8,11.436201735003753
BM-15229,2025-12-20,Dubai,Store,Home,Vacuum Cleaner,1,144.61413499545748,0.08,133.0450041958209,80,53.045004195820894
BM-15230,2025-12-20,Addis Ababa,Online,Beauty,Shampoo,2,10.869858141684155,0.02,21.304921957700945,8,13.304921957700945
BM-15231,2025-12-20,Addis Ababa,Store,Fashion,Jacket,2,88.76554911584624,0.05,168.65454332010785,90,78.65454332010785
BM-15232,2025-12-20,Nairobi,Online,Electronics,Laptop,1,1192.5952428467142,0.1,1073.3357185620428,500,573.3357185620428
BM-15233,2025-12-20,Addis Ababa,Store,Home,Desk Lamp,2,29.028328289617907,0.05,55.15382375027402,28,27.15382375027402
BM-15234,2025-12-20,Dubai,Online,Beauty,Hair Dryer,1,40.3515893616848,0.05,38.33400989360056,20,18.33400989360056
BM-15235,2025-12-21,Dubai,Store,Fashion,Jeans,1,51.06937174951711,0.05,48.515903162041255,25,23.515903162041255
BM-15236,2025-12-21,Dubai,Online,Beauty,Hair Dryer,1,40.90459626988913,0.05,38.859366456394675,20,18.859366456394675
BM-15237,2025-12-21,Hawassa,Online,Beauty,Makeup Kit,3,66.4498489172935,0.05,189.38206941428646,105,84.38206941428646
BM-15238,2025-12-21,Addis Ababa,Online,Beauty,Shampoo,1,11.250081329705313,0.02,11.025079703111206,4,7.025079703111206
BM-15239,2025-12-21,Dubai,Online,Electronics,Smartphone,1,617.3920847612754,0.1,555.652876285148,350,205.65287628514795
BM-15240,2025-12-21,Bahir Dar,Online,Fashion,T-Shirt,1,20.74649169661704,0.02,20.331561862684698,8,12.331561862684698
BM-15241,2025-12-21,Bahir Dar,Online,Fashion,Jeans,2,49.277081773049,0.05,93.62645536879309,50,43.62645536879309
BM-15242,2025-12-21,Bahir Dar,Online,Beauty,Face Cream,1,24.1833206751557,0.02,23.699654261652583,10,13.699654261652583
BM-15243,2025-12-21,Dubai,Online,Beauty,Face Cream,1,23.933891446982706,0.02,23.45521361804305,10,13.45521361804305
BM-15244,2025-12-21,Dubai,Store,Fashion,Jacket,2,87.44531026409699,0.05,166.14608950178427,90,76.14608950178427
BM-15245,2025-12-21,Nairobi,Store,Home,Storage Box,4,14.85337167494485,0.02,58.22521696578381,24,34.22521696578381
BM-15246,2025-12-21,Bahir Dar,Online,Electronics,Smartphone,1,608.2931274506338,0.1,547.4638147055705,350,197.46381470557048
BM-15247,2025-12-21,Addis Ababa,Store,Electronics,Bluetooth Speaker,1,61.11042548972915,0.05,58.05490421524269,35,23.054904215242694
BM-15248,2025-12-21,Addis Ababa,Store,Electronics,Smart Watch,1,78.82615556149779,0.05,74.8848477834229,48,26.8848477834229
BM-15249,2025-12-21,Dubai,Store,Beauty,Hair Dryer,2,38.87601965278152,0.05,73.8644373402849,40,33.864437340284894
BM-15250,2025-12-21,Addis Ababa,Online,Beauty,Hair Dryer,2,41.57096118555398,0.05,78.98482625255257,40,38.984826252552566
BM-15251,2025-12-21,Addis Ababa,Online,Home,Storage Box,1,15.064579556569239,0.02,14.763287965437854,6,8.763287965437854
BM-15252,2025-12-21,Addis Ababa,Store,Fashion,Jacket,3,93.09470820511117,0.05,265.31991838456685,135,130.31991838456685
BM-15253,2025-12-21,Nairobi,Store,Fashion,Jacket,2,93.05535487973043,0.05,176.8051742714878,90,86.8051742714878
BM-15254,2025-12-21,Nairobi,Online,Electronics,Wireless Earbuds,1,42.85277947241147,0.05,40.71014049879089,25,15.710140498790892
BM-15255,2025-12-21,Addis Ababa,Online,Electronics,Laptop,2,1207.1880264444644,0.1,2172.938447600036,1000,1172.938447600036
BM-15256,2025-12-21,Dubai,Store,Fashion,Jacket,1,91.50180067245158,0.05,86.926710638829,45,41.92671063882899
BM-15257,2025-12-21,Dubai,Online,Electronics,Smartphone,4,613.8982415974439,0.1,2210.033669750798,1400,810.0336697507978
BM-15258,2025-12-21,Dubai,Online,Beauty,Shampoo,2,10.681452839171211,0.02,20.93564756477557,8,12.935647564775572
BM-15259,2025-12-21,Dubai,Online,Electronics,Laptop,1,1217.4308340487935,0.1,1095.6877506439141,500,595.6877506439141
BM-15260,2025-12-22,Addis Ababa,Store,Beauty,Makeup Kit,2,67.8344943084126,0.05,128.88553918598393,70,58.88553918598393
BM-15261,2025-12-22,Addis Ababa,Store,Beauty,Face Cream,2,25.052771282088187,0.02,49.10343171289285,20,29.10343171289285
BM-15262,2025-12-22,Nairobi,Store,Home,Water Bottle,1,12.171554067765323,0.02,11.928122986410015,4,7.928122986410015
BM-15263,2025-12-22,Addis Ababa,Store,Fashion,Hoodie,2,43.06568006741616,0.05,81.8247921280907,40,41.82479212809071
BM-15264,2025-12-22,Addis Ababa,Online,Electronics,Laptop,2,1183.726611962334,0.1,2130.707901532201,1000,1130.707901532201
BM-15265,2025-12-22,Addis Ababa,Store,Fashion,Hoodie,2,40.57620798145278,0.05,77.09479516476028,40,37.094795164760285
BM-15266,2025-12-22,Dubai,Online,Electronics,Phone Charger,2,18.728557807776998,0.02,36.707973303242916,14,22.707973303242916
BM-15267,2025-12-22,Bahir Dar,Online,Home,Coffee Maker,2,86.15275869545034,0.05,163.69024152135566,90,73.69024152135566
BM-15268,2025-12-22,Bahir Dar,Online,Electronics,Laptop,1,1238.543514123233,0.1,1114.6891627109098,500,614.6891627109098
BM-15269,2025-12-22,Addis Ababa,Online,Home,Coffee Maker,2,88.07235261788297,0.05,167.33746997397765,90,77.33746997397765
BM-15270,2025-12-22,Dubai,Store,Home,Desk Lamp,1,30.221166573404172,0.05,28.710108244733963,14,14.710108244733963
BM-15271,2025-12-22,Addis Ababa,Store,Fashion,Hoodie,1,43.03688452339493,0.05,40.88504029722518,20,20.88504029722518
BM-15272,2025-12-22,Bahir Dar,Store,Beauty,Makeup Kit,2,68.0209654562473,0.05,129.23983436686984,70,59.23983436686984
BM-15273,2025-12-22,Addis Ababa,Online,Fashion,T-Shirt,1,19.658291783775795,0.02,19.265125948100277,8,11.265125948100277
BM-15274,2025-12-22,Bahir Dar,Online,Beauty,Makeup Kit,1,70.55500645143695,0.05,67.0272561288651,35,32.027256128865105
BM-15275,2025-12-22,Dubai,Online,Electronics,Wireless Earbuds,2,45.775073392039126,0.05,86.97263944487433,50,36.97263944487433
BM-15276,2025-12-22,Bahir Dar,Store,Beauty,Face Cream,2,24.721093319045703,0.02,48.45334290532958,20,28.453342905329578
BM-15277,2025-12-22,Bahir Dar,Store,Fashion,T-Shirt,2,20.17090211254984,0.02,39.534968140597684,16,23.534968140597684
BM-15278,2025-12-22,Dubai,Online,Fashion,T-Shirt,2,20.342861405772126,0.02,39.87200835531337,16,23.87200835531337
BM-15279,2025-12-22,Addis Ababa,Online,Fashion,Jacket,1,91.18256305467015,0.05,86.62343490193665,45,41.62343490193665
BM-15280,2025-12-22,Addis Ababa,Online,Electronics,Tablet,1,202.19276492361558,0.08,186.01734372972635,120,66.01734372972635
BM-15281,2025-12-22,Dubai,Store,Home,Desk Lamp,1,30.06238608335223,0.05,28.559266779184618,14,14.559266779184618
BM-15282,2025-12-22,Dubai,Online,Home,Water Bottle,2,11.801669777954324,0.02,23.131272764790474,8,15.131272764790474
BM-15283,2025-12-22,Dubai,Online,Electronics,Tablet,2,196.62172493970084,0.08,361.78397388904955,240,121.78397388904955
BM-15284,2025-12-22,Addis Ababa,Online,Home,Storage Box,3,15.393903742344486,0.02,45.25807700249279,18,27.25807700249279
BM-15285,2025-12-22,Addis Ababa,Store,Electronics,Smartphone,3,606.5057757753651,0.1,1637.5655945934857,1050,587.5655945934857
BM-15286,2025-12-23,Dubai,Store,Electronics,Wireless Earbuds,1,44.051007273429,0.05,41.84845690975755,25,16.84845690975755
BM-15287,2025-12-23,Addis Ababa,Store,Beauty,Makeup Kit,1,70.2302758127629,0.05,66.71876202212475,35,31.71876202212475
BM-15288,2025-12-23,Addis Ababa,Online,Electronics,Smart Watch,1,85.21427911325733,0.05,80.95356515759447,48,32.95356515759447
BM-15289,2025-12-23,Bahir Dar,Store,Beauty,Shampoo,2,10.671418290244791,0.02,20.91597984887979,8,12.91597984887979
BM-15290,2025-12-23,Addis Ababa,Store,Beauty,Shampoo,2,10.883487391864374,0.02,21.331635288054173,8,13.331635288054173
BM-15291,2025-12-23,Addis Ababa,Online,Fashion,Jeans,2,49.48679808444762,0.05,94.02491636045048,50,44.024916360450476
BM-15292,2025-12-23,Dubai,Online,Beauty,Face Cream,1,25.23604208676783,0.02,24.731321245032476,10,14.731321245032476
BM-15293,2025-12-23,Bahir Dar,Online,Beauty,Shampoo,1,10.871948043930612,0.02,10.654509083052,4,6.654509083052
BM-15294,2025-12-23,Addis Ababa,Online,Fashion,Hoodie,1,43.4388282817708,0.05,41.26688686768226,20,21.26688686768226
BM-15295,2025-12-23,Hawassa,Online,Fashion,Sneakers,1,67.15805164470653,0.05,63.8001490624712,37,26.8001490624712
BM-15296,2025-12-23,Hawassa,Store,Home,Storage Box,1,15.285232703719446,0.02,14.979528049645056,6,8.979528049645056
BM-15297,2025-12-23,Nairobi,Store,Beauty,Hair Dryer,2,39.93120046052823,0.05,75.86928087500364,40,35.86928087500364
BM-15298,2025-12-23,Addis Ababa,Online,Fashion,Sneakers,1,63.91332446157132,0.05,60.71765823849275,37,23.717658238492753
BM-15299,2025-12-23,Nairobi,Store,Fashion,Sneakers,1,65.197994798909,0.05,61.93809505896354,37,24.93809505896354
BM-15300,2025-12-23,Addis Ababa,Online,Fashion,Hoodie,1,41.84412099952255,0.05,39.751914949546425,20,19.751914949546425
BM-15301,2025-12-23,Bahir Dar,Online,Home,Vacuum Cleaner,2,149.98191292293976,0.08,275.96671977820915,160,115.96671977820915
BM-15302,2025-12-23,Addis Ababa,Store,Electronics,Bluetooth Speaker,1,59.058725849076616,0.05,56.10578955662278,35,21.10578955662278
BM-15303,2025-12-23,Addis Ababa,Store,Beauty,Hair Dryer,2,40.255984902630345,0.05,76.48637131499765,40,36.486371314997655
BM-15304,2025-12-24,Addis Ababa,Online,Home,Water Bottle,1,11.798411705511047,0.02,11.562443471400826,4,7.562443471400826
BM-15305,2025-12-24,Bahir Dar,Store,Home,Vacuum Cleaner,2,146.75578263667458,0.08,270.0306400514812,160,110.03064005148121
BM-15306,2025-12-24,Addis Ababa,Store,Beauty,Perfume,4,54.80679986723934,0.05,208.26583949550948,112,96.26583949550948
BM-15307,2025-12-24,Nairobi,Store,Fashion,Sneakers,1,65.94731847909941,0.05,62.64995255514444,37,25.649952555144438
BM-15308,2025-12-24,Bahir Dar,Online,Home,Water Bottle,1,11.777411550140494,0.02,11.541863319137684,4,7.5418633191376845
BM-15309,2025-12-24,Hawassa,Store,Beauty,Perfume,1,54.98561505377897,0.05,52.23633430109002,28,24.236334301090018
BM-15310,2025-12-24,Addis Ababa,Online,Home,Water Bottle,2,12.40681029143542,0.02,24.31734817121342,8,16.31734817121342
BM-15311,2025-12-24,Dubai,Store,Home,Vacuum Cleaner,1,153.95986660111518,0.08,141.64307727302597,80,61.643077273025966
BM-15312,2025-12-24,Dubai,Store,Home,Desk Lamp,1,28.74305106404133,0.05,27.305898510839263,14,13.305898510839263
BM-15313,2025-12-24,Addis Ababa,Online,Fashion,Jacket,1,91.75166848515829,0.05,87.16408506090038,45,42.164085060900376
BM-15314,2025-12-24,Addis Ababa,Online,Home,Coffee Maker,1,89.68334421808756,0.05,85.19917700718317,45,40.19917700718317
BM-15315,2025-12-24,Bahir Dar,Store,Electronics,Bluetooth Speaker,2,62.47275406280835,0.05,118.69823271933586,70,48.69823271933586
BM-15316,2025-12-24,Dubai,Store,Home,Vacuum Cleaner,1,157.3912809423675,0.08,144.7999784669781,80,64.7999784669781
BM-15317,2025-12-24,Addis Ababa,Online,Electronics,Phone Charger,1,18.306756864084644,0.02,17.940621726802952,7,10.940621726802952
BM-15318,2025-12-24,Nairobi,Online,Fashion,Jacket,2,86.66928853249146,0.05,164.67164821173378,90,74.67164821173378
BM-15319,2025-12-24,Dubai,Store,Beauty,Makeup Kit,2,70.13815910545928,0.05,133.26250230037263,70,63.26250230037263
BM-15320,2025-12-24,Dubai,Store,Electronics,Wireless Earbuds,1,44.60692711625635,0.05,42.37658076044353,25,17.37658076044353
BM-15321,2025-12-24,Bahir Dar,Online,Electronics,Smart Watch,1,79.54084150437971,0.05,75.56379942916072,48,27.563799429160724
BM-15322,2025-12-24,Bahir Dar,Online,Fashion,Hoodie,1,41.71585242825743,0.05,39.63005980684456,20,19.630059806844557
BM-15323,2025-12-24,Addis Ababa,Store,Beauty,Hair Dryer,2,37.78609849848406,0.05,71.79358714711971,40,31.79358714711971
BM-15324,2025-12-24,Addis Ababa,Online,Fashion,Sneakers,1,65.38122237430565,0.05,62.112161255590365,37,25.112161255590365
BM-15325,2025-12-24,Nairobi,Store,Fashion,T-Shirt,1,19.000785696349734,0.02,18.62076998242274,8,10.62076998242274
BM-15326,2025-12-25,Nairobi,Online,Electronics,Wireless Earbuds,1,45.57821863248961,0.05,43.29930770086513,25,18.29930770086513
BM-15327,2025-12-25,Nairobi,Online,Beauty,Hair Dryer,2,41.27724417735301,0.05,78.42676393697072,40,38.426763936970715
BM-15328,2025-12-25,Bahir Dar,Store,Fashion,Jacket,3,87.12532720087101,0.05,248.30718252248235,135,113.30718252248235
BM-15329,2025-12-25,Dubai,Store,Home,Vacuum Cleaner,1,148.5514009653221,0.08,136.66728888809635,80,56.66728888809635
BM-15330,2025-12-25,Dubai,Online,Electronics,Tablet,1,208.17638963981136,0.08,191.52227846862647,120,71.52227846862647
BM-15331,2025-12-25,Addis Ababa,Online,Electronics,Bluetooth Speaker,1,58.748640384144075,0.05,55.81120836493687,35,20.811208364936867
BM-15332,2025-12-25,Nairobi,Store,Beauty,Perfume,2,54.950400221751245,0.05,104.40576042132736,56,48.40576042132736
BM-15333,2025-12-25,Addis Ababa,Store,Fashion,Hoodie,1,42.804109663833906,0.05,40.663904180642206,20,20.663904180642206
BM-15334,2025-12-25,Addis Ababa,Store,Beauty,Shampoo,1,10.901843105218044,0.02,10.683806243113683,4,6.683806243113683
BM-15335,2025-12-25,Dubai,Store,Home,Vacuum Cleaner,2,149.9428097776432,0.08,275.8947699908635,160,115.8947699908635
BM-15336,2025-12-25,Bahir Dar,Online,Fashion,Jacket,1,88.6684498273164,0.05,84.23502733595058,45,39.235027335950576
BM-15337,2025-12-25,Nairobi,Store,Home,Desk Lamp,1,30.645350027358568,0.05,29.113082525990638,14,15.113082525990638
BM-15338,2025-12-25,Dubai,Store,Fashion,Jacket,1,88.24669447918818,0.05,83.83435975522876,45,38.83435975522876
BM-15339,2025-12-25,Addis Ababa,Online,Beauty,Shampoo,1,11.245764982189574,0.02,11.020849682545782,4,7.020849682545782
BM-15340,2025-12-25,Addis Ababa,Online,Home,Storage Box,2,14.861637725658646,0.02,29.128809942290946,12,17.128809942290946
BM-15341,2025-12-25,Hawassa,Online,Home,Water Bottle,2,11.471341068858617,0.02,22.48382849496289,8,14.48382849496289
BM-15342,2025-12-25,Dubai,Store,Fashion,Sneakers,3,67.00691231097959,0.05,190.9697000862918,111,79.9697000862918
BM-15343,2025-12-25,Bahir Dar,Store,Fashion,Hoodie,1,42.0754866720646,0.05,39.971712338461366,20,19.971712338461366
BM-15344,2025-12-25,Addis Ababa,Store,Fashion,Hoodie,1,40.72299968394675,0.05,38.686849699749416,20,18.686849699749416
BM-15345,2025-12-25,Addis Ababa,Store,Beauty,Perfume,3,54.86115112342857,0.05,156.35428070177144,84,72.35428070177144
BM-15346,2025-12-25,Bahir Dar,Store,Fashion,Jeans,1,49.97531437752498,0.05,47.47654865864873,25,22.47654865864873
BM-15347,2025-12-25,Nairobi,Online,Beauty,Makeup Kit,1,66.4472914168865,0.05,63.12492684604217,35,28.12492684604217
BM-15348,2025-12-25,Addis Ababa,Store,Home,Storage Box,1,15.886351277752672,0.02,15.568624252197619,6,9.568624252197619
BM-15349,2025-12-25,Dubai,Store,Home,Storage Box,2,14.98010547612799,0.02,29.36100673321086,12,17.36100673321086
BM-15350,2025-12-25,Addis Ababa,Online,Fashion,Jacket,1,89.21859546526805,0.05,84.75766569200465,45,39.75766569200465
BM-15351,2025-12-25,Dubai,Store,Beauty,Hair Dryer,1,39.51901301659865,0.05,37.54306236576871,20,17.543062365768712
BM-15352,2025-12-26,Nairobi,Online,Home,Coffee Maker,1,94.81103215149354,0.05,90.07048054391885,45,45.07048054391885
BM-15353,2025-12-26,Dubai,Store,Fashion,Jacket,1,87.8556927402854,0.05,83.46290810327113,45,38.46290810327113
BM-15354,2025-12-26,Dubai,Online,Beauty,Makeup Kit,1,73.82471244657224,0.05,70.13347682424362,35,35.133476824243616
BM-15355,2025-12-26,Addis Ababa,Online,Electronics,Smart Watch,1,77.61117842698974,0.05,73.73061950564025,48,25.73061950564025
BM-15356,2025-12-26,Dubai,Store,Home,Storage Box,3,14.981673551314552,0.02,44.04612024086478,18,26.04612024086478
BM-15357,2025-12-26,Addis Ababa,Online,Electronics,Wireless Earbuds,3,45.65547483396638,0.05,130.1181032768042,75,55.11810327680419
BM-15358,2025-12-26,Dubai,Online,Fashion,T-Shirt,1,20.301331452298964,0.02,19.895304823252985,8,11.895304823252985
BM-15359,2025-12-26,Addis Ababa,Store,Electronics,Bluetooth Speaker,2,60.31935249544486,0.05,114.60676974134523,70,44.60676974134523
BM-15360,2025-12-26,Dubai,Online,Electronics,Bluetooth Speaker,1,60.212080555999194,0.05,57.20147652819923,35,22.20147652819923
BM-15361,2025-12-26,Addis Ababa,Store,Beauty,Makeup Kit,2,72.0820127954398,0.05,136.9558243113356,70,66.95582431133559
BM-15362,2025-12-26,Addis Ababa,Store,Fashion,Sneakers,1,63.900594762616144,0.05,60.70556502448533,37,23.70556502448533
BM-15363,2025-12-26,Bahir Dar,Online,Fashion,Jeans,1,48.27409924924421,0.05,45.860394286782,25,20.860394286781997
BM-15364,2025-12-26,Dubai,Online,Beauty,Face Cream,1,24.62852517978174,0.02,24.135954676186103,10,14.135954676186103
BM-15365,2025-12-26,Bahir Dar,Online,Fashion,Sneakers,1,66.83170529040869,0.05,63.49012002588825,37,26.490120025888253
BM-15366,2025-12-26,Dubai,Online,Home,Vacuum Cleaner,2,149.42030979209804,0.08,274.9333700174604,160,114.93337001746039
BM-15367,2025-12-26,Addis Ababa,Online,Fashion,Jeans,2,48.48227669323956,0.05,92.11632571715516,50,42.11632571715516
BM-15368,2025-12-26,Addis Ababa,Online,Electronics,Smart Watch,1,78.10016520184169,0.05,74.1951569417496,48,26.1951569417496
BM-15369,2025-12-26,Addis Ababa,Store,Fashion,Hoodie,4,42.140342083141,0.05,160.1332999159358,80,80.1332999159358
BM-15370,2025-12-27,Addis Ababa,Online,Electronics,Tablet,1,209.82132318358788,0.08,193.03561732890086,120,73.03561732890086
BM-15371,2025-12-27,Addis Ababa,Online,Fashion,T-Shirt,1,19.522684838280387,0.02,19.13223114151478,8,11.13223114151478
BM-15372,2025-12-27,Bahir Dar,Online,Electronics,Tablet,2,201.9938887218251,0.08,371.6687552481582,240,131.66875524815822
BM-15373,2025-12-27,Dubai,Online,Electronics,Tablet,1,193.1549941914374,0.08,177.70259465612241,120,57.702594656122415
BM-15374,2025-12-27,Addis Ababa,Online,Beauty,Makeup Kit,3,70.08958353736975,0.05,199.75531308150377,105,94.75531308150377
BM-15375,2025-12-27,Addis Ababa,Online,Fashion,Jacket,2,90.47773008428067,0.05,171.90768716013326,90,81.90768716013326
BM-15376,2025-12-27,Addis Ababa,Online,Electronics,Wireless Earbuds,1,46.04303801369125,0.05,43.74088611300669,25,18.740886113006688
BM-15377,2025-12-27,Addis Ababa,Online,Beauty,Perfume,2,56.67096132938018,0.05,107.67482652582233,56,51.674826525822326
BM-15378,2025-12-27,Nairobi,Online,Electronics,Smartphone,2,587.9854527510869,0.1,1058.3738149519563,700,358.3738149519563
BM-15379,2025-12-27,Dubai,Online,Home,Coffee Maker,1,89.47930893186296,0.05,85.0053434852698,45,40.005343485269805
BM-15380,2025-12-27,Dubai,Online,Electronics,Laptop,1,1191.859823821718,0.1,1072.6738414395463,500,572.6738414395463
BM-15381,2025-12-27,Nairobi,Online,Beauty,Face Cream,1,23.526241146075378,0.02,23.05571632315387,10,13.05571632315387
BM-15382,2025-12-27,Nairobi,Store,Home,Desk Lamp,2,28.969776541653875,0.05,55.04257542914236,28,27.04257542914236
BM-15383,2025-12-27,Dubai,Online,Home,Desk Lamp,1,29.954217527997525,0.05,28.456506651597646,14,14.456506651597646
BM-15384,2025-12-27,Addis Ababa,Store,Home,Coffee Maker,1,91.57494533450084,0.05,86.9961980677758,45,41.996198067775794
BM-15385,2025-12-27,Dubai,Store,Electronics,Smart Watch,4,82.21202087786688,0.05,312.4056793358941,192,120.40567933589409
BM-15386,2025-12-27,Dubai,Store,Beauty,Perfume,1,56.896908537581375,0.05,54.052063110702306,28,26.052063110702306
BM-15387,2025-12-27,Addis Ababa,Store,Fashion,Jacket,4,89.84114596871765,0.05,341.3963546811271,180,161.3963546811271
BM-15388,2025-12-27,Dubai,Online,Beauty,Perfume,1,54.04459610127317,0.05,51.34236629620951,28,23.342366296209512
BM-15389,2025-12-27,Dubai,Online,Fashion,Hoodie,2,41.77899483641313,0.05,79.38009018918495,40,39.380090189184955
BM-15390,2025-12-27,Nairobi,Online,Beauty,Hair Dryer,1,38.58046885881758,0.05,36.6514454158767,20,16.6514454158767
BM-15391,2025-12-27,Bahir Dar,Online,Fashion,Sneakers,4,67.57455284838294,0.05,256.78330082385514,148,108.78330082385514
BM-15392,2025-12-27,Addis Ababa,Online,Beauty,Perfume,3,57.597727747263626,0.05,164.15352407970133,84,80.15352407970133
BM-15393,2025-12-27,Bahir Dar,Store,Beauty,Face Cream,2,24.015835334430584,0.02,47.071037255483944,20,27.071037255483944
BM-15394,2025-12-28,Hawassa,Store,Electronics,Wireless Earbuds,2,44.04033225032239,0.05,83.67663127561255,50,33.67663127561255
BM-15395,2025-12-28,Bahir Dar,Online,Electronics,Tablet,1,190.4480467271194,0.08,175.21220298894985,120,55.212202988949855
BM-15396,2025-12-28,Dubai,Store,Fashion,Jacket,1,92.70384621590473,0.05,88.06865390510949,45,43.068653905109485
BM-15397,2025-12-28,Dubai,Store,Beauty,Hair Dryer,1,40.76614459492424,0.05,38.727837365178026,20,18.727837365178026
BM-15398,2025-12-28,Nairobi,Store,Electronics,Laptop,1,1212.171979640119,0.1,1090.9547816761071,500,590.9547816761071
BM-15399,2025-12-28,Dubai,Store,Fashion,Jacket,1,91.78731131776175,0.05,87.19794575187366,45,42.19794575187366
BM-15400,2025-12-28,Addis Ababa,Store,Home,Desk Lamp,2,30.250461615653762,0.05,57.47587706974215,28,29.475877069742147
BM-15401,2025-12-28,Dubai,Online,Home,Storage Box,1,14.733504283873025,0.02,14.438834198195563,6,8.438834198195563
BM-15402,2025-12-28,Nairobi,Store,Fashion,Jacket,1,88.40497725769518,0.05,83.98472839481042,45,38.98472839481042
BM-15403,2025-12-28,Addis Ababa,Online,Home,Desk Lamp,1,27.95621546905846,0.05,26.558404695605535,14,12.558404695605535
BM-15404,2025-12-28,Hawassa,Online,Home,Coffee Maker,1,92.52031157900164,0.05,87.89429600005155,45,42.894296000051554
BM-15405,2025-12-28,Dubai,Online,Beauty,Hair Dryer,3,38.88399848538286,0.05,110.81939568334114,60,50.81939568334114
BM-15406,2025-12-28,Dubai,Store,Beauty,Face Cream,1,23.23383832943745,0.02,22.7691615628487,10,12.769161562848701
BM-15407,2025-12-28,Addis Ababa,Store,Home,Storage Box,1,13.994037660758854,0.02,13.714156907543677,6,7.714156907543677
BM-15408,2025-12-28,Dubai,Store,Home,Vacuum Cleaner,1,153.94051561956502,0.08,141.62527436999983,80,61.62527436999983
BM-15409,2025-12-28,Dubai,Online,Home,Storage Box,2,15.37810162709672,0.02,30.141079189109572,12,18.141079189109572
BM-15410,2025-12-28,Addis Ababa,Store,Beauty,Face Cream,1,22.988303468587297,0.02,22.52853739921555,10,12.528537399215551
BM-15411,2025-12-28,Addis Ababa,Online,Home,Desk Lamp,3,30.92324503246972,0.05,88.1312483425387,42,46.1312483425387
BM-15412,2025-12-28,Dubai,Online,Fashion,Jeans,2,49.009607009078785,0.05,93.11825331724968,50,43.11825331724968
BM-15413,2025-12-29,Nairobi,Online,Home,Coffee Maker,1,93.8387934054149,0.05,89.14685373514415,45,44.14685373514415
BM-15414,2025-12-29,Nairobi,Store,Home,Vacuum Cleaner,1,149.97761416779585,0.08,137.97940503437218,80,57.97940503437218
BM-15415,2025-12-29,Dubai,Store,Electronics,Tablet,1,204.6559170741959,0.08,188.28344370826025,120,68.28344370826025
BM-15416,2025-12-29,Addis Ababa,Online,Home,Desk Lamp,1,31.68018865854863,0.05,30.096179225621196,14,16.096179225621196
BM-15417,2025-12-29,Addis Ababa,Online,Electronics,Laptop,1,1214.0459716806986,0.1,1092.6413745126288,500,592.6413745126288
BM-15418,2025-12-29,Addis Ababa,Online,Fashion,Jacket,2,90.54053052101953,0.05,172.02700798993712,90,82.02700798993712
BM-15419,2025-12-29,Addis Ababa,Store,Electronics,Smartphone,2,634.2140096386947,0.1,1141.5852173496505,700,441.5852173496505
BM-15420,2025-12-29,Dubai,Store,Fashion,Jacket,1,90.28987852116785,0.05,85.77538459510946,45,40.77538459510946
BM-15421,2025-12-29,Nairobi,Online,Home,Storage Box,1,14.907112395719087,0.02,14.608970147804705,6,8.608970147804705
BM-15422,2025-12-29,Bahir Dar,Store,Fashion,Sneakers,1,67.49468801792266,0.05,64.11995361702652,37,27.119953617026525
BM-15423,2025-12-29,Dubai,Online,Beauty,Hair Dryer,2,40.526391325444486,0.05,77.00014351834452,40,37.000143518344515
BM-15424,2025-12-29,Dubai,Online,Beauty,Hair Dryer,2,39.54419759360149,0.05,75.13397542784283,40,35.13397542784283
BM-15425,2025-12-29,Hawassa,Store,Electronics,Wireless Earbuds,1,44.36307177474903,0.05,42.14491818601158,25,17.14491818601158
BM-15426,2025-12-29,Dubai,Store,Beauty,Perfume,1,55.13729709232681,0.05,52.380432237710465,28,24.380432237710465
BM-15427,2025-12-29,Addis Ababa,Store,Beauty,Makeup Kit,1,72.53235125794647,0.05,68.90573369504915,35,33.90573369504915
BM-15428,2025-12-29,Addis Ababa,Store,Fashion,Jeans,1,48.634638225440575,0.05,46.202906314168544,25,21.202906314168544
BM-15429,2025-12-29,Dubai,Online,Electronics,Phone Charger,1,17.988517967946606,0.02,17.628747608587673,7,10.628747608587673
BM-15430,2025-12-29,Dubai,Online,Fashion,Jacket,1,91.16847661045128,0.05,86.61005277992871,45,41.61005277992871
BM-15431,2025-12-29,Dubai,Store,Electronics,Smartphone,1,584.6681473834165,0.1,526.2013326450748,350,176.20133264507479
BM-15432,2025-12-30,Addis Ababa,Online,Fashion,Hoodie,1,41.23320819079855,0.05,39.17154778125862,20,19.171547781258617
BM-15433,2025-12-30,Addis Ababa,Online,Home,Storage Box,1,14.86892559052921,0.02,14.571547078718625,6,8.571547078718625
BM-15434,2025-12-30,Dubai,Store,Home,Storage Box,2,14.703587356567878,0.02,28.81903121887304,12,16.81903121887304
BM-15435,2025-12-30,Addis Ababa,Store,Beauty,Makeup Kit,1,68.50734399557733,0.05,65.08197679579845,35,30.081976795798454
BM-15436,2025-12-30,Dubai,Store,Electronics,Smart Watch,1,81.59197997689661,0.05,77.51238097805178,48,29.51238097805178
BM-15437,2025-12-30,Nairobi,Store,Home,Storage Box,1,14.206773889743786,0.02,13.92263841194891,6,7.92263841194891
BM-15438,2025-12-30,Hawassa,Store,Fashion,Jeans,1,49.92730921843735,0.05,47.43094375751548,25,22.43094375751548
BM-15439,2025-12-30,Addis Ababa,Store,Fashion,T-Shirt,1,20.344405500407497,0.02,19.937517390399346,8,11.937517390399346
BM-15440,2025-12-30,Hawassa,Online,Fashion,Jeans,1,47.475078064540725,0.05,45.101324161313684,25,20.101324161313684
BM-15441,2025-12-30,Hawassa,Online,Electronics,Tablet,3,197.52117030126678,0.08,545.1584300314963,360,185.15843003149632
BM-15442,2025-12-30,Nairobi,Online,Home,Vacuum Cleaner,1,153.1843225918485,0.08,140.92957678450063,80,60.929576784500625
BM-15443,2025-12-30,Addis Ababa,Online,Fashion,Hoodie,1,40.41062802555326,0.05,38.39009662427559,20,18.390096624275593
BM-15444,2025-12-30,Bahir Dar,Online,Electronics,Smart Watch,1,81.49617928877183,0.05,77.42137032433324,48,29.42137032433324
BM-15445,2025-12-30,Dubai,Online,Beauty,Makeup Kit,1,70.92813462625922,0.05,67.38172789494625,35,32.38172789494625
BM-15446,2025-12-31,Bahir Dar,Online,Beauty,Makeup Kit,1,68.5474659614224,0.05,65.12009266335129,35,30.120092663351286
BM-15447,2025-12-31,Addis Ababa,Online,Fashion,Jeans,1,50.83215827794141,0.05,48.290550364044336,25,23.290550364044336
BM-15448,2025-12-31,Hawassa,Online,Electronics,Bluetooth Speaker,4,58.45456498159717,0.05,222.12734693006925,140,82.12734693006925
BM-15449,2025-12-31,Dubai,Store,Beauty,Face Cream,1,24.468629313273283,0.02,23.979256727007815,10,13.979256727007815
BM-15450,2025-12-31,Nairobi,Store,Beauty,Perfume,2,53.41423000604749,0.05,101.48703701149023,56,45.48703701149023
BM-15451,2025-12-31,Addis Ababa,Store,Home,Water Bottle,3,11.634198960812068,0.02,34.20454494478747,12,22.20454494478747
BM-15452,2025-12-31,Addis Ababa,Online,Fashion,Jeans,1,50.92880493502799,0.05,48.38236468827659,25,23.38236468827659
BM-15453,2025-12-31,Bahir Dar,Online,Home,Desk Lamp,2,30.313402957381147,0.05,57.595465619024175,28,29.595465619024175
BM-15454,2025-12-31,Hawassa,Store,Electronics,Smartphone,1,588.3456093545625,0.1,529.5110484191063,350,179.51104841910626
BM-15455,2025-12-31,Dubai,Store,Electronics,Smartphone,2,627.1425872109113,0.1,1128.8566569796403,700,428.8566569796403
BM-15456,2025-12-31,Dubai,Store,Fashion,Sneakers,2,65.683673860371,0.05,124.7989803347049,74,50.79898033470489
BM-15457,2025-12-31,Addis Ababa,Online,Fashion,Jacket,1,88.99298918879813,0.05,84.54333972935822,45,39.54333972935822
BM-15458,2025-12-31,Bahir Dar,Store,Electronics,Laptop,1,1217.8209878268588,0.1,1096.038889044173,500,596.038889044173
BM-15459,2025-12-31,Addis Ababa,Store,Home,Storage Box,3,14.427262297339935,0.02,42.4161511541794,18,24.416151154179403
BM-15460,2025-12-31,Bahir Dar,Online,Electronics,Smart Watch,4,77.0052955715953,0.05,292.6201231720621,192,100.62012317206211
BM-15461,2025-12-31,Bahir Dar,Online,Fashion,Hoodie,3,43.25635636137827,0.05,123.28061562992808,60,63.28061562992808
BM-15462,2025-12-31,Dubai,Store,Home,Vacuum Cleaner,1,151.27628462218524,0.08,139.17418185241044,80,59.17418185241044
BM-15463,2025-12-31,Hawassa,Online,Fashion,Sneakers,1,66.272565473617,0.05,62.95893719993614,37,25.958937199936138
BM-15464,2025-12-31,Nairobi,Store,Home,Coffee Maker,3,89.82937121246138,0.05,256.0137079555149,135,121.01370795551492
BM-15465,2025-12-31,Bahir Dar,Store,Beauty,Makeup Kit,1,69.32157813329192,0.05,65.85549922662732,35,30.855499226627316
BM-15466,2025-12-31,Dubai,Store,Fashion,T-Shirt,1,19.713450084230402,0.02,19.319181082545793,8,11.319181082545793
